Battery_ID,Cycle_Index,Discharge_Capacity_Ah,SOH_Pct,Max_Discharge_Voltage_V,Min_Discharge_Voltage_V,Mean_Discharge_Voltage_V,Mean_Discharge_Current_A,Max_Discharge_Temp_C,Mean_Discharge_Temp_C,Discharge_Duration_s,Time_to_3_5V_s,Time_to_3_2V_s,CC_Charge_Time_s,CV_Charge_Time_s,Total_Charge_Time_s,Max_Charge_Temp_C,Electrolyte_Resistance_Re,Charge_Transfer_Resistance_Rct,RUL
B0005,1,1.383806949407692,1.3838069494076926,-0.04356619775552215,1.0227403448643124,0.657039012588541,0.1497063970437844,-0.40995800191360404,0.2522442330504624,2.3687616797486273,1.1669149770355802,1.2610639401450836,-2.5204005917021712,-1.136169122372546,-3.2805182333232774,-1.3046208896116416,-1.579926163440089,-1.5266154946253507,124
B0005,2,1.332650130800279,1.3326501308002787,-0.244141280557954,0.9077889839148838,0.814772647737505,0.16083318949632264,-0.3743266090441234,0.4098182147603607,2.2948381196522303,1.2909640247485932,1.2197593983831374,1.2799857043032028,-0.7754140888377506,0.15835178877582567,-0.33387037045739715,-1.579926163440089,-1.5266154946253507,123
B0005,3,1.2773752354990207,1.277375235499021,-0.4292972803973795,1.2022742695138955,0.9498749997903425,0.17128966683537863,-0.5236246323397984,0.32493081599801593,2.209290916484219,1.2918468742125697,1.220655923944533,1.2755833861734267,-0.8055078406169155,0.12128594039541654,-0.22570491781143484,-1.579926163440089,-1.5266154946253507,122
B0005,4,1.2769388659137875,1.2769388659137872,-0.3972743729218285,0.9339081066989107,0.9483880652658534,0.08260905951079327,-0.5629262219811345,0.19303910197833937,2.12632628598587,1.3342149504591794,1.2206927044803852,1.245280394343442,-0.8753932533652873,0.019164831976467504,-0.2753272604512998,-1.579926163440089,-1.5266154946253507,121
B0005,5,1.2738321516973823,1.2738321516973827,-0.4162505420739224,0.7267098579347828,0.9205351909408085,0.07749664907974915,-0.6303478152813006,0.05646679157058689,2.1164463959808115,1.331905625013999,1.2167066139074103,1.24378198388453,-0.7714488765670036,0.1338435241025863,-0.2625362502039046,-1.579926163440089,-1.5266154946253507,120
B0005,6,1.2789485120073818,1.2789485120073811,-0.3558790181534436,0.6062382465233258,0.8993007134987824,0.16812992864465132,-0.5703072190584195,0.10988195602598134,2.211935470897952,1.332516661219362,1.219543312735006,1.2450739204613088,-0.45791803065447295,0.48439643962327217,-0.3063000692747225,-1.579926163440089,-1.5266154946253507,119
B0005,7,1.2763528650625482,1.2763528650625482,-0.40538341054469,0.4559617027689707,0.892780253143317,0.1683221400768272,-0.5222996429402701,0.157527332166129,2.205931505955523,1.3713511651039956,1.2171732669560342,1.2649839019527573,-0.47502943855279184,0.4812299393022167,-0.2844963846120431,-1.579926163440089,-1.5266154946253507,118
B0005,8,1.229077145915841,1.2290771459158403,-0.34279787480876184,1.262747684134907,1.1687760930902937,-0.1000783996818646,-0.7334938661373763,0.08543766803879953,1.8820768931799405,1.377602870052107,1.1788479485981105,1.2651903758348906,-1.1754301151039708,-0.2994037198621291,-0.24745050438230307,-1.579926163440089,-1.5266154946253507,117
B0005,9,1.2241280206634853,1.2241280206634853,-0.3309683396766749,0.9835615627513218,1.1435584142641089,-0.19391151946428103,-0.7271367921845617,0.019153499202851074,1.7917529636021232,1.37359308086104,1.1750756448897757,1.2415255193154995,-1.136912269327054,-0.2753739066702327,-0.1665877296807624,-1.579926163440089,-1.5266154946253507,116
B0005,10,1.2233194721007619,1.223319472100761,-0.30830626010218776,0.75144137878824,1.107135836732529,-0.19018206017351758,-0.7266404939521611,-0.05230624840009668,1.7944636318762,1.3744454872400524,1.1756871212983175,1.2340364166478273,-1.1165957098411783,-0.2587094180062718,-0.11004894711986968,-1.579926163440089,-1.5266154946253507,115
B0005,11,1.2233511132158543,1.2233511132158537,-0.34417919411125275,0.3855170697429239,1.0668486957776762,-0.2855613874884619,-0.7165856997403686,-0.17566373299624416,1.7076891901755655,1.3752587525098239,1.1766572079314177,1.230970279498144,-1.1595565807244586,-0.30905170576777913,-0.1449974834786199,-1.579926163440089,-1.5266154946253507,114
B0005,12,1.170898045851406,1.1708980458514053,-0.2321163690351488,1.1915669106259286,1.2872306463883574,-0.3789765493493782,-0.7301236998020469,0.03763122135714825,1.545569740381152,1.3757023517478815,1.1776272945645179,1.235326878411162,-1.2748807256098116,-0.4341325930312092,-0.10131787909039675,-1.579926163440089,-1.5266154946253507,113
B0005,13,1.168633397748937,1.1686333977489372,-0.3009106898444745,0.8408416229574289,1.2519158992021893,-0.4728989142650534,-0.6880260009914984,-0.009644811645998005,1.4598903094924536,1.3758371711241535,1.13147002085358,0.8172865833226022,-1.425948864766238,-0.936577355548982,0.19573419816968654,-1.579926163440089,-1.5266154946253507,112
B0005,14,1.1670641470674723,1.167064147067472,-0.35331633183219496,0.6246270070385755,1.2015999313514862,-0.4721904878272898,-0.7312927414539776,-0.17566704234682062,1.458729184820174,1.3338757275124298,1.1309688860525948,1.1972575189860684,-1.3119461049351195,-0.5058720323853513,0.030041090574225535,-1.579926163440089,-1.5266154946253507,111
B0005,15,1.1124718396672009,1.1124718396672009,-0.32150898425082647,1.3966235401377247,1.3501348948856684,-0.4649493209387643,-0.9446695182142929,-0.29213681809014086,1.3773140979236216,1.3337387336300883,1.1318309298616294,1.2093775358673062,-0.4689510673033088,0.4435736865076491,0.08912535635743325,-1.579926163440089,-1.5266154946253507,110
B0005,16,1.1099991168640637,1.1099991168640642,-0.3096313764766253,1.148502323286012,1.3228760325883644,-0.566197092692551,-0.9552608899956422,-0.408046030899815,1.2909941890128482,1.3320078267992377,1.1286701025618364,1.2130896413053798,-1.3556511798809465,-0.5419432673415072,0.03401551762589756,-1.579926163440089,-1.5266154946253507,109
B0005,17,1.1123786773964695,1.1123786773964692,-0.3460566289948418,0.8472372551915361,1.2995021409895904,-0.6692391904655447,-0.8711457365760706,-0.39767725460763625,1.208670036536574,1.2938843863991367,1.085101259061493,1.1620227509999796,-1.2360647753646534,-0.4494347912704755,-0.07843926028014465,-1.579926163440089,-1.5266154946253507,108
B0005,18,1.1148398703351619,1.1148398703351612,-0.3600814809988476,0.48468911643934626,1.2737486995871745,-0.7723528713977066,-0.7601920215464165,-0.37361120363382316,1.129903636170027,1.293477753764251,1.0868230478960705,1.165202448784836,-1.3062303217445204,-0.5251137954081253,-0.04706204648885562,-1.579926163440089,-1.5266154946253507,107
B0005,19,1.1133762381637256,1.1133762381637256,-0.3025683350643578,0.3092018621665531,1.2478059949912939,-0.7705325255766511,-0.7129985948526721,-0.3723405372561583,1.129321007775751,1.2921186874711834,1.0857104366865435,1.167485459995856,-1.2513103875663942,-0.4620654389969645,0.05833600949870664,-1.579926163440089,-1.5266154946253507,106
B0005,20,1.3361683375084386,1.3361683375084383,-0.496133568767401,1.112282852719693,1.1246493165957208,-0.20728600794063154,-0.7819366202920957,0.04521804155872559,1.9617482270099371,1.4578551910312372,1.267493637568735,1.1631760551130401,-1.0693059815202226,-0.2626124507801221,0.16735334063858018,-1.579926163440089,-1.5266154946253507,105
B0005,21,1.3381386290890231,1.3381386290890223,-0.49441555095132206,0.5235398221731358,1.1357942204836966,-0.39583768359131843,-0.40293528993515654,0.3840703184230433,1.7987899576124176,1.499614405578553,1.2697924210594933,1.1215111005119351,-0.9014573092830569,-0.10878912107882478,-0.4992767142742907,-1.579926163440089,-1.5266154946253507,104
B0005,22,1.2815453881828178,1.2815453881828174,-0.5156046016329356,1.0456790598303491,1.2247983495923027,-0.3873393490254077,-0.735503227622486,-0.005039745420014861,1.7131766405840627,1.4605080884353059,1.2247155755892123,1.3644644931781407,-1.0821900143530394,-0.1161355903759885,-0.32643780038330356,-1.579926163440089,-1.5266154946253507,103
B0005,23,1.2291977703086647,1.2291977703086638,-0.5276489458855136,1.3941324102801387,1.3219881126199267,-0.47858882070581427,-0.9779029385244703,-0.34996130304765993,1.553383572250481,1.4169483828629341,1.2261523152709364,1.3715155762530011,-1.0890284462857087,-0.11812481722449049,-0.34124311541120195,-1.579926163440089,-1.5266154946253507,102
B0005,24,1.2258388778687208,1.2258388778687208,-0.5166594951492115,1.0741669003592358,1.2209401330780056,-0.3816106144518794,-0.9782884319552978,-0.446316642286019,1.6306004290152307,1.3750543489393463,1.2230995307952093,1.309549814597838,-1.2556043604386338,-0.3533355721855777,-0.5403438400365077,-1.579926163440089,-1.5266154946253507,101
B0005,25,1.22819457300156,1.2281945730015593,-0.4812741267596309,0.5158184583311876,1.2643857549716895,-0.7783182129139115,-0.9015988558688748,-0.5638575597592925,1.3014484431796602,1.3763807976413747,1.180606517968533,1.2712754561040551,-0.4717767171032891,0.48988331178361144,-0.6343661550753649,-1.579926163440089,-1.5266154946253507,100
B0005,26,1.1700380202634622,1.1700380202634615,-0.420615712128376,1.3528293046088333,1.3786933281992981,-0.6720678770753145,-1.1056718897174573,-0.6583044666244674,1.2980931647672136,1.3328232665750783,1.1774479894522387,1.2586923478014593,-1.2007351674465871,-0.3328057612093552,-0.6682395945401276,-1.579926163440089,-1.5266154946253507,99
B0005,27,1.173754211575123,1.173754211575123,-0.5282627292527569,0.7252966222617111,1.283626912493487,-0.7734441399495507,-1.016037173833025,-0.7531115221210962,1.2207440802817766,1.3359806493871327,1.1353135868501278,1.261457623008605,-1.2243869028093484,-0.3569628472091033,-0.6964873962187225,-1.579926163440089,-1.5266154946253507,98
B0005,28,1.1697271632452324,1.1697271632452326,-0.502407168205837,0.38035836804890827,1.2256235574830048,-0.7750207888441892,-0.9622530127409596,-0.7852240943480427,1.213645104527411,1.2915402688568536,1.131794149325777,1.2106001562122266,-0.618515998822041,0.2778173526191486,-0.718725725430549,-1.579926163440089,-1.5266154946253507,97
B0005,29,1.1133160214001319,1.1133160214001323,-0.44504988232213466,1.2453876499681658,1.343697648709136,-0.6674763621282334,-1.0942761076561303,-0.7587807498244815,1.2137690680155537,1.2918794918036032,1.130571196508693,1.2111768082687568,-0.6751865039200211,0.21510249810261048,-0.7638583518213556,-1.579926163440089,-1.5266154946253507,96
B0005,30,1.1199188403655573,1.1199188403655573,-0.4898985507246079,0.7009636426415161,1.2742078392168674,-0.769577327078425,-0.9581551540443325,-0.746168483231247,1.139395107245568,1.2549824728263672,1.0914573954134397,1.2123743567851313,-1.12021313356565,-0.2800511823584536,-0.7489495692831533,-1.579926163440089,-1.5266154946253507,95
B0005,31,1.360218468576838,1.360218468576838,1.0743142928245446,1.097613306080234,1.2357911157230346,-0.8431895583951038,-0.7746557914914365,-0.4245650962566503,1.4615059669545942,1.3364916583133264,1.2741739023928786,1.1626451222732679,-0.401180927749767,0.48178145480286183,-0.7250183404259195,-1.579926163440089,-1.5266154946253507,94
B0005,32,1.2539857422694654,1.2539857422694654,0.9053382316843904,1.1082437179077393,1.3316898596511129,-0.9334515023904986,-0.7514893319526913,-0.25394765368937433,1.2277810742920707,1.3568776527093418,1.1881856071375707,1.1809888518873892,-0.7817398233693839,0.07219634702962062,-0.5295156507749317,-1.579926163440089,-1.5266154946253507,93
B0005,33,1.199608688256634,1.1996086882566341,0.9322967091412937,1.2157626857254085,1.3293285469861404,-0.9277760628435828,-0.874300891987776,-0.4923437185628643,1.1497253979242148,1.2961610942532837,1.144616763637227,-3.416950007888986,-6.7552100132719195,-10.260949756671875,-3.0590014839651056,-1.579926163440089,-1.5266154946253507,92
B0005,34,1.1462567244843844,1.1462567244843844,0.8447818082024727,1.307183126520375,1.286631511304127,-0.8696191107273252,-1.1893131808669606,-0.8881690827553456,1.111631418017636,1.2339854422249885,1.1012272252491626,1.2424458029044374,-1.1738275393101933,-0.31579127232383203,-0.5146517549684363,-1.579926163440089,-1.5266154946253507,91
B0005,35,1.1226018316676787,1.1226018316676778,0.9492443698131909,1.0386834356476244,1.2416364948950134,-0.919460728074192,-1.158200717026667,-0.9462301549533111,1.0380260308741402,1.1952161735224218,1.0817243461135688,1.1943300143001034,-1.1137214330712055,-0.2872326683861855,-0.45972111849890035,-1.579926163440089,-1.5266154946253507,90
B0005,36,1.0962543014395834,1.0962543014395838,0.9115105481369943,1.2319933616631475,1.2864846156788898,-0.8677966063395001,-0.8567007689441991,-0.4382879042258865,1.0383524680595864,1.2159435653712563,1.0593112070786745,1.1364214644288646,-0.529106857620342,0.31821704149388796,-0.6106287760020455,-1.579926163440089,-1.5266154946253507,89
B0005,37,1.0412020747087871,1.0412020747087876,0.8542653121466629,1.411736177826069,1.272545762826718,-0.8080866231779441,-1.041365411762429,-0.6992396973888597,0.9989031540159692,1.1527132778995401,1.015238929993855,1.089457505124147,-1.1499760105272334,-0.41144739348512815,-0.786730139175217,-1.579926163440089,-1.5266154946253507,88
B0005,38,1.0134077486376893,1.0134077486376887,0.9508716961072671,1.246920846558693,1.229461837961298,-0.8571277244756513,-1.0428037560220103,-0.8644095678847901,0.9194880113948026,1.1124849156247358,0.992897053247174,1.0674267419004981,-0.5614311073710531,0.22705200061675543,-0.6866409756435186,-1.579926163440089,-1.5266154946253507,87
B0005,39,0.9636146112707423,0.9636146112707418,0.8604089561924391,1.4178603311496336,1.2133055132863868,-0.8004420305283882,-1.2314717344659818,-1.0280054411640447,0.885460033899339,1.0721173849615222,0.9516614749899499,1.0500755617340618,-0.6679844268204177,0.09440309509436727,-0.5606525083854335,-1.579926163440089,-1.5266154946253507,86
B0005,40,0.9636349491729614,0.963634949172962,0.8788974421893109,1.0242234758800182,1.1507182838387222,-0.857431812312923,-0.8158580059253844,-0.7811383847792158,0.8438206982318498,1.0518683844478476,0.9293931593149737,0.9963820286852345,-1.124936292303501,-0.457905503703572,-0.6964329783209853,-1.579926163440089,-1.5266154946253507,85
B0005,41,0.9376257479835712,0.9376257479835705,0.900245463377949,1.2559284357168141,1.2136895226519906,-0.8005541337673353,-0.571978753689161,-0.2227247853444932,0.8465313665059265,1.0717803365208414,0.9293954580984649,0.9671866217515521,-0.45999947639190364,0.2600297992711731,-0.7783179442994538,-1.579926163440089,-1.5266154946253507,84
B0005,42,0.9096458549613294,0.9096458549613292,0.8965410646875595,1.270213670027241,1.2145972171414177,-0.7970390531611699,-0.4860861025395141,-0.057584058160880094,0.8051440899309951,1.0516313632863368,0.9068007151678004,0.9193938172914129,-0.3563035199838177,0.3374399492858709,-0.890610829070136,-1.579926163440089,-1.5266154946253507,83
B0005,43,0.9363427295289312,0.9363427295289313,0.25983733529255565,1.350245412868078,1.270210320152615,-0.7537798526955404,-0.7429475922070973,-0.5000736286213046,0.8694522154637085,1.0012089165604905,0.9432571225477374,0.9260525999902194,-0.5335837101840873,0.14513073663517823,-0.6205628405912385,-1.579926163440089,-1.5266154946253507,82
B0005,44,0.911424679175249,0.9114246791752486,1.0328894756570492,1.171816721343657,1.1542169841358867,-0.7964127939365347,-0.9053590011045753,-0.5850670868384905,0.8061771189988598,1.011470410699669,0.8870081893123705,0.9130329469082559,-0.7969854355711219,-0.15890985987853132,-0.3861935517254012,-1.579926163440089,-1.5266154946253507,81
B0005,45,0.8563521057840343,0.8563521057840339,0.84415317194609,1.2406655297410973,1.103060022818498,-0.7897268194596929,-1.011970368827969,-0.9361694702640543,0.7280553287706603,0.9285325747254372,0.8424692591789268,0.885610265734034,-0.8624923068037843,-0.253848303817828,-0.40541600049594434,-1.579926163440089,-1.5266154946253507,80
B0005,46,0.8066015162416214,0.806601516241621,0.8792187758180525,1.387808834063446,1.109491406179812,-0.7869810825712481,-1.0643707405202107,-1.026324700425374,0.6543218460227495,0.8878627877186445,0.8001578502480281,0.9186328135544063,-0.21098393436733362,0.498832475698051,-0.5115001872295338,-1.579926163440089,-1.5266154946253507,79
B0005,47,0.7776085069074185,0.7776085069074187,0.8470516238764264,1.2870491205916434,1.060760832768021,-0.782736243442512,-0.9681722733738339,-0.9977640781877272,0.611711463031467,0.8673071818492541,0.7765608377153936,0.8727071229141319,-0.226625962085344,0.44469792964359267,-0.6678417478537627,-1.579926163440089,-1.5266154946253507,78
B0005,48,1.0672874907599175,1.067287490759918,-0.1698836159077119,0.9894759557330494,1.2873488382303657,-1.0211154736666634,0.7936027682364375,2.0438633636332897,0.8758404672193831,1.2147867281425966,1.0153469728179205,0.8228613781402073,-0.6575793123493523,-0.0755532414529488,-0.7653785670714878,-1.579926163440089,-1.5266154946253507,77
B0005,49,1.0147469365834625,1.014746936583462,0.9416944660244929,1.2937266430938013,1.3416837075380632,-0.9103295562613595,0.21831432759215785,1.1421282279325882,0.8771999334726938,1.1937570799501847,0.9938671398802741,0.7812450923827488,-0.11164960574626515,0.49978937866072193,-0.7750450515508374,-1.579926163440089,-1.5266154946253507,76
B0005,50,0.9350684383329996,0.9350684383329998,0.8753075026450559,1.3040083269414733,1.257278398097238,-0.9026221645491221,-0.27033651936254705,0.3497862730142726,0.7627940302648148,1.0721891436617959,0.9292138542026946,0.8116395226462495,-1.0418539427414826,-0.5129050334705995,-0.4894992097033366,-1.579926163440089,-1.5266154946253507,75
B0005,51,0.8829738369047904,0.8829738369047897,0.835467552077693,1.1068165479454282,1.1662461471168193,-0.8968960131253914,-0.4312579079257792,-0.04464269793500785,0.688349823518213,0.99071257576587,0.8650640021095913,1.1525986930940275,-1.162398087145084,-0.374842319807187,0.6107557916645993,-1.579926163440089,-1.5266154946253507,74
B0005,52,0.8318824941296743,0.8318824941296736,0.8831410955189711,1.252588402607616,1.131778000844234,-0.8394539875139124,-0.6706161700241585,-0.3299344874634391,0.6534830264196435,0.930811457085653,0.8232192462273166,1.0389923387038222,-0.7504895953907527,-0.006428786919208545,0.30079091669973324,-1.579926163440089,-1.5266154946253507,73
B0005,53,0.8059351089462128,0.8059351089462128,0.907507648154598,1.0249010205440559,1.0737198591139803,-0.8381531175569363,-0.4529671449430035,-0.27173176568884,0.6143560174452001,0.9083857759970013,0.7786803160938729,0.9519311514887624,-1.3427671470481326,-0.7362593836195812,-0.08540749251592282,-1.579926163440089,-1.5266154946253507,72
B0005,54,0.7792758812691593,0.7792758812691598,0.8683787072334661,1.0375423767352843,1.0687165199959803,-0.782881842875128,-0.2356505900243072,0.11334803171616145,0.6161617522558271,0.8876931762452697,0.7562303965231264,0.8960489952893282,-0.39989231304487044,0.2701939471197419,-0.24747817737059014,-1.579926163440089,-1.5266154946253507,71
B0005,55,0.7284180902473315,0.7284180902473312,0.8268398607422051,1.0969312579378627,1.023044516525619,-0.7235795555661283,-0.4219617859018543,-0.16432257900118935,0.5810428960646997,0.8278290241682237,0.7142775978167859,0.8397760135272758,-1.028524867422406,-0.4755634273398635,-0.3847086037100528,-1.579926163440089,-1.5266154946253507,70
B0005,56,0.6754737642133299,0.67547376421333,0.7559359046782302,1.2641392050090408,1.0123767631463514,-0.6638250331602769,-0.5093793865212741,-0.27826965917099705,0.5438497175052984,0.7863068307824194,0.6709225411810826,0.8165019825704944,-0.7275799498744508,-0.1586706341378641,-0.2723699325238545,-1.579926163440089,-1.5266154946253507,69
B0005,57,0.6489230782998854,0.6489230782998849,0.8322133374347794,1.19580396308708,0.9686756638788405,-0.66227856624601,-0.5172470933908899,-0.362365867788399,0.5032434109056739,0.7447215767206166,0.6481875724574825,0.7852315131213699,-0.5042489619800756,0.06530947398300878,-0.24871267437211653,-1.579926163440089,-1.5266154946253507,68
B0005,58,0.6261705022278418,0.6261705022278417,0.8525310241351747,1.1627688031827998,0.9476101659413753,-0.6081341059009224,-0.3001083453239412,-0.11403873522188247,0.5089209386626574,0.7465873029277403,0.6286479127860363,0.7339817459489463,-0.07767309612374945,0.49990015314161484,-0.3171800669850105,-1.579926163440089,-1.5266154946253507,67
B0005,59,0.5974533182972573,0.597453318297257,0.8615138888218656,1.2229052675044914,0.9658323985244424,-0.6030746463369614,-0.15433691117183784,0.2357577764048828,0.46747168034365455,0.7247400404534184,0.6060186881030106,0.6916265786561293,-0.04779288016933569,0.49936631441983614,-0.3848287978853709,-1.579926163440089,-1.5266154946253507,66
B0005,60,0.5685966905776673,0.5685966905776676,0.8624890562490796,1.085135770059132,0.8905723101426957,-0.5445570620651154,-0.19271604194257747,0.07515203034539414,0.46611634620662745,0.6843094491142059,0.5610843672091564,0.6555850877162759,-0.14818537394183465,0.3586509054744397,-0.40937770834415044,-1.579926163440089,-1.5266154946253507,65
B0005,61,0.5198728995374439,0.5198728995374438,0.903995277255301,1.2309733620098333,0.8963726643652934,-0.5387652990544463,-0.32459896610764566,-0.03486869953060979,0.39458114931512217,0.6447269151418679,0.5203890030722609,0.6438794934127481,-0.24268131904831863,0.24395453656945237,-0.17558888598139033,-1.579926163440089,-1.5266154946253507,64
B0005,62,0.46736377901028836,0.46736377901028836,0.8846862178021735,1.3988006160916464,0.8853266379503588,-0.4249553886347571,-0.365377845795262,-0.1973274015168208,0.39768023651871626,0.5823120674459925,0.4766776349954906,0.6133921499022871,-0.06495397214569526,0.41772198664050836,-0.20539622698948268,-1.579926163440089,-1.5266154946253507,63
B0005,63,0.46784255482285175,0.4678425548228518,0.8317689189026308,1.143907640991263,0.820768121895627,-0.47774174789803475,-0.12065072256668603,0.05681354311967378,0.3578425035455818,0.582720874586947,0.47739485544460697,0.5806468670093514,-1.040698523650059,-0.6961920181875376,-0.2470356943824413,-1.579926163440089,-1.5266154946253507,62
B0005,64,0.41319796279398796,0.41319796279398857,0.6909186788734387,1.356116063490192,0.8379829267795192,-0.4120137122681037,-0.32327201573762043,-0.019121406161638668,0.3229137247029408,0.5420489130740859,0.4343294455287396,0.5390748256552067,-0.4997890231450214,-0.12641051270545017,-0.3208147792302639,-1.579926163440089,-1.5266154946253507,61
B0005,65,0.3895206735829171,0.3895206735829164,1.1047698436187368,1.3764026605038755,0.8561700236826052,-0.3593576939832498,-0.08833036362229232,0.2461035451601835,0.32369056256195294,0.5432731599908814,0.4136036135760483,0.4828033187065983,0.002188245230083794,0.3882241565190573,-0.3873879910434961,-1.579926163440089,-1.5266154946253507,60
B0005,66,0.3635408417434193,0.3635408417434198,0.8723843633626097,1.147564348941349,0.7383434227607933,-0.35550911067053803,-0.04303164028789061,0.14208298964492622,0.2864354022585028,0.4825566015348234,0.3705382036601945,0.49061393070502113,0.096964323968064,0.5001205236514974,-0.17076049532839105,-1.579926163440089,-1.5266154946253507,59
B0005,67,0.30714706240719114,0.30714706240719064,0.822931318743225,1.3752005847639985,0.7526096266824983,-0.291648378122675,-0.16459586155939462,0.02009706800985911,0.24569686793819093,0.43971230845912285,0.3254958399422747,0.46591080552118685,-0.2288554029488484,0.11716135865976544,-0.15779487811671514,-1.579926163440089,-1.5266154946253507,58
B0005,68,0.282999340423388,0.2829993404233877,0.7787271112345374,1.2361394205660183,0.6878958168879546,-0.2886110793859848,-0.09337894515344024,0.04532678301620481,0.20914829951713693,0.39995798850734066,0.3044113977650387,0.4054213321232788,-0.5318986799629271,-0.2690020171146063,-0.20318412317167642,-1.579926163440089,-1.5266154946253507,57
B0005,69,0.25720585071476043,0.257205850714761,0.8261626832213201,1.265014770057198,0.6798797914487166,-0.23139642056140738,-0.04014425076770774,0.13184369459156492,0.20966894616734158,0.3791653614764396,0.2607712919764818,0.3795649028263841,0.02481670000684482,0.33095728524935375,-0.26959720383094,-1.579926163440089,-1.5266154946253507,56
B0005,70,0.23212055459006695,0.23212055459006692,0.9003748315060344,1.161633442964761,0.6337524707615892,-0.2255091776825633,0.02104299677489372,0.17788579109148836,0.1739633294656415,0.3588815688656757,0.24058567414412005,0.3314269920203932,-0.11810747878332187,0.13316237889024218,-0.3142232180663875,-1.579926163440089,-1.5266154946253507,55
B0005,71,0.20378636741581846,0.20378636741581888,0.8072911625820809,1.1076140572285516,0.5817936016150151,-0.221786676911595,0.08070659095476004,0.17874219186197757,0.1316132697994857,0.31709191123338265,0.19611800629890233,0.30847447039436243,-0.13006548497012502,0.10149148342006412,-0.28701845019548966,-1.579926163440089,-1.5266154946253507,54
B0005,72,0.14940886820136232,0.1494088682013618,0.8449815029486643,1.403611758680311,0.632944690647155,-0.10541169481883371,-0.025118253044323927,0.1497739990913268,0.13270828061142173,0.29704513978411673,0.17341751932766333,0.28040729574519535,-0.7054631353906899,-0.5623823375195441,-0.2639377902695733,-1.579926163440089,-1.5266154946253507,53
B0005,73,0.12542940943908612,0.12542940943908665,0.7756185191499384,1.2698231728692766,0.5670971973636983,-0.10082652665601453,0.05480817532731081,0.18265669026344933,0.09739108283926341,0.25671457572407463,0.13160724519774963,0.25127973022992806,0.2681333725695114,0.4996974594106137,-0.26039941114886384,-1.579926163440089,-1.5266154946253507,52
B0005,74,0.10000793811287192,0.10000793811287235,0.8014785532745439,1.1494904651089024,0.5065347555600843,-0.09557577884728773,0.08893461901067726,0.19026380605829488,0.060524341465308044,0.21665365041657667,0.11106301714084223,0.22454873656085364,0.25734769920282385,0.46631427329417663,-0.26915464471800926,-1.579926163440089,-1.5266154946253507,51
B0005,75,0.043892511691949236,0.04389251169194941,0.809321379355268,1.416229152707388,0.5484953984572511,-0.02965463694079773,-0.0074388965716060095,0.13332222383340378,0.020368435539272218,0.1750009866666374,0.06691947776780909,0.1757191382497153,0.2590824135020248,0.4292307481349011,-0.2807182488566057,-1.579926163440089,-1.5266154946253507,50
B0005,76,0.020830869606993898,0.02083086960699336,0.8039423653599811,1.2765905948311225,0.47779473107871034,0.024091905798814886,0.04565541210840251,0.12315197857093589,0.0212692368864496,0.15461281776455307,0.04551090711837604,0.15297456531926198,0.33978521285838353,0.5010232178256444,-0.27276111686642146,-1.579926163440089,-1.5266154946253507,49
B0005,77,0.016571602025788806,0.016571602025788716,0.9855928213195378,1.1840878157692918,0.4086978907539587,0.028731018225442197,-0.09161341487304754,0.0013829056794537886,0.01939738821547888,0.11336678664950044,0.022129980233872956,0.12200348299923096,0.361786802565409,0.5008028473157641,-0.2942468977222064,-1.579926163440089,-1.5266154946253507,48
B0005,78,0.06985898273598852,0.0698589827359878,1.0806063461704345,1.3035175129871432,0.5276663329611477,-0.08973954280243909,0.1861458896982695,0.5331195606391073,0.016042109803054767,0.19582840579464172,0.08947514137913008,0.07471801436376277,-0.00289961578274103,0.0564710845494707,-0.32094955171950346,-1.579926163440089,-1.5266154946253507,47
B0005,79,-0.03485068810034758,-0.03485068810034722,0.7335407216322237,1.3721895063075864,0.43212747792173667,0.04160075193004384,-0.1067942625206754,-0.010551556993784485,-0.054336094532431864,0.07368205089192364,0.0033788032997564862,0.044506460967294215,0.41786321294300627,0.5013920732780021,-0.35682139484743525,-1.579926163440089,-1.5266154946253507,46
B0005,80,-0.08433591827931056,-0.0843359182793102,0.7771585921770301,1.3701699076256701,0.37079410494487985,0.10126075982290426,-0.21474444921878388,-0.2718445222853862,-0.09042599804735256,0.01316989600634304,-0.05969291933618099,0.018350644541305916,0.3435030618469765,0.3975963846743805,-0.22826938641760866,-1.579926163440089,-1.5266154946253507,45
B0005,81,-0.11019609926555997,-0.11019609926556005,0.8141343438198976,1.3043922703008644,0.3400428751565916,0.15973984859290133,-0.06892809612271387,-0.11086172605647328,-0.0875872341688608,0.012795880962490753,-0.08243018684327232,0.07151324475036112,0.397810930467989,0.5006178303636314,-0.22171566342750731,-1.579926163440089,-1.5266154946253507,44
B0005,82,-0.11162796517268928,-0.11162796517268972,0.7299595122637496,1.1618279399281382,0.30901097207373035,0.1572868511985995,0.32425562764731497,0.3962022708791308,-0.09359119911129031,0.012454483509671816,-0.10491458816637993,-0.018519691553969125,0.46110527456583017,0.4992366847081436,-0.49881776943728084,-1.579926163440089,-1.5266154946253507,43
B0005,83,-0.13575692721999197,-0.13575692721999183,0.7533779122501235,1.232169405247697,0.3339725180932714,0.16472208218640386,0.3974353593094615,0.6363132429462486,-0.12580930967985454,-0.006742056066650757,-0.10308245772424544,-0.06801738035515381,-0.1347241601173354,-0.20453833994215384,-0.5674708684397377,-1.579926163440089,-1.5266154946253507,42
B0005,84,-0.16503689322851622,-0.1650368932285167,0.7214548695396614,1.1015396964420427,0.25991962130398116,0.22445152640698246,0.3792306474786913,0.5461709475039651,-0.129553007021796,-0.04863391548416922,-0.148377687626149,-0.08410169577335652,0.5101783441559811,0.501539379768561,-0.4086114088732358,-1.579926163440089,-1.5266154946253507,41
B0005,85,-0.21859712518371155,-0.21859712518371135,0.838192558428565,1.2495128096184858,0.2592487964303463,0.23990434275797548,0.21119876457885073,0.311329373128314,-0.2056748529746098,-0.08978209382612132,-0.19191204937413145,-0.07165869474792326,0.4998715407329496,0.49999207239173166,-0.10884421899194283,-1.579926163440089,-1.5266154946253507,40
B0005,86,-0.2705704733936147,-0.2705704733936153,0.6774740098680211,1.3409155247794757,0.22676543288363452,0.30605279762910653,0.03350773674477719,0.05390079319755887,-0.24305397676622523,-0.12983867012148154,-0.2331430300643731,-0.09769800091185023,0.36000240418817986,0.3232608157306342,-0.14540215082857177,-1.579926163440089,-1.5266154946253507,39
B0005,87,-0.2674940431284857,-0.2674940431284856,0.6693867385995486,1.1489030800283386,0.16960376677471067,0.3011763702814884,0.3449757866385914,0.36542677224100484,-0.24034744060842078,-0.1496136283121339,-0.25433781384916593,-0.12961443864936423,-0.18665353564071946,-0.3116478353573898,-0.20811578202692507,-1.579926163440089,-1.5266154946253507,38
B0005,88,-0.29708966601225506,-0.29708966601225467,0.7143306762559375,1.3927440492967431,0.26035813524291634,0.36535494107034333,0.4700921410177776,0.6866563442043684,-0.24131435581594182,-0.13007786578906172,-0.25505503429828236,-0.18823679822740744,0.583383076160589,0.49993786360320563,-0.3736311454733946,-1.579926163440089,-1.5266154946253507,37
B0005,89,-0.3230771512091362,-0.3230771512091364,0.7351526897827659,1.4019281074182899,0.24597538481151013,0.3710980598568015,0.5086089168138711,0.7397517059269276,-0.27953643132693556,-0.17163050225983062,-0.27621073876373164,-0.2271128806062656,0.6117431707485975,0.5004893791038572,-0.42349156195316817,-1.579926163440089,-1.5266154946253507,36
B0005,90,0.1216821317666553,0.1216821317666556,3.6243886446051174,1.384940983129906,0.49686975236044134,0.10864240743776962,0.36365974841069265,0.5448787192349875,0.24892405074620003,0.11452144937209065,0.09059005137214819,-0.21243406240001475,0.5362096297244066,0.428014585748845,-0.1804729797694722,-1.579926163440089,-1.5266154946253507,35
B0005,91,-0.08963705714821359,-0.08963705714821363,0.9987883305872507,1.0983042824905542,0.37322737937049927,0.045214524969480224,0.6615610539348078,1.042833388276331,-0.14066013555947762,0.07361246669771825,-0.06127448237782299,-0.23462558028903893,0.6155096467071962,0.49868516920749845,-0.07855176875584029,-1.579926163440089,-1.5266154946253507,34
B0005,92,-0.16897722720989264,-0.1689772272098928,0.7594205600436889,1.1086469428563144,0.3119684683380207,0.1729384999867772,0.6938962044655609,1.0552640206298132,-0.176489715749296,-0.007896718789240963,-0.12589098751955016,-0.11924355051248503,0.5304610761844634,0.4960701843870881,-0.1589962610227846,-1.579926163440089,-1.5266154946253507,33
B0005,93,-0.24810764622779763,-0.24810764622779696,0.7572206250025555,1.413804119505104,0.34771501781466974,0.2990845119835868,0.49157624395284366,0.8449568570781514,-0.21064578884917462,-0.06919169585962884,-0.19029370579663715,-0.028520401516451455,0.19256706119596884,0.19188228138281319,0.15602453481383438,-1.579926163440089,-1.5266154946253507,32
B0005,94,-0.2754113142970801,-0.27541131429708,0.7012675074468543,1.1200458451597195,0.20383235913828765,0.3058869842227573,0.5014109749138277,0.7004669999465661,-0.2501612167531354,-0.13014527547719779,-0.2344740257055226,-0.10336718378985979,0.4118345257715678,0.376512701293657,0.0846127509520615,-1.579926163440089,-1.5266154946253507,31
B0005,95,-0.3257391346940593,-0.3257391346940592,0.7108207286588324,1.2916978199900377,0.2225061955539504,0.3719067246539742,0.42641415941073935,0.6104327192581847,-0.28411894827198303,-0.17098467395736477,-0.27682221517227357,-0.17132363765378308,0.5712104770409786,0.4998824763627549,-0.03669533139086879,-1.579926163440089,-1.5266154946253507,30
B0005,96,-0.3512149307379178,-0.35121493073791726,0.7064780476000172,1.2121232951843326,0.1723728699839691,0.3772568961103414,0.5208079930201271,0.6919728531712045,-0.3213121268313844,-0.1905226109865058,-0.3185589282304826,-0.20185670038100223,0.47430326848752796,0.36745394135024284,-0.10505728957986779,-1.579926163440089,-1.5266154946253507,29
B0005,97,-0.3780702974452305,-0.3780702974452306,0.6855761146204925,1.2247233684618926,0.15723737603613194,0.43564302559899726,0.5322448634853211,0.7318432251563757,-0.3220187187138031,-0.2118240724375318,-0.3424800692353142,-0.2457781195511376,0.5216077963210922,0.3850930097557368,-0.13035201925871787,-1.579926163440089,-1.5266154946253507,28
B0005,98,-0.40333883986985386,-0.4033388398698542,0.6990635055472068,1.1312242895752391,0.10722861134371356,0.44503441886442774,0.5991507835913078,0.7727345593140562,-0.3578524310198938,-0.23125980768143456,-0.36173238097041566,-0.27181890052850866,0.6426974084750872,0.4992743951697343,-0.09051781543667155,-1.579926163440089,-1.5266154946253507,27
B0005,99,-0.45721848730836673,-0.4572184873083671,0.635089745466188,1.4189008452013727,0.17107246691104955,0.5117022113768879,0.5169624156325506,0.7493177672092977,-0.39659102106481986,-0.2735256821428053,-0.3855109973988205,-0.29712079997053015,0.19392227370759893,-0.021232499994422453,-0.09690342925265225,-1.579926163440089,-1.5266154946253507,26
B0005,100,-0.482272925325286,-0.4822729253252854,0.6609356055207443,1.4129804036816496,0.1528241236880097,0.5724279312643406,0.5671385420380082,0.8122040623884023,-0.3934919338612258,-0.2931658209571856,-0.4265672705437655,-0.32009396898477377,0.6770851331264865,0.49903516942905857,-0.09167716194492542,-1.579926163440089,-1.5266154946253507,25
B0005,101,-0.5097375647130004,-0.509737564713001,0.650246266835603,1.3809176596809785,0.11675733753293424,0.5828891753821043,0.599964619662165,0.8263406288288067,-0.43268505669601287,-0.3133474117827235,-0.4480448046979207,-0.35281860448949653,0.700970489366836,0.4995136209103951,-0.08067494858628313,-1.579926163440089,-1.5266154946253507,24
B0005,102,-0.535940346187946,-0.5359403461879458,0.6829955088200813,1.3763282708137932,0.09335581669028996,0.5865666577021753,0.6075801407377767,0.8276389004242486,-0.47245254369253137,-0.3535409819604247,-0.4704579437328149,-0.38351242188209095,0.7243917751761361,0.5010974602968841,-0.06696465464235105,-1.579926163440089,-1.5266154946253507,23
B0005,103,-0.4820956202420836,-0.4820956202420835,0.06882953934528084,1.127577065017331,-0.008222651603132696,0.5172994945673793,0.7051199174892904,0.8997864892497923,-0.43378006750794895,-0.3334942105111588,-0.44908615361923415,-0.40496653304920965,0.2757646355347312,-0.01616987052688938,-0.07494543009642755,-1.579926163440089,-1.5266154946253507,22
B0005,104,-0.43079751912721087,-0.43079751912721115,1.2814519759942025,1.2366726909821606,0.16766028171945668,0.4496918500787708,0.9929273837079258,1.5039635845534056,-0.40026860454641766,-0.23102061201385435,-0.3622335157714006,-0.4335646405381485,0.7601357694472093,0.5009501538063251,-0.09052133574698931,-1.579926163440089,-1.5266154946253507,21
B0005,105,-0.507789425443911,-0.5077894254439111,0.7104897416318037,1.1687704687795912,0.05967282223707978,0.5245168338799389,0.9923124114198402,1.3868859009557315,-0.47439050622382134,-0.3131756258032784,-0.44743332828937143,-0.43513089241547603,-0.045893257015367235,-0.39885327776829876,0.023831290608020486,-1.579926163440089,-1.5266154946253507,20
B0005,106,-0.5634077723235413,-0.5634077723235408,0.7180926359841023,1.2934907167245646,0.06391009254912036,0.5939588374895676,0.8840128190799044,1.2451408691687573,-0.5135175151982891,-0.3549000482534924,-0.4933009552804807,-0.3421026100067657,0.444141861793585,0.22176664373549898,0.25066856665599574,-1.579926163440089,-1.5266154946253507,19
B0005,107,-0.6432286848446862,-0.6432286848446865,0.03474456307847954,1.238246134698803,-0.0422024171368372,0.6184462803501465,0.7782574824548312,1.0255179995168915,-0.6301878181229285,-0.436002601105566,-0.5788961585588693,-0.40035774103730026,-0.20398059357989012,-0.5473016882420808,0.1671842043324993,-1.579926163440089,-1.5266154946253507,18
B0005,108,-0.6419952057654722,-0.6419952057654721,0.5985157862512205,1.368128032810275,0.011402490980917755,0.72098392075267,0.7846967779096617,1.0497666785458377,-0.5520618957784567,-0.43718988141919,-0.5800432515207573,-0.45093794290624245,0.255331794164084,-0.07568169271271451,0.08223051351162748,-1.579926163440089,-1.5266154946253507,17
B0005,109,-0.6375767349229704,-0.63757673492297,0.6697241435124814,1.1374500265017014,-0.05352720229803614,0.6672829957118757,1.0357619235616637,1.3622810993423176,-0.5854411310193005,-0.4348131462858731,-0.5763812894199796,-0.4864263788046664,0.7973808571398933,0.5002312981323989,-0.008951791480294367,-1.579926163440089,-1.5266154946253507,16
B0005,110,-0.6676942414868295,-0.6676942414868299,0.5300427299240342,1.171344142590247,-0.057302907467555224,0.7330233749690688,1.130862921220515,1.509858017290059,-0.5867303512959934,-0.45523393277898533,-0.598757647919034,-0.5151631187573239,0.010149325904838531,-0.40032752112581316,0.046446078014438265,-1.579926163440089,-1.5266154946253507,15
B0005,111,-0.7199137320305671,-0.719913732030567,0.6108033210598414,1.4120539688293678,-0.021813913210000393,0.8030155763137489,0.8856333199613122,1.2334429299142151,-0.6228243869271882,-0.4961059488501921,-0.6417885760825277,-0.5114067689159373,0.7234995759875177,0.39790867443436695,0.20158004851962294,-1.579926163440089,-1.5266154946253507,14
B0005,112,-0.7462243333360167,-0.7462243333360173,0.5887045114629144,1.3887613455724266,-0.06156637404494573,0.8062601258056743,0.8297943442282404,1.0953076581484347,-0.6636951489681874,-0.5384087899147344,-0.6867596775122341,-0.5307622205525129,0.827690258959908,0.4985932499573817,0.18250613879912125,-1.579926163440089,-1.5266154946253507,13
B0005,113,-0.7464737794158179,-0.7464737794158178,0.6115687224852757,1.1862342267192438,-0.12101724069406856,0.807484714553412,1.0718429934302427,1.3872332294537337,-0.6637571307122587,-0.5389176243348588,-0.6867228969763819,-0.5872667480252436,0.8692145200122267,0.4997339914202712,-0.009210229859961002,-1.579926163440089,-1.5266154946253507,12
B0005,114,-0.773315635562413,-0.7733156355624123,0.5111535199462912,1.3447042561139666,-0.06552890230191678,0.871427185052408,1.1834617838620385,1.6315733747605927,-0.6635009395034287,-0.5379325730856434,-0.6867228969763819,-0.6097119338266034,0.04566181351441067,-0.4362879816010677,0.04000454667585053,-1.579926163440089,-1.5266154946253507,11
B0005,115,-0.7992186521952055,-0.7992186521952049,0.576250476976516,1.3526546686390923,-0.09242483354811723,0.881017861577646,1.1021923333524442,1.5019981562556335,-0.7012684822245615,-0.5570269108767272,-0.7277056090496222,-0.6051724580465531,0.8830404361116978,0.5008393793254258,0.17520821408497655,-1.579926163440089,-1.5266154946253507,10
B0005,116,-0.8268674674172563,-0.8268674674172563,0.5091199700557751,1.28421561850363,-0.1563470432304977,0.8917708012665313,1.0163589511780171,1.322893629225636,-0.7396227854562426,-0.5986143394445987,-0.7503716142685002,-0.620380734279132,0.8928186855130353,0.49958786338163697,0.25016181829185863,-1.579926163440089,-1.5266154946253507,9
B0005,117,-0.8521423566843815,-0.8521423566843814,0.5477234212268931,1.2577444593702929,-0.20452130716945716,0.897117389975221,0.9501963446560084,1.162872007696447,-0.7762292035050956,-0.6382316655140395,-0.7932922008244495,-0.6494861775927423,0.9154312836691424,0.501539379768561,0.14357227253605273,-1.579926163440089,-1.5266154946253507,8
B0005,118,-0.8512885952504029,-0.8512885952504031,0.5841795949460391,1.1211836745754196,-0.23680118564811267,0.8953209427936072,1.1612957487861426,1.438311331591071,-0.7790018535232437,-0.6188981320553755,-0.7934715059367285,-0.6787744977733848,0.9346569076542388,0.4995690081508459,0.02126432579273387,-1.579926163440089,-1.5266154946253507,7
B0005,119,-0.8763651839698632,-0.8763651839698637,0.5754248457124452,1.3473144831495871,-0.1395696953991954,0.9569576332031169,1.2975104369773953,1.775094771936631,-0.7751961744372309,-0.6181522764737403,-0.792540498622972,-0.6991460958727465,0.6373125001020626,0.15181491595078037,0.022029250996833824,-1.579926163440089,-1.5266154946253507,6
B0005,120,-0.7464931218138157,-0.7464931218138149,-0.30084661622543313,1.239205689563153,-0.14816787000189532,0.7528898550651908,1.1100466409794145,1.6094596939737693,-0.7063716458198136,-0.5370497236216667,-0.6857160298074294,-0.6933839997477766,0.30793983305132483,-0.21076174455528798,0.1828435056577251,-1.579926163440089,-1.5266154946253507,5
B0005,121,-0.7220079011752828,-0.7220079011752831,1.0829936846035833,1.1936035105066989,-0.06415057432384358,0.7477301039531374,1.245796108109585,1.7932032718310587,-0.6675008280542002,-0.47643536695084737,-0.6433701391241697,-0.7031325166113676,0.24946907295545095,-0.28373384462243206,0.3491197309340366,-1.579926163440089,-1.5266154946253507,4
B0005,122,-0.8272416474780957,-0.8272416474780955,0.5906234056677792,1.3924140999040575,-0.0994677758516418,0.8895268055439095,1.009134498660817,1.467592101149612,-0.7411062151976959,-0.5778891221018337,-0.7288550007950014,-0.5867136929838145,0.37724700769996006,-0.0482638302379554,0.23223870616785974,-1.579926163440089,-1.5266154946253507,3
B0005,123,-0.879470337825228,-0.8794703378252277,0.5877449520620267,1.4077792029444742,-0.14804678647688543,0.9625851424869419,0.8464802114111173,1.1719789079996652,-0.7764234129698543,-0.6386730902460278,-0.7931128957121704,-0.5815061267137179,0.7534294760199519,0.3752611853498617,0.3146134368342565,-1.579926163440089,-1.5266154946253507,2
B0005,124,-0.9085621934972147,-0.9085621934972152,0.5629869865786924,1.3332634449474128,-0.21160589858840728,0.9706584643481415,0.8651759245986391,1.1073487388624947,-0.8206494534232776,-0.6809063471163652,-0.8377230881338275,-0.667045306454756,0.7395549329504922,0.29144379222181543,0.10208052665674928,-1.579926163440089,-1.5266154946253507,1
B0005,125,-0.9312347306337782,-0.9312347306337777,0.5221793775477237,1.2824757256888792,-0.24678512158730123,1.0329686145548564,0.8953086466041942,1.1161926062829597,-0.8147116023411917,-0.6995266425844274,-0.8571570037646992,-0.7187094962048991,0.964932482016866,0.5014097500568706,-0.030022488940065314,-1.579926163440089,-1.5266154946253507,0
B0005,126,-0.9585046543104508,-0.9585046543104501,0.503752220701806,1.2922853507523395,-0.27528522031675134,0.987670236228802,0.8824399803465169,1.0947171317929176,-0.894833336844777,-0.7199452545714762,-0.8792460143273962,-0.7439656764301625,0.8936104594375307,0.40171978795810687,-0.05432724267176528,-1.579926163440089,-1.5266154946253507,0
B0005,127,-0.9839618980398773,-0.9839618980398769,0.4558305683075177,1.2449273430748993,-0.3101791758580074,1.0521188209227756,0.8920990174007001,1.0743064908568456,-0.8908954300380768,-0.7411466887433323,-0.9005810239051247,-0.7644287129630402,0.9616131627606268,0.46117740135540386,-0.06818198741623448,-1.579926163440089,-1.5266154946253507,0
B0005,128,-1.013125282838768,-1.0131252828387687,0.41911835963169436,1.274637694271714,-0.32475592059271124,1.1157763632739854,0.8184880512189875,0.9734355250577578,-0.8916722678971115,-0.782634090032034,-0.9453360396866998,-0.7877956571667906,0.94955578841775,0.4290645864135467,-0.0689380108577938,-1.579926163440089,-1.5266154946253507,0
B0005,129,-1.0393087806267964,-1.0393087806267967,0.5460172662394902,1.348320428197336,-0.31573372982395703,1.1250937831499435,0.7767376357386947,0.9222024967824213,-0.9311215819407286,-0.7825992979349318,-0.967248043920609,-0.8095948746797521,1.0300609085699894,0.5013920732780021,-0.11673190373638496,-1.579926163440089,-1.5266154946253507,0
B0005,130,-1.063092335780131,-1.0630923357801303,0.29084266416586496,1.2323504256031321,-0.38847924681729396,1.133964806433373,0.8415315719741521,0.9630454100147776,-0.9672114854556493,-0.8222492415954059,-0.9861394466476611,-0.8379850334731139,0.31735549439377764,-0.3158089491027006,-0.17157846398329124,-1.579926163440089,-1.5266154946253507,0
B0005,131,-1.063113713846863,-1.0631137138468632,0.4666702159715973,1.135412081625771,-0.42470025767096276,1.1336173792916002,0.9114622194003799,1.0145224271468,-0.965728055714196,-0.8222840336925086,-1.008805451866539,-0.8613519776768555,0.833240076187696,0.24062187452704684,-0.18322106407657404,-1.579926163440089,-1.5266154946253507,0
B0005,132,-1.0921812021641777,-1.092181202164178,0.43409360052282403,1.2000391930431056,-0.42204505850586477,1.1992914758653668,0.8629868019319683,0.9535666254640495,-0.966951162130547,-0.8434180581762282,-1.0311450298297284,-0.8715606363349153,1.0739139786418912,0.500765136854184,-0.16345130428743423,-1.579926163440089,-1.5266154946253507,0
B0005,133,-1.0385253197412712,-1.0385253197412714,-0.3946477941237582,1.313626474490058,-0.3390604179095298,1.1266756509172702,1.075885209033996,1.460762875472533,-0.931055468080385,-0.781477252803375,-0.9446533009899445,-0.8886360263873677,1.0847990201646658,0.49925553993893895,-0.1697882969447092,-1.579926163440089,-1.5266154946253507,0
B0005,134,-0.984552269225311,-0.984552269225311,0.9898550750532688,1.3979523731273058,-0.20930175807210746,1.0523753413822052,1.1669244761044903,1.6085042421866658,-0.8914119445720092,-0.7204214714005672,-0.8784207510542142,-0.9094205722509876,1.0237013465809688,0.4145366310886618,-0.21464135851858213,-1.579926163440089,-1.5266154946253507,0
B0005,135,-1.0664295515671005,-1.0664295515671005,0.7364214045749009,1.4089681069497884,-0.26893252191622974,1.1890165135214474,1.1068400241310528,1.450789137783897,-0.9308612586156263,-0.7829385208816814,-0.9672457451371178,-0.8908246495379745,1.0866489592405868,0.4995690081508459,0.022855538393292747,-1.579926163440089,-1.5266154946253507,0
B0005,136,-1.091943125270506,-1.0919431252705059,0.4493285718312773,1.1596014365283145,-0.41749879950425195,1.198750059181203,1.1081936479849523,1.3023269591767728,-0.9667569526657883,-0.8434854678643647,-1.0102398927647718,-0.7693368921040432,0.9421888024633791,0.4356014592385985,0.23282695941081183,-1.579926163440089,-1.5266154946253507,0
B0005,137,-1.1446133606544526,-1.1446133606544524,0.4540759304282843,1.4175780352982055,-0.3651046943667513,1.2728020858233917,0.8993728960883974,1.0265145793428703,-1.006272380569749,-0.8643128869923685,-1.0529489912395722,-0.8746946149030137,1.075169822997438,0.4996609274009541,0.029242538530691798,-1.579926163440089,-1.5266154946253507,0
B0005,138,-1.1430038854267255,-1.1430038854267248,0.47228187644233366,1.314061869394968,-0.3846977656531805,1.2713086452334241,1.1707857336085392,1.4060499033857463,-1.003884017364846,-0.8631908418608116,-1.0517283372059796,-0.9049976067329983,1.097997014086354,0.5008947665658765,-0.08292402143706719,-1.579926163440089,-1.5266154946253507,0
B0005,139,-1.1426906081511548,-1.1426906081511552,0.46203945672656044,1.1577897319790926,-0.43184567483814307,1.2721212423687633,1.3070638132322858,1.6077003646629366,-1.00304519776174,-0.8630212303874368,-1.0514386904861435,-0.943297037055326,0.8038567010136873,0.14238730055500642,-0.12544562793985126,-1.579926163440089,-1.5266154946253507,0
B0005,140,-1.1698240289831308,-1.16982402898313,0.5127170107632635,1.1695452956113683,-0.46397724434960147,1.2833538252535388,1.1866056344837783,1.386592742123586,-1.0412672732727337,-0.9035214059208543,-1.0956902726832423,-0.9310826321136834,0.9925335730297212,0.3624820526808954,0.06688705776311754,-1.579926163440089,-1.5266154946253507,0
B0005,141,-1.1956326308157628,-1.1956326308157632,0.5540831475146001,1.1128647157494949,-0.5315596582601098,1.2922629197912963,1.0387834263848792,1.1175315472680902,-1.0821380353137329,-0.9442933947128852,-1.1368913691881053,-0.9365202692810147,0.7292312157987632,0.064610651991794,0.07558393050425626,-1.579926163440089,-1.5266154946253507,0
B0005,142,-1.2218038106706903,-1.2218038106706908,0.465164594154097,1.1439476818593999,-0.5471465481897378,1.3544210710214126,0.9888624758990764,1.0013681819855775,-1.0799397494573162,-0.9660384554019684,-1.1602722960726084,-0.9722844952934315,0.49777318126682407,-0.22199356984742918,-0.07725089973637699,-1.579926163440089,-1.5266154946253507,0
B0005,143,-1.2221907835782668,-1.2221907835782662,0.48285902607659664,1.1382190001516241,-0.5302449011060217,1.3542834426431603,1.1958726606575412,1.3110830758960736,-1.0800678450617311,-0.9455850513178169,-1.160380338896674,-1.0017822389830953,1.0902336126157126,0.41490430808909684,-0.21998355791919477,-1.579926163440089,-1.5266154946253507,0
B0005,144,-1.2469019659572487,-1.246901965957249,0.5068069544568552,1.2767701102043214,-0.48732744874128203,1.3667225865187205,1.1520413199411972,1.3314921771843498,-1.1137735174880212,-0.9648490005822755,-1.1591596848630816,-1.019410684076968,1.0120731581037024,0.31368589384429485,-0.21495031361529557,-1.579926163440089,-1.5266154946253507,0
B0005,145,-1.2739010583094303,-1.2739010583094306,0.42826141493465836,1.1890897235750337,-0.5544770508062028,1.433335501029982,1.0259758433442334,1.0995303749257892,-1.1140916904409226,-1.0058580105358172,-1.2020090091308175,-1.0102845384866657,0.9774370130621004,0.2823661770476102,-0.034495688418045505,-1.579926163440089,-1.5266154946253507,0
B0005,146,-1.301460482761382,-1.3014604827613816,0.4526973096278609,1.2575304803345255,-0.5737386423344003,1.4418940388152235,0.8955658260165571,0.8654216849996801,-1.1555450808761976,-1.026483200599413,-1.2246014532779907,-1.0351720153509762,0.3064038550642732,-0.48558026869787974,-0.11669930343026555,-1.579926163440089,-1.5266154946253507,0
B0005,147,-1.3266444214003974,-1.3266444214003978,0.46718088598757196,1.368131281665647,-0.5475807775850295,1.505042863925567,0.8491107345811203,0.8059364441568114,-1.1557392903409562,-1.046529972048679,-1.2455433708788,-1.0614649894272388,0.88711981605113,0.1407857843896489,-0.27204828636868517,-1.579926163440089,-1.5266154946253507,0
B0005,148,-1.3251475818846485,-1.3251475818846479,0.4064565075615309,1.3618246043579698,-0.5223426015170831,1.5029885842234219,1.0921249339737837,1.1721793608309328,-1.1506402588619764,-1.0267550138580266,-1.2452560229424552,-1.0955700503153682,0.9851835008040479,0.2228543548617872,-0.36970414540118723,-1.579926163440089,-1.5266154946253507,0
B0005,149,-1.3260206749110501,-1.3260206749110504,0.4902625587401732,1.1969805196708658,-0.5996578523794494,1.4505736797711368,1.09422236179106,1.1490973295675662,-1.1927341273193266,-1.0464603878544734,-1.2457939382792924,-1.1066326259573944,1.2405078636315556,0.4986474587459077,-0.3228117419436957,-1.579926163440089,-1.5266154946253507,0
B0005,150,-1.2979282897141864,-1.2979282897141868,-0.8555101644894207,1.260141677877729,-0.6548011606840716,1.438812629520823,0.758581474221815,0.7320548466146638,-1.1516732879298412,-1.0670181682299331,-1.2235968848925296,-1.098037413206864,0.42326503504471874,-0.40553745708390304,-0.16950993988495805,-1.579926163440089,-1.5266154946253507,0
B0005,151,-1.1154120196002657,-1.1154120196002655,1.094189704533832,1.1481371819233182,-0.46048480831791083,1.152425904227654,1.0263230221009003,1.2030247588728609,-1.0430730080833608,-0.8635300648075612,-1.0310025052533018,-1.1053185671789592,0.9756695284135574,0.2044587203207826,-0.1969167581483191,-1.579926163440089,-1.5266154946253507,0
B0005,152,-1.2190883773179602,-1.21908837731796,0.4479834235729918,1.3036780516225221,-0.4785269768637859,1.299103540245636,1.0259826654675483,1.1993289682468145,-1.1180998432242386,-0.9457546627911917,-1.1169563187562486,-1.1919181377860975,1.3043476754797902,0.5016678310283289,-0.3858642196244353,-1.579926163440089,-1.5266154946253507,0
B0005,153,-1.2719664689352819,-1.2719664689352814,0.4527629178727824,1.4048389134111772,-0.4802851456365148,1.3761441701532806,0.9022158467914745,1.0328437442248695,-1.1528963943461923,-0.9855742179250405,-1.160021728672116,-0.9349540174036872,1.101911485171013,0.4813218585523185,-0.08480438522271254,-1.579926163440089,-1.5266154946253507,0
B0005,154,-1.2989267107221187,-1.298926710722118,0.5249509491150729,1.3884871605313764,-0.504640437563223,1.4414500225512952,0.8914556275568164,0.9743298299753935,-1.1521236886034298,-1.0061994079886363,-1.2032296631644102,-1.0029797874994697,0.922946264749587,0.2274573880787727,-0.12554364849356128,-1.579926163440089,-1.5266154946253507,0
B0005,155,-1.324304449694287,-1.3243044496942864,0.45841959790933234,1.3380342501301454,-0.5541970355426394,1.4518421392420162,0.8913655831976164,0.9298643283839945,-1.1864739711680672,-1.047141008254042,-1.2243164041251373,-1.0504053634121,0.4278232849278089,-0.36239551058091657,-0.2221355553486336,-1.579926163440089,-1.5266154946253507,0
B0005,156,-1.35027901088981,-1.3502790108898104,0.4589212855717394,1.4064971217231266,-0.5409576537755364,1.51535154560097,0.8730121429108921,0.907944337023226,-1.1873747725152446,-1.0658265389041712,-1.2456514137028656,-1.0830577330580757,0.8200928234520816,0.04881114704040438,-0.2654626485706953,-1.579926163440089,-1.5266154946253507,0
B0005,157,-1.351653921333237,-1.3516539213332375,0.5233559938645602,1.260431548779984,-0.6106790671577536,1.4628729550385449,0.9264162617912827,0.936290584103141,-1.229472773088867,-1.0674922105529547,-1.2679932904495466,-1.1024839757399543,0.9513549863075934,0.17961813220484307,-0.29658034890129337,-1.579926163440089,-1.5266154946253507,0
B0005,158,-1.3788736675105553,-1.3788736675105555,0.43699699646118556,1.3264009005633965,-0.6022724342387668,1.5265211427379226,0.8848730375727419,0.8852651914639882,-1.2288860125783188,-1.087980406734209,-1.290188045052818,-1.1237301382114955,0.6840884739139368,-0.13530428937943256,-0.3066564013717577,-1.579926163440089,-1.5266154946253507,0
B0005,159,-1.4028559228627535,-1.4028559228627528,0.40554224856793447,1.4210240343548532,-0.5866027612118975,1.5358051422377685,0.8671654315033884,0.8723395899144392,-1.2656907722082027,-1.107620545548589,-1.3100886137323138,-1.1291220561620685,1.0064567430691846,0.21975974010812416,-0.299028762661165,-1.579926163440089,-1.5266154946253507,0
B0005,160,-1.4012223698384971,-1.4012223698384967,0.41279450940855544,1.2677350159257155,-0.6424246439208234,1.5372330125286706,0.9569612865140906,0.9547054397274598,-1.2623313616795064,-1.1069399251490206,-1.3096564424360508,-1.1526040358144272,1.2666712877054045,0.49108061893887434,-0.3480319758038106,-1.579926163440089,-1.5266154946253507,0
B0005,161,-1.4009570840991468,-1.400957084099147,0.44585173297472813,1.1063999729430245,-0.7108304217609065,1.483450943119802,1.0459720231295921,1.0225392817944448,-1.2997807314477376,-1.1083664011302246,-1.3316397089581735,-1.1639645237721032,0.7258611553564465,-0.12088593008352652,-0.3233157397294646,-1.579926163440089,-1.5266154946253507,0
B0005,162,-1.428765398022641,-1.4287653980226407,0.43137931301459836,1.2998073519703714,-0.647632278158562,1.5489002029878487,1.0110662613500403,1.0409326672157788,-1.3030740281160904,-1.1283109707942516,-1.3543034153935603,-1.1680910517878866,0.7503236925884822,-0.09691268258399913,-0.29803496568634535,-1.579926163440089,-1.5266154946253507,0
B0005,163,-1.4278267413817618,-1.4278267413817614,0.4903948074678606,1.1151091461271732,-0.7285414369738239,1.5461217024303457,1.0370698015712765,0.9926110113814909,-1.3013963889098785,-1.1487317572873694,-1.3536229754802962,-1.1693343195210193,1.0088193795461493,0.19026190998666453,-0.28217427135634116,-1.579926163440089,-1.5266154946253507,0
B0005,164,-1.4510377088713695,-1.451037708871369,0.5573799083142784,1.2788227008172122,-0.6771462620237251,1.554680357675461,0.9824721791292137,0.9770717629214943,-1.3371020056115541,-1.1490383626430858,-1.3754246381066484,-1.1874007842077041,0.9023485145241762,0.057133374531023705,-0.2923848637385673,-1.579926163440089,-1.5266154946253507,0
B0005,165,-1.4785301146654732,-1.4785301146654726,0.4386476086297209,1.4046991384491212,-0.634053126679191,1.6232776500004027,0.98155327922232,1.0234345456676883,-1.3371020056115541,-1.1686763269513967,-1.3961504700593261,-1.1927927021582772,0.6144356249351068,-0.26813703340204575,-0.33144183128668997,-1.579926163440089,-1.5266154946253507,0
B0005,166,-1.481303766901179,-1.4813037669011795,0.46647495843038195,1.3277291616812317,-0.6699069350221027,1.6230481099666405,1.0381890924314452,1.077507685773482,-1.3408415708372232,-1.1698983993621233,-1.3979090394297562,-1.2147084299333086,0.8022541252199118,-0.07627091867495038,-0.30801154766558175,-1.579926163440089,-1.5266154946253507,0
B0005,167,-1.372734099034708,-1.372734099034708,-0.8214205215929523,1.3242260682818396,-0.5801171482423759,1.4142948990370796,1.0265561112261194,1.4282652436417482,-1.3014583706539498,-1.0667441804652502,-1.2454353280547343,-1.2259538824423677,1.0793316573642537,0.2236262408723148,-0.27762392421641674,-1.579926163440089,-1.5266154946253507,0
B0005,168,-1.2918514735743947,-1.2918514735743947,1.1791700254047026,1.2180273624578752,-0.48744337594834286,1.3263186366339406,1.0293236806447965,1.5846970735056265,-1.225534866282167,-0.9651556059379918,-1.1814302993215489,-1.2283961735053186,0.3632900102031109,-0.5765602926228647,-0.2596325785933824,-1.579926163440089,-1.5266154946253507,0
B0006,1,2.2843238428463692,2.284323842846369,-1.4054160289723419,0.4006238286495347,1.2279992240326478,-1.5243235157970398,-0.28417189533966836,-0.19041630359120976,2.3687616797486273,1.5358329786622897,1.9911437841090012,-2.3736345318413195,-1.2413672293102873,-3.2805182333232774,-1.3503041368688828,1.0652804306323715,1.1286501083694203,108
B0006,2,2.2329798524668645,2.2329798524668645,-1.7012483460700738,-0.1647996080365338,1.3233734755570123,-1.5218313572219853,-0.22627845260989515,-0.035531789919993985,2.2948381196522303,1.6613085023565064,1.9495151138748579,1.7967234646784824,-1.1457983195397654,0.15835178877582567,0.9624788721094759,1.0652804306323715,1.1286501083694203,107
B0006,3,2.17349657816797,2.1734965781679696,-1.6040200285982635,0.24002880852809008,1.4344744072285267,-1.5186090266533971,-0.3981164093810117,-0.08595318552984721,2.209290916484219,1.662191351820483,1.9492277659385129,1.7912386334809494,-1.175116154015084,0.12128594039541654,1.102808441717373,1.0652804306323715,1.1286501083694203,106
B0006,4,2.1732865879752414,2.1732865879752405,-1.5525473252246957,0.416042976069966,1.47748724653181,-1.5152395931024978,-0.5063496584040671,-0.18594429157877604,2.12632628598587,1.6628719722200516,1.9031095715469186,1.7594372311920525,-1.2439275449913731,0.019164831976467504,1.0352032196762404,1.0652804306323715,1.1286501083694203,105
B0006,5,2.1090580285361553,2.1090580285361553,-1.5890079241175126,-0.48945558163680253,1.3758997463582479,-1.5147274651558655,-0.41287468695458374,-0.2686380858407755,2.1164463959808115,1.6604256528925296,1.8984016629578448,1.701112783929659,-1.0992517381733127,0.1338435241025863,0.9860704982192012,1.0652804306323715,1.1286501083694203,104
B0006,6,2.1763801661995874,2.176380166199587,0.1577233867801837,0.2345883070455417,1.577623369611004,-1.5201410025998032,-0.5089436192091498,-0.3020212051723127,2.211935470897952,1.744450741901216,1.9499817669234816,1.704109604847483,-0.7869429091589384,0.48439643962327217,1.0430478012866753,1.0652804306323715,1.1286501083694203,103
B0006,7,2.1723623573572963,2.1723623573572968,0.2179544757506447,-0.48481815211822865,1.526836199889892,-1.5199908461077114,-0.36548398310083596,-0.2225715385258117,2.205931505955523,1.7416630251208753,1.947358854960526,1.6523760988654808,-0.7527021225255622,0.4812299393022167,1.0278123999180422,1.0652804306323715,1.1286501083694203,102
B0006,8,1.9492535082773526,1.9492535082773526,-1.755122362041435,-0.0970582659949051,1.463915301127832,-1.5105255345524382,-0.4844716880054408,-0.2215397031466984,1.8820768931799405,1.6238308902588712,1.7689525670262591,1.6512685139691783,-1.452160915810082,-0.2994037198621291,1.1310528709978183,1.0652804306323715,1.1286501083694203,101
B0006,9,1.9461134094147383,1.946113409414739,-1.8085153923379464,0.2197329791129246,1.487763800911662,-1.5114472749989452,-0.5881456969456434,-0.30080136596393076,1.7917529636021232,1.579083904372876,1.7652515256061379,1.62497701470636,-1.4117603606078926,-0.2753739066702327,1.0720596716918622,1.0652804306323715,1.1286501083694203,100
B0006,10,1.8910533631877633,1.891053363187763,-1.7467938102018647,-0.9161100052443678,1.363645875831695,-1.5112483264491736,-0.40709453187034755,-0.3424162593404016,1.7944636318762,1.53895991838938,1.720822937080251,1.5808240498255461,-1.3651640951633945,-0.2587094180062718,1.025303997266623,1.0652804306323715,1.1286501083694203,99
B0006,11,1.832487645210512,1.8324876452105119,-1.667254390437407,-0.21451060413146186,1.432500491483822,-1.510668920983869,-0.6342464840221135,-0.46726605412295646,1.7076891901755655,1.5397731836591513,1.6740197052084103,1.5589776382823735,-1.3946637522221745,-0.30905170576777913,1.1110826160137959,1.0652804306323715,1.1286501083694203,98
B0006,12,1.777864326596293,1.7778643265962926,-1.6186333881778618,0.1755069970668472,1.4755556460480224,-1.50724724431133,-0.5020612370218278,-0.2129003656787281,1.545569740381152,1.4579921849135786,1.6304163799557057,1.5107025698261085,-1.472262882363145,-0.4341325930312092,0.9941282586180076,1.0652804306323715,1.1286501083694203,97
B0006,13,1.7201097014032076,1.7201097014032072,-1.8146693904816003,0.39881260027161075,1.4861566329010527,-1.50677509306385,-0.5705935733628364,-0.22397642495156536,1.4598903094924536,1.417185404024445,1.5837924531961438,0.6259752582048828,-1.2888218664860105,-0.936577355548982,0.18316348059661275,1.0652804306323715,1.1286501083694203,96
B0006,14,1.662760535300185,1.6627605353001844,-1.6190600504194539,-0.20649104286154668,1.4170967662810088,-1.5066576244863321,-0.5585898329604301,-0.34882446093022323,1.458729184820174,1.4157937201403439,1.5373501303323522,1.4340343929495933,-1.4816616299769068,-0.5058720323853513,1.1188935422634838,1.0652804306323715,1.1286501083694203,95
B0006,15,1.6082652585273987,1.6082652585273989,-1.6835385824483036,-0.9071794749218617,1.3184450104695449,-1.5073140126409241,-0.504100216994036,-0.46243612938887435,1.3773140979236216,1.3337387336300883,1.4928479807347608,1.3957113656121596,-0.6025103259370994,0.4435736865076491,1.0656219830665206,1.0652804306323715,1.1286501083694203,94
B0006,16,1.5485108742419853,1.5485108742419855,-1.8964474340983108,-1.2152895734199276,1.2477052670336255,-1.5054014599965735,-0.4908619870229121,-0.5771987942504117,1.2909941890128482,1.2911684283190707,1.4450401804774589,1.3643951769462817,-1.464103065376235,-0.5419432673415072,1.0666340556306146,1.0652804306323715,1.1286501083694203,93
B0006,17,1.4935251558084677,1.4935251558084672,-1.664568862252439,-0.08080704686142266,1.3517678132219684,-1.5044092740867132,-0.6427408964457135,-0.5540474829685039,1.208670036536574,1.2528753764455949,1.400609293168081,1.3458685704651279,-1.3678406927292517,-0.4494347912704755,1.0803767961946984,1.0652804306323715,1.1286501083694203,92
B0006,18,1.4396066959539844,1.4396066959539835,-1.8102192510051707,-0.6359796972674997,1.2753578141821502,-1.5030276345058422,-0.5421405437670778,-0.5139413361839905,1.129903636170027,1.2115923787273701,1.3571094131724595,1.2989960495939263,-1.402130106332622,-0.5251137954081253,1.0704052945217204,1.0652804306323715,1.1286501083694203,91
B0006,19,1.4397050870529047,1.439705087052904,-1.682337783679033,0.10828714452813268,1.252097971724112,-1.39691039871124,-0.557417858307652,-0.4504459952467649,1.129321007775751,1.1693265042659995,1.3558542773865059,1.2333447291426798,-1.2985166043519207,-0.4620654389969645,0.979806722454106,1.0652804306323715,1.1286501083694203,90
B0006,20,2.003816784344913,2.003816784344912,-2.016836106928053,-0.8391161520457192,1.4165142244825353,-1.511672506200859,-1.4110525712068538,-0.8406825715815984,1.9617482270099371,1.6225392336539395,1.812234062590258,1.2124436730169903,-1.1046197328176366,-0.2626124507801221,1.0483164694725673,1.0652804306323715,1.1286501083694203,89
B0006,21,1.8926601251380089,1.892660125138009,-1.9421608753003956,-0.13134083630906604,1.5199948614191603,-1.5098478164455575,-1.1603086746914428,-0.4668941124835068,1.7987899576124176,1.5819738229384555,1.7691318721385383,1.1699734702755649,-0.9361938795887819,-0.10878912107882478,-0.7147339783653122,1.0652804306323715,1.1286501083694203,88
B0006,22,1.8335745364255474,1.8335745364255465,-1.7095273968370681,-0.7694085516131144,1.4329860985146161,-1.5062963951325679,-1.322730364415181,-0.812504006229644,1.7131766405840627,1.501721501959325,1.6772885753322686,1.6626761959570566,-1.2959404320501904,-0.1161355903759885,-0.5089039232004519,1.0652804306323715,1.1286501083694203,87
B0006,23,1.7249743420575863,1.7249743420575858,-1.7720588058751696,-0.21851228908750234,1.43630209479484,-1.5049498301418187,-1.551261368672739,-1.1404649332212413,1.553383572250481,1.4169483828629341,1.6345817756409595,1.580754733593687,-1.2390056499413586,-0.11812481722449049,-0.5320220220772645,1.0652804306323715,1.1286501083694203,86
B0006,24,1.8344109366437553,1.8344109366437555,-0.1728199920515043,0.05467260097372741,1.525000929856715,-1.505137005177083,-1.5873538601378172,-1.2454355360204952,1.6306004290152307,1.4574833504934543,1.6770380079317762,1.4988111490286602,-1.3912619785385516,-0.3533355721855777,-0.7269517859168539,1.0652804306323715,1.1286501083694203,85
B0006,25,1.6099832948692532,1.609983294869253,-1.7379912529106991,0.47181529956291907,1.431913635290489,-1.500192293655531,-1.6721216271745791,-1.3338141122563794,1.3014484431796602,1.2945302147015896,1.4965812051237646,1.406911098904465,-0.5689968296375809,0.48988331178361144,-0.8394287274565198,1.0652804306323715,1.1286501083694203,84
B0006,26,1.4955182313284816,1.495518231328481,-2.1489531979005516,-1.133225304056638,1.1394237119829111,-1.3953709322792893,-1.4301338807608879,-1.3667854813956875,1.2980931647672136,1.2098614718965195,1.403195424595184,1.325334742886947,-1.2485027086031535,-0.3328057612093552,-0.8710159862459969,1.0652804306323715,1.1286501083694203,83
B0006,27,1.4433145797944822,1.443314579794482,-1.7980807056673833,-0.1896525481789224,1.2101005466995336,-1.3941277890863588,-1.6208382519013114,-1.4490359736516165,1.2207440802817766,1.171942435066896,1.3612058453529912,1.261457623008605,-1.2243869028093484,-0.3569628472091033,-0.9122159983101489,1.0652804306323715,1.1286501083694203,82
B0006,28,1.3814756586002237,1.3814756586002237,-1.8211337554321376,-0.27487755492335286,1.0912256103365068,-1.2856878350421368,-1.5994993913023081,-1.4408685755563602,1.213645104527411,1.0866952736474833,1.3120325677021785,1.2435533878007397,-0.642136020943499,0.2778173526191486,-0.9276382927241676,1.0652804306323715,1.1286501083694203,81
B0006,29,1.3269733626250815,1.326973362625082,-2.218583373484267,0.44860916393509137,0.9976776253302783,-1.0768185648220168,-1.6448573766506274,-1.3597156589066324,1.2137690680155537,1.0053209075367964,1.2660201173511585,1.1622306996955571,-0.6401032021760653,0.21510249810261048,-0.9817828175179866,1.0652804306323715,1.1286501083694203,80
B0006,30,1.3875402772583534,1.3875402772583534,-0.4291728986915917,-0.43494170601799176,1.171400781665768,-1.3916564598877845,-1.443839709802852,-1.4012607657101315,1.139395107245568,1.0496264686908032,1.316883000867679,1.114529333668934,-1.050080357535126,-0.2800511823584536,-0.9696622326477425,1.0652804306323715,1.1286501083694203,79
B0006,31,1.7276427935773615,1.7276427935773608,-0.21865144409380094,0.21190819808384245,1.2050787757113095,-1.6141659113844586,-1.6149844126338448,-1.2640188914698292,1.4615059669545942,1.1938918993264567,1.5325709594550652,1.050168474981022,-0.3205605828207939,0.48178145480286183,-0.9433557304833492,1.0652804306323715,1.1286501083694203,78
B0006,32,1.51343056488358,1.513430564883579,-0.5698434169666478,0.3862980451513256,1.160298807054911,-1.5038753415389594,-1.5127746204475818,-1.0513227172675141,1.2277810742920707,1.1125849429039056,1.3820029395938824,1.0031351994444453,-0.6542589359850716,0.07219634702962062,-0.8186246947431911,1.0652804306323715,1.1286501083694203,77
B0006,33,1.377710866535199,1.3777108665351991,-0.6281259076348876,0.07138037879899446,0.9820529660549444,-1.3937550036677482,-1.590542620500802,-1.2327242227532704,1.1497253979242148,0.9906429915716651,1.2737072493442547,-3.416950007888986,-6.7552100132719195,-10.260949756671875,-3.097953568192984,1.0652804306323715,1.1286501083694203,76
B0006,34,1.2970204195290629,1.2970204195290633,-0.48354355083582784,0.058846561661477094,0.8376943381593153,-1.2824462004383301,-1.733033183578281,-1.5445868706751038,1.111631418017636,0.8876605586542363,1.2088746585543961,1.22758263301771,-1.1631740044489312,-0.31579127232383203,-0.7738039327681733,1.0652804306323715,1.1286501083694203,75
B0006,35,1.1927383749870057,1.1927383749870055,-0.8979275416015072,-0.3108657609559695,0.6557791213263976,-1.1708357020719327,-1.8027059393870806,-1.6138179968341164,1.0380260308741402,0.7878703006459645,1.1032386608035762,1.1090902216881589,-1.052623759487518,-0.2872326683861855,-0.7201821317801408,1.0652804306323715,1.1286501083694203,74
B0006,36,1.1672479987734745,1.1672479987734738,-0.5934917869226902,-0.21646382416044743,0.662071507929058,-1.1202839966671172,-1.3724167212070884,-1.055766316011154,1.0383524680595864,0.7881421139045781,1.0807174789446163,1.0168701370466573,-0.44341556540723703,0.31821704149388796,-0.8701833597155402,1.0652804306323715,1.1286501083694203,73
B0006,37,1.0847984879268737,1.0847984879268737,-0.6281423565683701,-0.02174041901760599,0.5530186460417891,-1.0062421938037376,-1.5546427794907067,-1.3017882327680121,0.9989031540159692,0.7044584223487105,1.015238929993855,0.9361934172298642,-1.0401202855503262,-0.41144739348512815,-1.0355958844031887,1.0652804306323715,1.1286501083694203,72
B0006,38,1.0037484414740887,1.003748441474089,-0.8313661198782129,-0.1632976549678936,0.4309915636959639,-0.9468697713170839,-1.514160673910019,-1.402547206485047,0.9194880113948026,0.6234580712818757,0.9283518103936602,0.8873387470901806,-0.4323487013010077,0.22705200061675543,-0.9393856017830928,1.0652804306323715,1.1286501083694203,71
B0006,39,0.9534404490028479,0.9534404490028479,-0.6712021360311239,-0.15576604775081543,0.348630937368142,-0.8899122340601086,-1.5438382180452794,-1.5469138705716226,0.885460033899339,0.5424229281179381,0.8653858317982972,0.8436252766156227,-0.5200062144748138,0.09440309509436727,-0.8154060762035616,1.0652804306323715,1.1286501083694203,70
B0006,40,0.9003621282944579,0.900362128294458,-0.6403817313582043,0.03216803299734247,0.3243773194655088,-0.8356526370506588,-1.3807424552863257,-1.2848381874339754,0.8438206982318498,0.5018901349934874,0.821708945473888,0.7742161315095454,-0.9656935366475562,-0.457905503703572,-0.9529788686717289,1.0652804306323715,1.1286501083694203,69
B0006,41,0.8491061450816094,0.849106145081609,-0.7145068531329792,0.2464280689366045,0.32670540972739387,-0.7274029380698097,-0.9492203396034878,-0.652594688987133,0.8465313665059265,0.48113012555361967,0.8001601490315193,0.71902566281525,-0.28212413436320466,0.2600297992711731,-1.0375561026394302,1.0652804306323715,1.1286501083694203,68
B0006,42,0.7947334297405176,0.7947334297405169,-0.8017516745839216,0.0187107658984879,0.2306660217886427,-0.6692888570083034,-0.8564228366134004,-0.4657674583379078,0.8051440899309951,0.44049295613786077,0.7343919533609218,0.6522682322811452,-0.16483482562519505,0.3374399492858709,-1.143696984723862,1.0652804306323715,1.1286501083694203,67
B0006,43,0.8711861667181503,0.8711861667181506,-1.8956229089638517,-0.3236745750251754,0.2620911203586296,-0.733166450117657,-0.7304262212670302,-0.8082030162447534,0.8694522154637085,0.43125130534500045,0.8090311545223557,0.620720497904584,-0.3147295748534593,0.14513073663517823,-0.8593805956662431,1.0652804306323715,1.1286501083694203,66
B0006,44,0.9278929420516494,0.92789294205165,-0.018689680545359404,0.1063178703304319,0.36414664225062615,-0.9407984580285607,-1.0674704656813583,-0.9342406070247822,0.8061771189988598,0.5023293852194068,0.8439772611488642,0.5925146907916986,-0.5672462587177297,-0.15890985987853132,-0.6319888970072963,1.0652804306323715,1.1286501083694203,65
B0006,45,0.7660147885372727,0.7660147885372725,-0.746554689299088,0.2879633363944306,0.15223678278621722,-0.7116301102710355,-1.1389785857788433,-1.2048676827949178,0.7280553287706603,0.3172593482006886,0.691756415957826,0.5427633340781783,-0.6167485141734989,-0.253848303817828,-0.6716665954698757,1.0652804306323715,1.1286501083694203,64
B0006,46,0.6629837206172037,0.6629837206172031,-0.8943641737832493,0.3799097408217058,0.05084638351621563,-0.5970607147888165,-1.1734698744208125,-1.2066785993724092,0.6543218460227495,0.23588498209000144,0.5844675928771508,0.5488690617355557,0.05405313716282249,0.498832475698051,-0.7418027915284373,1.0652804306323715,1.1286501083694203,63
B0006,47,0.6080105489067592,0.6080105489067592,-0.7033179109857355,0.37878317097527026,-0.025589461411414705,-0.537800795094534,-1.047784167473009,-1.1551554712927268,0.611711463031467,0.17506839635477395,0.5398206199196415,0.5832749845662228,-0.019168508570480247,0.44469792964359267,-0.9041780445675847,1.0652804306323715,1.1286501083694203,62
B0006,48,1.2188191238730894,1.2188191238730899,-2.211461678117622,0.18688560463494833,0.8477691700202152,-1.4405656238468687,0.1509561689537388,1.3233313474300974,0.8758404672193831,0.8076104667395142,1.1228863632990882,0.4760501479473875,-0.4089940132984413,-0.0755532414529488,-0.9863074894982113,1.0652804306323715,1.1286501083694203,61
B0006,49,1.1403176051127482,1.1403176051127477,-0.5698991778991187,-0.1483361132173591,0.718401252861513,-1.2787630241291792,-0.2494449047738309,0.5448840061787518,0.8771999334726938,0.7246073955832146,1.0584859438054925,0.4039229216643667,0.15880514450625363,0.49978937866072193,-0.9862970988090217,1.0652804306323715,1.1286501083694203,60
B0006,50,0.9773470589000693,0.9773470589000696,-0.6217452720691882,-0.09922908704504302,0.47567204308420297,-1.10082950683021,-0.6275749947442765,-0.12013096254750089,0.7627940302648148,0.5428317352588932,0.9076282772244737,0.4112748666817648,-0.7548829364190734,-0.5129050334705995,-0.7253765640113036,1.0652804306323715,1.1286501083694203,59
B0006,51,0.8211597130899472,0.8211597130899472,-1.1183913263402385,-0.17995150108948088,0.2250398752113484,-0.8777232758705501,-0.7335799362666253,-0.37352728195075957,0.688349823518213,0.3796067862084279,0.7574165688043579,1.0061998617806844,-1.0574632001101472,-0.374842319807187,0.3657430893591344,1.0652804306323715,1.1286501083694203,58
B0006,52,0.7429457285666231,0.7429457285666229,-0.6889649585575683,0.37191504282685556,0.17976662665337825,-0.7635846549508166,-0.8897653439083824,-0.6005389301768128,0.6534830264196435,0.2992870555411616,0.694128760520289,0.8170093183951656,-0.5913779211321878,-0.006428786919208545,0.0575128912509194,1.0652804306323715,1.1286501083694203,57
B0006,53,0.6367146493172152,0.6367146493172156,-0.957992866179988,0.3592273857323889,0.04855103955386624,-0.5938151859466626,-0.730859516762369,-0.4647551927910292,0.6143560174452001,0.21587300273783824,0.5844331111247897,0.6694129385654528,-1.1402654160406807,-0.7362593836195812,-0.3229060050903668,1.0652804306323715,1.1286501083694203,56
B0006,54,0.5837801591308365,0.5837801591308358,-0.8724094353958776,0.27558745284951913,-0.027814414905015888,-0.4836031419853363,-0.42931088774014714,-0.0872453533991292,0.6161617522558271,0.15430621240883732,0.5408987493768073,0.5684796560979106,-0.16509910263604008,0.2701939471197419,-0.4816929721721188,1.0652804306323715,1.1286501083694203,55
B0006,55,0.5055761374722277,0.5055761374722281,-0.8324128150672555,0.39495231836641886,-0.12041823682582894,-0.36627640415305984,-0.5844516210655193,-0.2622664920355423,0.5810428960646997,0.07378425267716239,0.4559885835786651,0.47406947349234957,-0.76639590011961,-0.4755634273398635,-0.5986348498251437,1.0652804306323715,1.1286501083694203,54
B0006,56,0.4522721327815527,0.45227213278155265,-0.7036559066919778,0.3704057979253367,-0.2097889496100882,-0.30602754803290355,-0.5726858404082809,-0.306491019916289,0.5438497175052984,0.01241969141256961,0.3910111694288886,0.41632020347304194,-0.44074002494942055,-0.1586706341378641,-0.4866915962093673,1.0652804306323715,1.1286501083694203,53
B0006,57,0.39830816915985523,0.39830816915985445,-0.7191257260990388,0.13643776900760077,-0.3438289410965739,-0.24571720133114242,-0.5072938657860504,-0.35307577984446076,0.5032434109056739,-0.07010716291463885,0.3251004491818642,0.3550697263381273,-0.1959201447490569,0.06530947398300878,-0.4876252742514767,1.0652804306323715,1.1286501083694203,52
B0006,58,0.34977987772007,0.3497798777200702,-0.8143546290613937,-0.04653069017249204,-0.4431547502005667,-0.13724605229348008,-0.24354619431376415,-0.09355166764141241,0.5089209386626574,-0.10904604309058043,0.2625298613469117,0.28478601685986626,0.2442987575152414,0.49990015314161484,-0.5320220665679624,1.0652804306323715,1.1286501083694203,51
B0006,59,0.2944645313368499,0.2944645313368494,-0.8517370139986443,0.2547926265542073,-0.41856264460907994,-0.07312184764033494,-0.07301011372521148,0.24054098412740893,0.46747168034365455,-0.15087049281996284,0.21817023632574714,0.21929397626055488,0.29076288445431414,0.49936631441983614,-0.5970195510118245,1.0652804306323715,1.1286501083694203,50
B0006,60,0.23940650252168832,0.23940650252168835,-0.8489838773941618,0.20338485552014957,-0.5181198125386517,0.0420402421195692,-0.1522206738911703,0.16724866320062118,0.46611634620662745,-0.21196106631987321,0.17341751932766333,0.17191559437812648,0.1984963802113374,0.3586509054744397,-0.6179398766286233,1.0652804306323715,1.1286501083694203,49
B0006,61,0.13694196971453276,0.136941969714532,-1.2415277595657337,0.483988078305198,-0.5639457590379968,0.1654488967628385,-0.17569845632735112,0.10157576113228481,0.39458114931512217,-0.292417790869481,0.06781600332920455,0.1418662704604773,0.11714874494851148,0.24395453656945237,-0.402895825713627,1.0652804306323715,1.1286501083694203,48
B0006,62,0.11012970062681354,0.11012970062681354,-1.0811239454902288,-0.024530978056139977,-0.7462545686151663,0.2232205573207104,-0.06921300835728918,-0.0285576822485567,0.39768023651871626,-0.3550696597268672,0.0028041074270668907,0.08907237361237484,0.31086485100737693,0.41772198664050836,-0.41391668747344756,1.0652804306323715,1.1286501083694203,47
B0006,63,0.08720379846723524,0.08720379846723447,-0.9189719616098305,0.08615387108172128,-0.7401641341032603,0.22176357334824126,0.11732361968672615,0.29184660819643815,0.3578425035455818,-0.3749120276056556,0.0035236266596744984,0.03303093756100089,-0.6481816218436331,-0.6961920181875376,-0.46047751177380525,1.0652804306323715,1.1286501083694203,46
B0006,64,0.030086852933751553,0.03008685293375137,-1.1017418955367435,0.1487114512045451,-0.8086215246613365,0.2948614230667638,-0.37251587215659626,-0.07271467329942548,0.3229137247029408,-0.4356633781588164,-0.08243018684327232,-0.031262079708495996,-0.09098631482216347,-0.12641051270545017,-0.5231681918208319,1.0652804306323715,1.1286501083694203,45
B0006,65,0.006647063028796671,0.006647063028797341,-0.10269245502416506,0.286925745835585,-0.7589982693211883,0.34901370890774747,-0.2855094284456369,0.14878602437665062,0.32369056256195294,-0.43494796566214566,-0.08178422868238291,-0.08364155397888764,0.408201245426442,0.3882241565190573,-0.5859396547072828,1.0652804306323715,1.1286501083694203,44
B0006,66,-0.07307938414145576,-0.07307938414145553,-1.1676272981400064,0.024099424010124017,-0.9456958452747433,0.4702818861143039,-0.25806127179624494,0.07691613659548673,0.2864354022585028,-0.5367757358569843,-0.18928683862768475,-0.10292916419704788,0.5224006273536311,0.5001205236514974,-0.34043926079593895,1.0652804306323715,1.1286501083694203,43
B0006,67,-0.10224745727180577,-0.10224745727180523,-0.9821904879673604,0.028043828135720476,-0.9942123113095621,0.47731154121484504,-0.2870954680299757,-0.018220068998431874,0.24569686793819093,-0.5785001583071968,-0.21274132658389244,-0.13516711126531245,0.20198166543038762,0.11716135865976544,-0.4187782512792704,1.0652804306323715,1.1286501083694203,42
B0006,68,-0.15347100819145393,-0.15347100819145387,-1.0411817442667908,0.22569211188660193,-1.0073167848457447,0.5404722533289271,-0.2707636520374009,0.027670174781195114,0.20914829951713693,-0.6188655144643421,-0.27678543463642125,-0.20658052784152883,-0.09323161230631904,-0.2690020171146063,-0.4772378860651015,1.0652804306323715,1.1286501083694203,41
B0006,69,-0.20632391641010436,-0.20632391641010464,-1.082135849263832,-0.0782969637810828,-1.105761596881246,0.5970183592907256,-0.13208845897732402,0.15002507199962548,0.20966894616734158,-0.6597723226326452,-0.3207496688971753,-0.2585691765493107,0.482214665084243,0.33095728524935375,-0.5586875811152449,1.0652804306323715,1.1286501083694203,40
B0006,70,-0.2836634971720677,-0.2836634971720671,-1.669947384545615,-0.16584933899907955,-1.1960948201868158,0.7198364216249993,-0.08649426372268644,0.20176764676494038,0.1739633294656415,-0.7204888810886905,-0.3838581720689515,-0.3102776107027678,0.34184974486711756,0.13316237889024218,-0.5919352904816477,1.0652804306323715,1.1286501083694203,39
B0006,71,-0.25927802970758335,-0.2592780297075833,-1.0113247110223524,0.2234900186368695,-1.1288707900198014,0.6699362541528707,-0.11266846467686563,0.19653087943629577,0.1316132697994857,-0.741248890528571,-0.38522135067898444,-0.3527020942274352,0.3438487361771636,0.10149148342006412,-0.5705458525006063,1.0652804306323715,1.1286501083694203,38
B0006,72,-0.28697247703288925,-0.2869724770328896,-0.9662961331609178,0.011684314770993142,-1.2097925577201813,0.7279431631325741,-0.06054152748850333,0.22274982621546838,0.13270828061142173,-0.7621437193447109,-0.429079840899164,-0.3881669331107584,-0.22624646029776738,-0.5623823375195441,-0.5342652430493425,1.0652804306323715,1.1286501083694203,37
B0006,73,-0.3378635146819801,-0.33786351468198017,-1.0147526202150188,0.4618267847864447,-1.1580831932542979,0.7935268354300319,-0.09028756356866219,0.24183080026243126,0.09739108283926341,-0.8027134790723337,-0.4709613773172911,-0.42529093711836896,0.7530816874736834,0.4996974594106137,-0.5433527839891695,1.0652804306323715,1.1286501083694203,36
B0006,74,-0.3638331890868534,-0.36383318908685386,-0.9761055875472139,0.2861378320058282,-1.2355096789978492,0.8025073191322374,-0.02281461225482462,0.27022897371400184,0.060524341465308044,-0.8426352359914213,-0.513130261671763,-0.47453643282066227,0.7584338254973542,0.46631427329417663,-0.5559138359769707,1.0652804306323715,1.1286501083694203,35
B0006,75,-0.3909925276677494,-0.39099252766774945,-1.0062739767298778,0.10675298129463542,-1.3179631769347309,0.8088594293455257,0.010643516021991362,0.2507680339900762,0.020368435539272218,-0.8834072247834523,-0.5571634594372392,-0.5161291215630202,0.7549813106276518,0.4292307481349011,-0.5643393215690942,1.0652804306323715,1.1286501083694203,34
B0006,76,-0.44374580689832394,-0.4437458068983234,-1.1469089980592206,0.3330246370867612,-1.3120231201546164,0.9274070221353454,-0.049883677761841494,0.21671829394206416,0.0212692368864496,-0.92496203576029,-0.6004840343205815,-0.5615504260055113,0.8519382032591403,0.5010232178256444,-0.5565237544559409,1.0652804306323715,1.1286501083694203,33
B0006,77,-0.47339153675514795,-0.4733915367551485,-1.0999550464947132,-0.04240224331601689,-1.434965798698268,0.9298627018060441,0.27632060506453476,0.3389345318681805,0.01939738821547888,-0.9454480574354754,-0.6450206656705338,-0.5988351846784972,0.8784652724999119,0.5008028473157641,-0.5779632185878423,1.0652804306323715,1.1286501083694203,32
B0006,78,-0.25862050631307787,-0.258620506313078,-0.22202634085832976,-0.014871308681753917,-1.1978664880415908,0.45781273783486137,0.5949808943192293,0.8792720440306175,0.016042109803054767,-0.7617022946127225,-0.4058759203434488,-0.635957713872664,0.5064943226247757,0.0564710845494707,-0.6123224495256371,1.0652804306323715,1.1286501083694203,31
B0006,79,-0.39059689710754997,-0.39059689710754936,-1.2430217402735,0.2771645268594868,-1.3281595800536599,0.7092421504857838,0.3151927633165072,0.39639375212442673,-0.054336094532431864,-0.9042346439114561,-0.5777099862776378,-0.6732439473590937,0.932328098634654,0.5013920732780021,-0.6415218569342334,1.0652804306323715,1.1286501083694203,30
B0006,80,-0.46771675797773454,-0.4677167579777348,-1.1329118236129099,-0.11317222334552639,-1.5031116408612948,0.7746614878792024,0.3132172153384893,0.222993694470055,-0.09042599804735256,-0.9853698143545635,-0.6627649754356979,-0.8656377855445702,0.9771230519732138,0.3975963846743805,-0.49306333228338173,1.0652804306323715,1.1286501083694203,29
B0006,81,-0.5204911381210936,-0.5204911381210942,-1.3556808905162983,0.4185773635919548,-1.428998267713849,0.9512716739783581,0.3525499476284456,0.3483021394079002,-0.0875872341688608,-1.0256003511354363,-0.7069820758804357,-0.5706529745807128,0.8580990289360099,0.5006178303636314,-0.4515569436562413,1.0652804306323715,1.1286501083694203,28
B0006,82,-0.5195744915387088,-0.5195744915387089,-1.0608304367980226,0.3333717860594968,-1.4263288491450379,0.944026727261669,0.691757453583601,0.8588034616880987,-0.09359119911129031,-1.026074393458458,-0.708165949378176,-0.6943529521803606,0.9455250354483082,0.4992366847081436,-0.7401856829434645,1.0652804306323715,1.1286501083694203,27
B0006,83,-0.5459839422887602,-0.5459839422887603,-1.0380765633355458,0.41738498443272454,-1.403080200372691,0.9571819147935221,0.8214526986247633,1.1200638898314392,-0.12580930967985454,-1.0257351705117084,-0.7272757365368506,-0.7548896196084706,0.35760805446990124,-0.20453833994215384,-0.7951928852185832,1.0652804306323715,1.1286501083694203,26
B0006,84,-0.5746753418492603,-0.5746753418492601,-1.0826738174340012,0.15371625421576,-1.5098512742347374,1.0164938164999338,0.7932160470166423,1.057946563459695,-0.129553007021796,-1.0672878069824772,-0.7729272778798212,-0.790906038719779,1.0167973739496037,0.501539379768561,-0.6420155749580972,1.0652804306323715,1.1286501083694203,25
B0006,85,-0.654668092026584,-0.6546680920265847,-1.339449288083641,0.023034861739109944,-1.6124182610069324,1.0346452100334087,0.7066618753820724,0.8334764414592599,-0.2056748529746098,-1.1287197779352063,-0.83794147256545,-0.7929117850033622,1.0168470580276434,0.49999207239173166,-0.3431552901582093,1.0652804306323715,1.1286501083694203,24
B0006,86,-0.6531852422297677,-0.6531852422297677,-1.09576715200684,0.10347915694776351,-1.649759982847727,1.043995805403782,0.5557958882117453,0.613018812574883,-0.24305397676622523,-1.14791414300546,-0.8796758868401678,-0.8239743057569094,0.8805784314786517,0.3232608157306342,-0.36385353486924044,1.0652804306323715,1.1286501083694203,23
B0006,87,-0.677229058767004,-0.6772290587670038,-1.0850751202822153,0.47237275063054757,-1.553915005340091,1.0996020394400776,0.7628122911013429,0.9025614018075758,-0.24034744060842078,-1.1681327004341695,-0.8789609651745427,-0.8623666493261973,0.3385642530682699,-0.3116478353573898,-0.4347674993573406,1.0652804306323715,1.1286501083694203,22
B0006,88,-0.678712676745044,-0.6787126767450437,-1.0805779461213798,0.2599724556587285,-1.5817440403082415,1.1001717551755068,0.9871289336691146,1.2432164081324695,-0.24131435581594182,-1.1686415348542942,-0.8796781856236591,-0.9143287513919905,1.1038269649456394,0.49993786360320563,-0.6193602119482885,1.0652804306323715,1.1286501083694203,21
B0006,89,-0.7047922331089003,-0.7047922331089002,-1.0290854928992743,0.43843234705269174,-1.5555723439481435,1.1107552057037027,0.9922681669753,1.2873667611749202,-0.27953643132693556,-1.1694917667272373,-0.90126376260188,-0.9601423562105353,1.1371596957697419,0.5004893791038572,-0.6729063818335093,1.0652804306323715,1.1286501083694203,20
B0006,90,0.06009237430910953,0.06009237430910916,3.5772568158388935,0.4154124325307703,-1.008980289065127,0.12684934397357092,0.8356764887173262,0.9238968638703011,0.24892405074620003,-0.7003072902631653,-0.18953970481166846,-0.9642202153826729,1.0750704548413585,0.428014585748845,-0.40866213597361206,1.0652804306323715,1.1286501083694203,19
B0006,91,-0.17754326748382376,-0.1775432674838232,-0.10826496364961183,0.429291854413369,-1.0648731563170695,0.12297611405302031,0.661435807927231,1.0751207089542667,-0.14066013555947762,-0.7612282522897009,-0.2980859624617886,-0.9679529682089585,1.1411397075531042,0.49868516920749845,-0.31795385323623243,1.0652804306323715,1.1286501083694203,18
B0006,92,-0.33707657347478814,-0.33707657347478864,-1.0313066734734166,0.2945009411832285,-1.235406096779425,0.43014745401335064,0.6998825433367921,1.1398713245528977,-0.176489715749296,-0.8839160592035767,-0.4705659865568806,-0.802613107836751,1.020282659168652,0.4960701843870881,-0.4333713806945927,1.0652804306323715,1.1286501083694203,17
B0006,93,-0.41626248781001923,-0.41626248781001945,-0.9302654810558624,0.14613980506274402,-1.3582685590764805,0.5566159263445876,0.6577896084378048,0.9884888797692347,-0.21064578884917462,-0.9654948288847414,-0.5779260719257692,-0.5541763587864563,0.5693436242363484,0.19188228138281319,-0.08981118034534033,1.0652804306323715,1.1286501083694203,16
B0006,94,-0.49615607819560337,-0.49615607819560287,-0.919852011091563,0.37748026632884235,-1.3909633945391433,0.6825970963781358,0.5369395861451216,0.8408255117350886,-0.2501612167531354,-1.0264505830083792,-0.6647051487018981,-0.6738205994156239,0.8207207456298531,0.376512701293657,-0.17360328712117795,1.0652804306323715,1.1286501083694203,15
B0006,95,-0.5472344554667289,-0.5472344554667283,-0.95991719068071,0.11842700857912676,-1.5067372389305185,0.7491671931347048,0.5718341060093923,0.8065483693702119,-0.28411894827198303,-1.0873693705288459,-0.7290366046907717,-0.764151448035604,0.9961340830255011,0.4998824763627549,-0.3091209397744506,1.0652804306323715,1.1286501083694203,14
B0006,96,-0.5986222403942141,-0.5986222403942145,-0.9894633360286172,0.3117989222272973,-1.5008664782277823,0.8164189468987468,0.6205355865811126,0.8886835722218295,-0.3213121268313844,-1.107144328719498,-0.7712399707976046,-0.8404052023344079,0.931998280925117,0.36745394135024284,-0.40371353775212654,1.0652804306323715,1.1286501083694203,13
B0006,97,-0.653624820890482,-0.6536248208904825,-0.9688763671126511,0.06397404431181805,-1.5820996705110661,0.8778498519563626,0.7029144476275715,0.9636395079459928,-0.3220187187138031,-1.1484925616197896,-0.8158501632192617,-0.8841201476224095,0.9791548136326076,0.3850930097557368,-0.43045964994594893,1.0652804306323715,1.1286501083694203,12
B0006,98,-0.6786459432096239,-0.6786459432096233,-1.1848990922936617,0.09571285704812771,-1.6112910865331111,0.9471230207044181,0.7271813937672118,1.0021035527625917,-0.3578524310198938,-1.1884491106359798,-0.8786345379188544,-0.9291933960921616,1.1138864050865234,0.4992743951697343,-0.39359722659801616,1.0652804306323715,1.1286501083694203,11
B0006,99,-0.7062714942151502,-0.7062714942151496,-1.0057705911151191,0.19603058297313894,-1.6157595046737836,0.9553682328152574,0.7375750699675864,1.019268566511634,-0.39659102106481986,-1.2106029784660182,-0.9024499348831115,-0.9656714318113828,0.6731220350718258,-0.021232499994422453,-0.398427871626659,1.0652804306323715,1.1286501083694203,10
B0006,100,-0.7574760619176815,-0.7574760619176818,-1.0288268486012646,0.05073871227624339,-1.6643085122039973,1.0168849590618996,0.8152055292076853,1.096424522048531,-0.3934919338612258,-1.230140915495159,-0.9435062080280565,-0.9964124432341793,1.1618526825552389,0.49903516942905857,-0.39460193198792065,1.0652804306323715,1.1286501083694203,9
B0006,101,-0.7835878901917119,-0.7835878901917125,-1.0238399079930527,-0.028668833495578208,-1.7074623081274505,1.0256009343135633,0.8666324066795477,1.1208663868726505,-0.43268505669601287,-1.2504573256969698,-0.9648412176057849,-1.0333299733596562,1.1887433969629388,0.4995136209103951,-0.3902050091568779,1.0652804306323715,1.1286501083694203,8
B0006,102,-0.811467222129864,-0.8114672221298638,-1.2054292181760524,0.32834314046451496,-1.6599224559788626,1.0949899965276348,0.8051473367055312,1.1019916045907427,-0.47245254369253137,-1.2905160764983987,-1.0090560192670315,-1.0562574231571422,1.206597951815759,0.5010974602968841,-0.3693613004253933,1.0652804306323715,1.1286501083694203,7
B0006,103,-0.8103948952399525,-0.8103948952399525,-2.3144178187977684,0.05912200640329115,-1.7157001076390987,1.0838523774807995,1.3103423725279526,1.4527927146314206,-0.43378006750794895,-1.2909901188214206,-0.965521657519049,-1.085154917775175,0.763306036469333,-0.01616987052688938,-0.38509538473983596,1.0652804306323715,1.1286501083694203,6
B0006,104,-0.6515134482601063,-0.6515134482601069,-0.4011922188603986,0.3872574275919007,-1.4336080300965939,0.8320369837190071,1.2698834363588132,1.81587948931679,-0.40026860454641766,-1.1274607389213085,-0.793041633423957,-1.1210120570345516,1.2528802561713666,0.5009501538063251,-0.4044768611569424,1.0652804306323715,1.1286501083694203,5
B0006,105,-0.7557294695922521,-0.7557294695922515,-1.2097760541014368,0.3621734169455507,-1.5483647170576031,0.9698691381414213,1.2489470289370137,1.722179880467596,-0.47439050622382134,-1.2298995453214963,-0.921162032497897,-1.1718238046141725,0.482149124385553,-0.39885327776829876,-0.23760241561131804,1.0652804306323715,1.1286501083694203,4
B0006,106,-0.8390184249604408,-0.8390184249604407,-1.4377192290972622,-0.08415288343767974,-1.7157620859295144,1.0415630741103348,1.2567241039700143,1.6280608094182638,-0.5135175151982891,-1.2920447542648412,-0.989012926011109,-0.9761337583817781,0.898598952294279,0.22176664373549898,0.004511715952255701,1.0652804306323715,1.1286501083694203,3
B0006,107,-0.8656265742667499,-0.8656265742667502,-1.2662343585623261,0.27544515855734236,-1.7076036284499196,1.0088204372882246,1.0919007427833578,1.4196761401620341,-0.6301878181229285,-1.332273116539645,-1.0523030330786691,-1.0604517925913408,0.26915771026355334,-0.5473016882420808,-0.0952641962719646,1.0652804306323715,1.1286501083694203,2
B0006,108,-0.8898643902223906,-0.8898643902223906,-1.0734135922581036,0.3282429269755444,-1.6941103093809204,1.1683360791162332,1.144721893998909,1.461617434349987,-0.5520618957784567,-1.353644162184876,-1.0967316216045557,-1.1110098722586257,0.7284542413868763,-0.07568169271271451,-0.17993276151445445,1.0652804306323715,1.1286501083694203,1
B0006,109,-0.938971196582247,-0.938971196582247,-1.3908824932568546,0.5012095299001873,-1.6484288434839514,1.2400591185413137,1.2748438078239928,1.7405679469226534,-0.5854411310193005,-1.3714142257799948,-1.115266712890541,-1.1696809006803148,1.2871199856967,0.5002312981323989,-0.29176215524412835,1.0652804306323715,1.1286501083694203,0
B0006,110,-0.9421428322401959,-0.9421428322401957,-1.1144540094047837,0.38455410786041094,-1.6703325940721545,1.2441769392829627,1.4019150882117346,1.9038552781626688,-0.5867303512959934,-1.3719904698882672,-1.1156253231151054,-1.2028642031660624,0.503075635212459,-0.40032752112581316,-0.23856035119718189,1.0652804306323715,1.1286501083694203,0
B0006,111,-0.9684119465632183,-0.9684119465632178,-1.0339554817068997,0.18266501312154235,-1.7743302107006202,1.2547959594558447,1.2964953428785995,1.6988705458830509,-0.6228243869271882,-1.4131712658212412,-1.1795958700959233,-1.2066426752091062,1.221826650288807,0.39790867443436695,-0.0782405436946433,1.0652804306323715,1.1286501083694203,0
B0006,112,-0.9959997636217516,-0.9959997636217522,-1.092452105436649,0.18137039500552174,-1.809095665390552,1.261061237982464,1.2542858754269721,1.5601562909732547,-0.6636951489681874,-1.4342030885197226,-1.2251784479341716,-1.2371064217044663,1.3339794710439938,0.4985932499573817,-0.09227642777232765,1.0652804306323715,1.1286501083694203,0
B0006,113,-1.0471382160071665,-1.0471382160071665,-1.4392614905007097,-0.0653463182306578,-1.8573465328812706,1.3202577504291846,1.4563244732092444,1.8274143739547213,-0.6637571307122587,-1.4549609234535212,-1.2250336245742537,-1.2822268642044201,1.3673439151094027,0.4997339914202712,-0.2875594797856578,1.0652804306323715,1.1286501083694203,0
B0006,114,-1.0223428562876398,-1.0223428562876398,-1.0923916334848227,0.16894574546321858,-1.772919729601076,1.3233319456013217,1.5630370041153165,2.0807065426778,-0.6635009395034287,-1.4342030885197226,-1.224638233813843,-1.304763488439296,0.5438567493102746,-0.4362879816010677,-0.2394828480297892,1.0652804306323715,1.1286501083694203,0
B0006,115,-1.0467424315742566,-1.0467424315742562,-1.055320801318149,0.17851387599027208,-1.7992032057236296,1.3342255543994752,1.4715376918590923,1.9463211463444123,-0.7012684822245615,-1.45356923956942,-1.2445020219574865,-1.3002697318760037,1.3812681422569058,0.5008393793254258,-0.10672438189059813,1.0652804306323715,1.1286501083694203,0
B0006,116,-1.074445051553381,-1.0744450515533808,-1.103030183776941,0.13448274066223137,-1.851189941769867,1.345883563940443,1.387174300696888,1.7663772348374491,-0.7396227854562426,-1.4950892584491553,-1.3103391811328062,-1.311653816848781,1.3883053105017398,0.49958786338163697,-0.028815512359261768,1.0652804306323715,1.1286501083694203,0
B0006,117,-1.0993969469693652,-1.0993969469693647,-1.0986884584361547,0.14003938105468153,-1.8890050531675278,1.351764278499326,1.3166061516911323,1.6103520866629613,-0.7762292035050956,-1.514218388337342,-1.3315684466699602,-1.3441926258595833,1.413378856182855,0.501539379768561,-0.14254897716758294,1.0652804306323715,1.1286501083694203,0
B0006,118,-1.12560828116421,-1.1256082811642105,-1.2323889475050702,0.4241507182285911,-1.7942126644284946,1.4129259467758635,1.4198586327785756,1.8438161359971743,-0.7790018535232437,-1.515303466865727,-1.3318190140704527,-1.3810629619548582,1.438039072619008,0.4995690081508459,-0.26994048003536153,1.0652804306323715,1.1286501083694203,0
B0006,119,-1.149915029244869,-1.1499150292448692,-1.3279208964834393,0.09140168745478601,-1.8402598312874,1.4109583956355989,1.6947831369172428,2.2289539441555433,-0.7751961744372309,-1.5143553822196831,-1.3309569702614181,-1.4048900479530688,1.1431714692124886,0.15181491595078037,-0.2790636274980425,1.0652804306323715,1.1286501083694203,0
B0006,120,-0.994375327395973,-0.9943753273959732,-3.3022576630028535,0.20705641868017635,-1.7497219260398875,1.2067557674288825,1.4229398206490225,1.9681851718853942,-0.7063716458198136,-1.454112866086647,-1.1380752426858456,-1.4038296570869686,0.8171688626040712,-0.21076174455528798,-0.09849942587080177,1.0652804306323715,1.1286501083694203,0
B0006,121,-0.8887090463449429,-0.8887090463449433,-0.21617143149837242,0.2415906045496532,-1.5925927390760617,1.0114799257880736,1.5521022295865883,2.150423374398934,-0.6675008280542002,-1.3320013032810316,-1.052480039407457,-1.3827442492808026,0.7365971446450885,-0.28373384462243206,0.07273519652881233,1.0652804306323715,1.1286501083694203,0
B0006,122,-1.0217737289391773,-1.0217737289391773,-1.1025584636011492,0.03795883781348405,-1.765809375451206,1.1575978571598324,1.4481328146110914,1.8929610539610824,-0.7411062151976959,-1.4330462512910631,-1.1807107800889414,-1.2321068041299472,0.8398480585669137,-0.0482638302379554,-0.04591884608411641,1.0652804306323715,1.1286501083694203,0
B0006,123,-1.0744061814564527,-1.0744061814564534,-1.143076559312372,0.2802013320842405,-1.774195754402507,1.2930750079375453,1.2447195137812594,1.5968872386561048,-0.7764234129698543,-1.4949522645668143,-1.288358213394175,-1.211919557711062,1.205293480490214,0.3752611853498617,0.05223383344450599,1.0652804306323715,1.1286501083694203,0
B0006,124,-1.1295430823629504,-1.1295430823629502,-1.0694258747863552,-0.01616517303849882,-1.8830517498041486,1.3018808583984571,1.2917057199778894,1.5581596872090593,-0.8206494534232776,-1.5365744852317882,-1.3331844914639632,-1.3090035770902526,1.199693979184394,0.29144379222181543,-0.18469790215682746,1.0652804306323715,1.1286501083694203,0
B0006,125,-1.1538203390540305,-1.15382033905403,-1.1197947235395866,0.2563936902267151,-1.8253249695028144,1.4293415731558432,1.2326474188242653,1.5362493100405425,-0.8147116023411917,-1.5556362054318384,-1.3739878984249245,-1.3797725001915238,1.4387653058448153,0.5014097500568706,-0.323445621096987,1.0652804306323715,1.1286501083694203,0
B0006,126,-1.1794161855148424,-1.1794161855148428,-1.105298340495513,0.19052199505090855,-1.8777237800676194,1.3847595888728976,1.2590291065450978,1.5303921778251879,-0.894833336844777,-1.5758504138484102,-1.417483180853564,-1.408922187908448,1.3702340485000235,0.40171978795810687,-0.35314335559895926,1.0652804306323715,1.1286501083694203,0
B0006,127,-1.2317926456393578,-1.2317926456393578,-1.144114281057587,0.10233069267111439,-1.9040870891263815,1.4493918683402025,1.2571254901776794,1.5162998127027796,-0.8908954300380768,-1.5961015888681533,-1.4398250576002443,-1.4476832348386885,1.4513522913174337,0.46117740135540386,-0.3724977325097746,1.0652804306323715,1.1286501083694203,0
B0006,128,-1.2608559581678493,-1.260855958167849,-1.1176167473602592,0.10082806103330628,-1.9211648043593363,1.5132273021392741,1.2071395900592827,1.4171406150532218,-0.8916722678971115,-1.6173726072342147,-1.4838260723968506,-1.4706800008680336,1.4390295828556585,0.4290645864135467,-0.3683650059333023,1.0652804306323715,1.1286501083694203,0
B0006,129,-1.2875664092775003,-1.2875664092774997,-1.42419262956893,0.30127900824043047,-1.8957354846890369,1.5865782348181587,1.1358167420045724,1.3479955180948002,-0.9311215819407286,-1.6384370475237295,-1.5266432136957162,-1.4967193070319607,1.5225738886326459,0.5013920732780021,-0.42011594033001115,1.0652804306323715,1.1286501083694203,0
B0006,130,-1.309477040963367,-1.3094770409633674,-1.2222289401939446,0.02868133412487313,-1.9745374165754634,1.5312481731385754,1.223109829039038,1.4047746894583963,-0.9672114854556493,-1.657566177411916,-1.5460012694713925,-1.5249944303767051,0.8097860200290482,-0.3158089491027006,-0.48161440913502357,1.0652804306323715,1.1286501083694203,0
B0006,131,-1.3112577808449346,-1.3112577808449353,-1.1396888259950733,0.28948726318628565,-1.9058530318706648,1.5972469400032938,1.2028051418205743,1.427906047532943,-0.965728055714196,-1.6575313853148135,-1.5683431462180735,-1.5447893764195364,1.3231102861418809,0.24062187452704684,-0.49948111058500627,1.0652804306323715,1.1286501083694203,0
B0006,132,-1.3393358752942477,-1.3393358752942475,-1.145009501970245,0.3971962475097526,-1.883384753594608,1.6619680114312885,1.1633422309783756,1.3666885629941288,-0.966951162130547,-1.6785632080132946,-1.591618329062002,-1.559307439960412,1.5668730582988575,0.500765136854184,-0.48272823417854166,1.0652804306323715,1.1286501083694203,0
B0006,133,-1.3128816014112978,-1.3128816014112972,-2.6900281223110634,0.3148389413032767,-1.843192445286849,1.6511325123751293,1.2475240176168199,1.7065668766331208,-0.931055468080385,-1.6575313853148135,-1.526102999575388,-1.5811995707203472,1.5812106146913327,0.49925553993893895,-0.4916778460927629,1.0652804306323715,1.1286501083694203,0
B0006,134,-1.1793005732467692,-1.1793005732467694,-0.20025575398699105,0.22983876943665166,-1.7238759243535906,1.3856464911726758,0.9192988930960019,1.5342329294154473,-0.8914119445720092,-1.5350805995624481,-1.373879855600859,-1.6012467098620653,1.5195843870859456,0.4145366310886618,-0.5327203776531183,1.0652804306323715,1.1286501083694203,0
B0006,135,-1.2871513760499587,-1.2871513760499593,-0.5448224485824307,0.48650993872941667,-1.7192376109291554,1.5867303135491175,0.7524051936687165,1.3184131594285629,-0.9308612586156263,-1.6179488513424753,-1.4841502008690477,-1.593204552152964,1.590096664904046,0.4995690081508459,-0.3988953538906853,1.0652804306323715,1.1286501083694203,0
B0006,136,-1.3671788729927628,-1.3671788729927625,-1.1136512080259293,0.2230345519823407,-1.8538330935282048,1.6639008829735562,0.7045011015327365,1.1809269022263071,-0.9667569526657883,-1.658209831208313,-1.570067233836142,-1.4043591151132966,1.3973562695692303,0.4356014592385985,-0.16433966650871834,1.0652804306323715,1.1286501083694203,0
B0006,137,-1.3918630129262461,-1.3918630129262464,-1.118462699697775,0.44659432626715806,-1.837891477899435,1.735685595860463,0.5226984892877016,0.9085321334232985,-1.006272380569749,-1.699186223570821,-1.634467653329738,-1.543015175846632,1.5542046755068972,0.4996609274009541,-0.41546181696009193,1.0652804306323715,1.1286501083694203,0
B0006,138,-1.4160815680392655,-1.4160815680392655,-1.2220471686283454,0.03648780909893754,-1.9053772462144305,1.7338116873733243,0.8410127709357601,1.291588013350537,-1.003884017364846,-1.6983381662039467,-1.6331389564720797,-1.5926293749098779,1.5908736393159348,0.5008947665658765,-0.5298748665148674,1.0652804306323715,1.1286501083694203,0
B0006,139,-1.416939836578486,-1.4169398365784862,-1.1385718119717285,0.2854873301536915,-1.8117891401507253,1.799815371040574,0.8945719040395257,1.4802959616659548,-1.00304519776174,-1.6987447988388327,-1.6334263044084245,-1.6230016829717213,1.2910513705100584,0.14238730055500642,-0.5788027948509941,1.0652804306323715,1.1286501083694203,0
B0006,140,-1.470961048893717,-1.470961048893717,-1.2434820974836396,0.02942401950266156,-1.914528815901024,1.81163123177134,0.8189403018705116,1.2804027464567596,-1.0412672732727337,-1.7392123567812166,-1.6771031907328338,-1.6037125979401174,1.4746572952419623,0.3624820526808954,-0.3857662143091153,1.0652804306323715,1.1286501083694203,0
B0006,141,-1.5225883601426862,-1.5225883601426857,-1.363315003722511,0.19408529054950258,-1.9217660060939898,1.888195532191619,0.6267004282848697,0.9733232197527467,-1.0821380353137329,-1.7589873149718689,-1.739961126504131,-1.6201656167192728,1.2192504779870672,0.064610651991794,-0.36875663263672515,1.0652804306323715,1.1286501083694203,0
B0006,142,-1.5228161462070018,-1.5228161462070016,-1.1931294143914193,0.3996924354149622,-1.8808726718241584,1.949952140874223,0.49423888901016794,0.8242670581398706,-1.0799397494573162,-1.7807649932519856,-1.7846425812140014,-1.6523578445707796,0.9852321277740421,-0.22199356984742918,-0.5257338908132894,1.0652804306323715,1.1286501083694203,0
B0006,143,-1.5488525962806072,-1.548852596280607,-1.1688329486794709,0.26839247676320965,-1.8754599937082264,1.9488868434780577,0.741691920766627,1.145488107230648,-1.0800678450617311,-1.7807649932519856,-1.763307571636273,-1.6934461471153541,1.5860003712359163,0.41490430808909684,-0.6809786617539265,1.0652804306323715,1.1286501083694203,0
B0006,144,-1.5483962640099116,-1.5483962640099116,-1.1853142040256537,0.332101812793224,-1.8592542859564978,1.9638553679233532,0.7450787697818169,1.190581637843746,-1.1137735174880212,-1.7796777402175314,-1.783566750540327,-1.7222979225166288,1.515884508934088,0.31368589384429485,-0.6908377938297102,1.0652804306323715,1.1286501083694203,0
B0006,145,-1.6005765973012394,-1.600576597301239,-1.5334516608170252,0.33787085929959804,-1.8813503057694347,2.0927165745899243,0.5674667830618545,0.9210883541918563,-1.1140916904409226,-1.8205171386976984,-1.8479671700339226,-1.7048066350730302,1.4752524470703896,0.2823661770476102,-0.5087803101448352,1.0652804306323715,1.1286501083694203,0
B0006,146,-1.6289065938980656,-1.6289065938980654,-1.2506756470149283,0.5104854751214107,-1.8778137881516845,2.106713375016806,0.40469416911135814,0.678157795221962,-1.1555450808761976,-1.841446759610941,-1.8925428807032185,-1.7260306753429144,0.8015934326927886,-0.48558026869787974,-0.5853624895024233,1.0652804306323715,1.1286501083694203,0
B0006,147,-1.6534650022118282,-1.6534650022118278,-1.2392668322354783,0.08382887254907062,-1.9947192668027582,2.104012082612461,0.4804925255232032,0.6622418036293636,-1.1557392903409562,-1.861323919586832,-1.9126572362473544,-1.7598127520868492,1.3876773883239664,0.1407857843896489,-0.7420272534017378,1.0652804306323715,1.1286501083694203,0
B0006,148,-1.6536086643822399,-1.6536086643822396,-1.1367701438294255,0.09773770742999979,-1.9377057927133468,2.1040417293581033,0.7533897861562415,1.012623440710528,-1.1506402588619764,-1.8416163710843159,-1.8913590072054778,-1.8013611964258927,1.4910762973718634,0.2228543548617872,-0.8607169948371717,1.0652804306323715,1.1286501083694203,0
B0006,149,-1.6795080570200032,-1.6795080570200034,-1.4378623078286605,0.37683229210729696,-1.87453849116058,2.1794959456552907,0.5835257598324165,0.9341795318319396,-1.1927341273193266,-1.8609499045429798,-1.934962332458183,-1.797628443599607,1.735795752308103,0.4986474587459077,-0.8103309866470677,1.0652804306323715,1.1286501083694203,0
B0006,150,-1.6525810290894873,-1.6525810290894873,-3.2238845053678977,0.5094668377560666,-1.8783932398869807,2.166919587340129,0.6426622886011119,0.8142167797389455,-1.1516732879298412,-1.8819817272414612,-1.891142921557347,-1.78923970473121,0.9187009188473417,-0.40553745708390304,-0.6568214456774562,1.0652804306323715,1.1286501083694203,0
B0006,151,-1.469459575841048,-1.4694595758410476,-0.30652457355785806,0.4379500043539162,-1.6649151699664861,1.870831281625758,1.2428144401143422,1.5010730646800534,-1.0430730080833608,-1.6986425970535939,-1.655264747570629,-1.8042415070816555,1.4766393728233145,0.2044587203207826,-0.6780135968857051,1.0652804306323715,1.1286501083694203,0
B0006,152,-1.6017031384230274,-1.6017031384230274,-1.2863851332432998,0.36318053771078207,-1.7569037211666083,2.0905768270539324,1.2575285880757294,1.5240219383336413,-1.1180998432242386,-1.8011509876480012,-1.805621279350663,-1.8943673566329458,1.8078450652212892,0.5016678310283289,-0.7318360039541095,1.0652804306323715,1.1286501083694203,0
B0006,153,-1.6800685840555745,-1.6800685840555742,-1.2402493562513262,0.4865283152929019,-1.7510187684091638,2.2329727867078355,1.1393832954169565,1.3497796931004304,-1.1528963943461923,-1.8411075366641914,-1.8921474899428081,-1.6444086001086382,1.6104301381186041,0.4813218585523185,-0.44084006832215145,1.0652804306323715,1.1286501083694203,0
B0006,154,-1.7599035117373472,-1.759903511737347,-1.4048696422036893,0.3185718067350019,-1.802095286974734,2.3618074385734036,1.1373643305295196,1.2926903632769282,-1.1521236886034298,-1.8820817545206308,-1.9569433001968148,-1.720430808696764,1.4371965575084273,0.2274573880787727,-0.49447804761081526,1.0652804306323715,1.1286501083694203,0
B0006,155,-1.7851115218214408,-1.7851115218214408,-1.2922303580572125,0.10070177589900788,-1.8774981264863926,2.376708942954561,1.1902984643271755,1.272591598967935,-1.1864739711680672,-1.903048342037045,-2.0204862734483577,-1.7792625917838287,0.9502492512942095,-0.36239551058091657,-0.5987175747881102,1.0652804306323715,1.1286501083694203,0
B0006,156,-1.8121698434316957,-1.8121698434316953,-1.225432026880565,0.41723685876988575,-1.7849152460872093,2.50662286682423,1.1048492888580914,1.2196959001583523,-1.1873747725152446,-1.921427267331458,-2.063622945652439,-1.8122379455739988,1.3427502964799851,0.04881114704040438,-0.6426461714515336,1.0652804306323715,1.1286501083694203,0
B0006,157,-1.8657279112083345,-1.8657279112083345,-1.3153584820780626,0.21320387507207786,-1.8470053205940773,2.5213607464865158,1.154145837615486,1.2461105397174759,-1.229472773088867,-1.943887740517212,-2.0854613888146436,-1.8346138151434994,1.4761266754222708,0.17961813220484307,-0.678037651293143,1.0652804306323715,1.1286501083694203,0
B0006,158,-1.893353650658813,-1.8933536506588127,-1.2185526351356288,0.1726880008818462,-1.8538747272852036,2.5875953362518738,1.1433286972082217,1.2062001383169128,-1.2288860125783188,-1.9435463430643931,-2.1297842332999557,-1.8681422239750987,1.2176637588139494,-0.13530428937943256,-0.7031407890932112,1.0652804306323715,1.1286501083694203,0
B0006,159,-1.9171308501140871,-1.9171308501140871,-1.1604479782126529,0.13738012569601377,-1.8733083857337636,2.6006044470691876,1.1847363873136738,1.2257249727186843,-1.2656907722082027,-1.963288683664012,-2.1499721499157958,-1.8848031914498315,1.5481093905287233,0.21975974010812416,-0.6991762963120944,1.0652804306323715,1.1286501083694203,0
B0006,160,-1.969007963819845,-1.9690079638198448,-1.4321924123931074,0.30227741757975024,-1.8057969540998202,2.7304625907450935,1.15918318830659,1.2411271456234463,-1.2623313616795064,-1.9828222716810153,-2.1923893028872694,-1.9082851711021904,1.8083239351649434,0.49108061893887434,-0.7445560488238973,1.0652804306323715,1.1286501083694203,0
B0006,161,-1.996253281752962,-1.9962532817529615,-1.3196853779431084,0.34532193915171344,-1.7933099073654428,2.746211854272647,1.161279135929451,1.2779300376400404,-1.2997807314477376,-1.984420533641663,-2.2149472652820816,-1.9232397794224336,1.2700899751177213,-0.12088593008352652,-0.7276500324874695,1.0652804306323715,1.1286501083694203,0
B0006,162,-2.023989121438337,-2.0239891214383365,-1.219716819550621,0.3760825677438642,-1.7735752338260227,2.8136036998597076,1.189565125663029,1.3163631058031635,-1.3030740281160904,-2.004195491832315,-2.237036275844779,-1.939141217973604,1.3029924629681677,-0.09691268258399913,-0.6999227135356026,1.0652804306323715,1.1286501083694203,0
B0006,163,-2.0495439294677094,-2.0495439294677094,-1.2896354987861693,0.21856516730421627,-1.815035913852958,2.8780345004898735,1.1909894927019007,1.2523506920501661,-1.3013963889098785,-2.0243770826578533,-2.2800672040082848,-1.9521151518388096,1.5698963873029397,0.19026190998666453,-0.6976236644473044,1.0652804306323715,1.1286501083694203,0
B0006,164,-2.1541566134915717,-2.1541566134915717,-2.5864212575426526,0.42530037922075614,-1.7646874797141177,3.0892412757799126,1.0976311867394202,1.1798483422655743,-1.3371020056115541,-2.065864483946555,-2.3660577980470836,-1.9703423711908696,1.4635407470576962,0.057133374531023705,-0.7072729076796758,1.0652804306323715,1.1286501083694203,0
B0006,165,-2.1008727289647995,-2.1008727289647995,-1.35164828062992,0.47239041767504647,-1.7266318599321735,3.022236545876821,1.1765857708125307,1.292839335776169,-1.3371020056115541,-2.0443890620100165,-2.343391792828206,-1.9899057715230224,1.1857856086575391,-0.26813703340204575,-0.7431656477214307,1.0652804306323715,1.1286501083694203,0
B0006,166,-2.1290863517864373,-2.129086351786437,-1.2482106619535582,0.09695201381177634,-1.8210341979228928,3.022794649150092,1.3124110605388517,1.376679028979848,-1.3408415708372232,-2.045374113259232,-2.366558932848069,-2.0011748210471825,1.36597284597713,-0.07627091867495038,-0.7312785490975732,1.0652804306323715,1.1286501083694203,0
B0006,167,-2.0476326311241766,-2.0476326311241766,-4.004583645783468,0.4006233221357932,-1.6617305968631624,2.873364877227641,1.0749994507115024,1.4458121074967283,-1.3014583706539498,-2.0039236785737016,-2.171557726894017,-2.0232513034875894,1.6508137795921114,0.2236262408723148,-0.6975001291581233,1.0652804306323715,1.1286501083694203,0
B0006,168,-1.9937559962030524,-1.993755996203052,-0.39139119989912335,0.1288232476912454,-1.5823823076094146,2.8388839093077207,1.246124523163074,1.6114540912875879,-1.225534866282167,-1.9022655198522378,-2.150188235563927,-2.031017671082698,0.9385882924675973,-0.5765602926228647,-0.6834908061170252,1.0652804306323715,1.1286501083694203,0
B0007,1,1.5578423078287846,1.5578423078287846,0.8907612100410027,-1.1002515010302778,0.4923465191679896,-0.34146947995077986,0.7088993645046177,0.3063781554863364,2.3687616797486273,1.330716170194306,1.4868849363597336,-2.445807477341098,-1.1896355329910158,-3.2805182333232774,-1.3793865218849792,0.3412820279696074,0.42473116175731324,167
B0007,2,1.5054010688450778,1.5054010688450774,0.7755597810303255,-1.2593493704244247,0.7016837728845357,-0.330980816971121,0.47918279283614473,0.4231885729156464,2.2948381196522303,1.4552740523274432,1.490477934955789,1.4161286829282838,-0.872997846538969,0.15835178877582567,0.2984002392200792,0.3412820279696074,0.42473116175731324,166
B0007,3,1.5055301873583584,1.5055301873583589,0.7486845649285903,-1.6503154365719035,0.7533420815102686,-0.42589464364089546,0.48986334964192296,0.36847303436235324,2.209290916484219,1.4560547000061812,1.4910158502926263,1.4115434879314757,-0.902960516920754,0.12128594039541654,0.3426097656465168,0.3412820279696074,0.42473116175731324,165
B0007,4,1.5060751255984999,1.5060751255985,0.7472134070942836,-2.117092321170415,0.7643439614054583,-0.5207934293761427,0.5020804037701977,0.2341280720313717,2.12632628598587,1.498492360446996,1.4912319359407578,1.41476890493309,-0.9968782239275042,0.019164831976467504,0.40836151838926904,0.3412820279696074,0.42473116175731324,164
B0007,5,1.4994287374401822,1.4994287374401822,0.7701765029493387,-2.3509357222354277,0.7561659543137106,-0.5171919139353279,0.4851926244248511,0.1446066690019756,2.1164463959808115,1.4961482429047128,1.48681367407152,1.4306688686708164,-0.9054045507170675,0.1338435241025863,0.46014212311397706,0.3412820279696074,0.42473116175731324,163
B0007,6,1.505719907536182,1.5057199075361825,0.7122619518913871,-0.9650377368505625,0.8956778118486997,-0.3258479656309984,0.07287609240412644,0.16353619245282586,2.211935470897952,1.4972354959391672,1.490475636172298,1.4328589666348759,-0.5925174836029604,0.48439643962327217,0.423162985119939,0.3412820279696074,0.42473116175731324,162
B0007,7,1.5018676053900106,1.5018676053900097,0.7187356268765176,-1.2558359406570503,0.895739818287772,-0.32404562162344136,0.16165406807879773,0.23727236041670388,2.205931505955523,1.5355611654036763,1.4886802862660158,1.4011740746080406,-0.5726470237113986,0.4812299393022167,0.21883165980253952,0.3412820279696074,0.42473116175731324,161
B0007,8,1.5097905355383223,1.5097905355383223,0.8762033489999433,-1.6451177350309145,1.070339591869547,-0.7038489340295105,0.22029257464808427,0.13004118630052608,1.8820768931799405,1.541845487942821,1.494965160329749,1.4179028835011884,-1.2848904816726512,-0.2994037198621291,0.26822883017020466,0.3412820279696074,0.42473116175731324,160
B0007,9,1.4502863624230173,1.4502863624230167,0.8574275811045073,-1.9894499561515713,1.0876559358994848,-0.8023480871461995,0.264481839296037,0.047086402012444815,1.7917529636021232,1.5378030811607206,1.4913031982289713,1.411220503787281,-1.2585452350153457,-0.2753739066702327,0.5562823652751054,0.3412820279696074,0.42473116175731324,159
B0007,10,1.4521069963945317,1.4521069963945308,0.8277669623202392,-2.36155923909376,1.0424762836365014,-0.8030853289999537,0.3343296258925006,-0.022889765635307507,1.7944636318762,1.53895991838938,1.4469435732078066,1.4210147398676298,-1.250616924689931,-0.2587094180062718,0.6378524468415904,0.3412820279696074,0.42473116175731324,158
B0007,11,1.4520660075814682,1.4520660075814678,0.8131125060645352,-2.7220116645856596,1.0486338015156167,-0.9031343169459912,0.3825847341098532,-0.14863731118317786,1.7076891901755655,1.5397731836591513,1.4469780549601676,1.4175341801402357,-1.2932807482130204,-0.30905170576777913,0.6277770648798338,0.3412820279696074,0.42473116175731324,157
B0007,12,1.3997402071593517,1.3997402071593519,0.8263138276601721,-2.1726418583974687,1.2089927282739086,-1.0025854769660623,0.41964687550715724,0.05286426178711206,1.545569740381152,1.5404211864676864,1.4026207287224943,1.4226503079768162,-1.4091493037407177,-0.4341325930312092,0.7053886635868606,0.3412820279696074,0.42473116175731324,156
B0007,13,1.396833769923152,1.396833769923152,0.8386937759031365,-2.180140512941026,1.3025112722841041,-1.1008501102226846,0.3095716774584347,-0.03733541495827918,1.4598903094924536,1.5402494004882423,1.4474470067922829,0.6881253715405222,-1.3333694565424172,-0.936577355548982,0.11829449364699883,0.3412820279696074,0.42473116175731324,155
B0007,14,1.3965004590787728,1.3965004590787726,0.728560653280431,-2.734495374307731,1.214127945326106,-1.0998352274742005,0.4134101147738534,-0.18521205579546468,1.458729184820174,1.5389577438833109,1.4010759462167046,1.3993526800049336,-1.4568026772285978,-0.5058720323853513,0.8971781120007,0.3412820279696074,0.42473116175731324,154
B0007,15,1.3982818591710746,1.3982818591710744,0.8626283582624183,-1.1450393401288759,1.3928305658486,-1.0987582090983905,-0.07656800694323473,-0.32332091874938834,1.3773140979236216,1.5393317589271631,1.4020460328498048,1.3957113656121596,-0.6025103259370994,0.4435736865076491,0.9134306011193611,0.3412820279696074,0.42473116175731324,153
B0007,16,1.395126333986973,1.3951263339869728,0.8429048807817178,-1.7038275586195004,1.4068176350861277,-1.2015911299164455,-0.005423858666396057,-0.4598643047923929,1.2909941890128482,1.4962504446899516,1.3995679442467672,1.3815634802456855,-1.4764088601093126,-0.5419432673415072,0.8947197975486056,0.3412820279696074,0.42473116175731324,152
B0007,17,1.3401525426420868,1.3401525426420862,0.83387009641515,-2.412848461784243,1.417824210417776,-1.3049306591650705,0.03999753519636656,-0.4876943467156615,1.208670036536574,1.4983901586617572,1.400609293168081,1.3458685704651279,-1.3678406927292517,-0.4494347912704755,0.7025559900298796,0.3412820279696074,0.42473116175731324,151
B0007,18,1.3437173489961483,1.3437173489961487,0.7763624542984318,-1.0102339050185636,1.555416950742717,-1.3052842914107419,-0.24078759323186838,-0.48537454065491564,1.129903636170027,1.4987641737056097,1.3571094131724595,1.350337255199875,-1.4389301515390394,-0.5251137954081253,0.7953068713977984,0.3412820279696074,0.42473116175731324,150
B0007,19,1.342980523142255,1.3429805231422542,0.7446775413126931,-1.6413949720302454,1.5017820208311747,-1.3050105182411296,-0.11049353074936573,-0.47442298581391235,1.129321007775751,1.4978465321445302,1.3558542773865059,1.3521129305862236,-1.383646572193988,-0.4620654389969645,0.9638906355729266,0.3412820279696074,0.42473116175731324,149
B0007,20,1.5061236773228193,1.5061236773228197,0.5132114648970351,-2.1955079579042684,1.006663140019353,-0.7072609649878281,0.2694337387395865,0.025365366131743887,1.9617482270099371,1.6225392336539395,1.4932778532475324,1.3134226747012858,-1.1769988634403588,-0.2626124507801221,0.846458819995606,0.3412820279696074,0.42473116175731324,148
B0007,21,1.5096059881093065,1.5096059881093056,0.5944773736471805,-2.6966347811985085,1.1490582193713077,-0.9025565277115206,0.5159080214914992,0.28302061810634493,1.7987899576124176,1.6642310385131192,1.495289288801946,1.269246112805371,-1.0073499362053042,-0.10878912107882478,-0.6124633974746331,0.3412820279696074,0.42473116175731324,147
B0007,22,1.5077091472732818,1.5077091472732822,0.607658966024972,-1.2828515806873066,1.290911100209121,-0.8965134438616851,-0.14749425730740678,-0.13586017683747034,1.7131766405840627,1.6256335557899966,1.495434112161864,1.5195042564587722,-1.1933184974141862,-0.1161355903759885,-0.42882454333494735,0.3412820279696074,0.42473116175731324,146
B0007,23,1.4569234346816426,1.4569234346816433,0.5879220860871669,-2.465338319744094,1.2830464905804335,-1.098592273099594,-0.0816030111822738,-0.5374851454715041,1.553383572250481,1.5817694193679779,1.4973742854280643,1.5097793366102825,-1.1881323253533187,-0.11812481722449049,-0.4298421897925254,0.3412820279696074,0.42473116175731324,145
B0007,24,1.4528478265679123,1.4528478265679121,0.5574685344764908,-2.961353594154722,1.1319688878141445,-0.9971329424779662,0.04890245847198077,-0.6085768509184561,1.6306004290152307,1.581360612227023,1.4490262710504336,1.4636914164911887,-1.3660890647013568,-0.3533355721855777,-0.6548228205256988,0.3412820279696074,0.42473116175731324,144
B0007,25,1.4552244693271652,1.4552244693271656,0.6144906188874447,-1.5340800977078175,1.5190015031484259,-1.3008854617703705,-0.48865012108384653,-0.8352144793151636,1.3014484431796602,1.5409974305759597,1.451325054541192,1.4589911860457632,-0.6063264859737358,0.48988331178361144,-0.7474246122636378,0.3412820279696074,0.42473116175731324,143
B0007,26,1.3995416536970327,1.3995416536970318,0.5438065009851523,-2.559015754109021,1.412787942172502,-1.3049244278612309,-0.3151909616969204,-0.9116955177935927,1.2980931647672136,1.5386206954426305,1.4486676608258755,1.4465231131917846,-1.3353673907444195,-0.3328057612093552,-0.7844064592517034,0.3412820279696074,0.42473116175731324,142
B0007,27,1.401663645678462,1.401663645678461,0.5748157639591234,-1.1507526145044364,1.5298759787911027,-1.3004841031045318,-0.6201105682174782,-1.0349437914291209,1.2207440802817766,1.4998514267400638,1.4063539531114855,1.415298362959418,-1.3346559570312206,-0.3569628472091033,-0.8226289771358536,0.3412820279696074,0.42473116175731324,141
B0007,28,1.3972902201779758,1.3972902201779756,0.5634646600484414,-1.8990399994520113,1.46014393319093,-1.3010806180472758,-0.49284062866824757,-1.0736368102771159,1.213645104527411,1.4972007038420643,1.4023678625385108,1.4144002015721373,-0.7645945880136764,0.2778173526191486,-0.8484205627199655,0.3412820279696074,0.42473116175731324,140
B0007,29,1.341776475186694,1.3417764751866934,0.608499645916317,-2.614389948819554,1.3898150936320683,-1.303057569341897,-0.2964682705364125,-1.0260935579913382,1.2137690680155537,1.496996300271587,1.4017219043776077,1.3804337731477263,-0.796505508519426,0.21510249810261048,-0.900562260194896,0.3412820279696074,0.42473116175731324,139
B0007,30,1.3471230997020642,1.347123099702064,0.48983943123292023,-1.5444723955299657,1.4814572283949523,-1.2999810089361783,-0.5102256474431142,-1.0353615787510906,1.139395107245568,1.4598274680357373,1.3619966268738122,1.3657092357247174,-1.2301195997286394,-0.2800511823584536,-0.8893810362925113,0.3412820279696074,0.42473116175731324,138
B0007,31,1.5196538239490551,1.5196538239490556,1.7116501727251139,-0.9383040432109722,1.3895894892945084,-1.308156170694085,-0.42563182922137877,-0.7410663196589561,1.4615059669545942,1.5604984010019165,1.4894342872509845,1.366169377519186,-0.547061837737289,0.48178145480286183,-0.8572865919306073,0.3412820279696074,0.42473116175731324,137
B0007,32,1.4156973060817337,1.4156973060817333,1.321451145335868,-1.2285700449506503,1.4910357393608165,-1.410079907236474,-0.36008020787404416,-0.5621008480521789,1.2277810742920707,1.5402494004882423,1.4035172542838898,1.3149196103467538,-0.8777379190055203,0.07219634702962062,-0.6935005701454774,0.3412820279696074,0.42473116175731324,136
B0007,33,1.3616408054951135,1.3616408054951128,1.2991947298041102,-1.0193847025064953,1.4763673280855065,-1.4079760262894512,-0.6065833258799155,-0.8373112704651201,1.1497253979242148,1.4996122310724835,1.3596955445995627,-3.416950007888986,-6.7552100132719195,-10.260949756671875,-3.21948343634687,0.3412820279696074,0.42473116175731324,135
B0007,34,1.3357880407394072,1.3357880407394063,1.2704176615838756,-1.5568036519298198,1.3816247150798828,-1.4064440033245547,-0.6721948997472499,-1.2251771755310585,1.111631418017636,1.4380824073466543,1.338146748157194,1.4200236652333889,-1.3011107474903933,-0.31579127232383203,-0.644605623280892,0.3412820279696074,0.42473116175731324,134
B0007,35,1.284823245515028,1.2848232455150286,1.2604521202491863,-1.1473793129305268,1.4039726882594001,-1.403780474598699,-0.7968601039471566,-1.2972652054024965,1.0380260308741402,1.3987021024387243,1.2973410424127416,1.3861707974441508,-1.2512279331390086,-0.2872326683861855,-0.6008766195486415,0.3412820279696074,0.42473116175731324,133
B0007,36,1.2865025848075486,1.2865025848075478,1.234083677961889,-1.568950176294055,1.406675279393295,-1.4058889188549388,-0.36493541007906916,-0.730958573722823,1.0383524680595864,1.4399503080598461,1.2962284312032146,1.33561419259031,-0.6718830412844341,0.31821704149388796,-0.7825366068240845,0.3412820279696074,0.42473116175731324,132
B0007,37,1.2588617342431037,1.2588617342431034,1.2755659254535525,-1.8619006427469653,1.3392598854584612,-1.4029716490936657,-0.5111241148627312,-1.0264262156467996,0.9989031540159692,1.376822222373369,1.273744029880107,1.3013011830066032,-1.3018200669875069,-0.41144739348512815,-0.9181025353357574,0.3412820279696074,0.42473116175731324,131
B0007,38,1.2058671673719463,1.2058671673719468,1.3153354438930902,-1.0434652930556036,1.3866488859111703,-1.403166455752886,-0.7455402719695614,-1.2314575022593095,0.9194880113948026,1.336526450410429,1.2298878384434186,1.2788102779884853,-0.7129453461217895,0.22705200061675543,-0.785621809693389,0.3412820279696074,0.42473116175731324,130
B0007,39,1.182499551013644,1.1824995510136431,1.2805253055748997,-1.3431464851848127,1.3262949882898354,-1.4020091513975448,-0.6881273547445137,-1.3959281463639501,0.885460033899339,1.2961937118443172,1.2103826605243335,1.2734183600379125,-0.8280707546949857,0.09440309509436727,-0.6958740273087126,0.3412820279696074,0.42473116175731324,129
B0007,40,1.1566973554845372,1.1566973554845372,1.2698668030169915,-1.0687911693292862,1.3567025771432026,-1.4064433107755439,-0.5453978428743627,-1.1629323314502968,0.8438206982318498,1.296400289920864,1.1872890815761752,1.2395197730319163,-1.29921112433642,-0.457905503703572,-0.8341647141352126,0.3412820279696074,0.42473116175731324,128
B0007,41,1.1578255721417001,1.1578255721416995,1.3227429905974528,-1.5200056665077333,1.3544852794173723,-1.4050198432458967,-0.1803563112872713,-0.6237609386044995,0.8465313665059265,1.3161752481115163,1.1878269969130124,1.19460727922754,-0.6230087080064384,0.2600297992711731,-0.9390638539077715,0.3412820279696074,0.42473116175731324,127
B0007,42,1.1298774120190342,1.129877412019034,1.2880655399604726,-1.4035544995388756,1.3648565161061577,-1.4041309561100332,-0.11533019234308124,-0.4397511356822494,0.8051440899309951,1.296058892468045,1.1647678997172153,1.1707344740125714,-0.5364579869540608,0.3374399492858709,-1.0139615156994273,0.3412820279696074,0.42473116175731324,126
B0007,43,1.1658743240832907,1.1658743240832912,0.500588192775134,-1.4188035820479479,1.3764859012757655,-1.295999443180091,-0.16935290515551218,-0.814435497766154,0.8694522154637085,1.287191256719037,1.21185618074191,1.161654047639027,-0.7024567201152949,0.14513073663517823,-0.7462297588310657,0.3412820279696074,0.42473116175731324,125
B0007,44,1.1309312361784307,1.1309312361784303,1.471946834106064,-1.4576888574889846,1.302622107136465,-1.4034034131942974,-0.6680128215471148,-1.1139197456728342,0.8061771189988598,1.2559327319784799,1.1459454604948855,1.165156729568078,-0.9777012269124039,-0.15890985987853132,-0.5385896266628378,0.3412820279696074,0.42473116175731324,124
B0007,45,1.0783998643539168,1.0783998643539168,1.1964367740167379,-1.5949959679177592,1.222822777597788,-1.402575137608256,-0.6969023506762131,-1.4305230585756818,0.7280553287706603,1.193313480712127,1.1008686150246045,1.1448323254989188,-1.048295959157891,-0.253848303817828,-0.5881769613688141,0.3412820279696074,0.42473116175731324,123
B0007,46,1.0283225882341351,1.0283225882341354,1.2880101876363927,-1.0215576127285078,1.2588800348853024,-1.401594437914322,-0.8527433167702758,-1.48673010076262,0.6543218460227495,1.152676311296368,1.080646216656403,1.1694897314659949,-0.39079166989934505,0.498832475698051,-0.6878578874461277,0.3412820279696074,0.42473116175731324,122
B0007,47,1.0003358509281324,1.0003358509281322,1.158405338414087,-1.2793061813308466,1.2109605529742942,-1.4023857327053155,-0.7575578363835936,-1.449811365795773,0.611711463031467,1.111769503128065,1.035424547826204,1.1361913935316301,-0.4154846566848411,0.44469792964359267,-0.8706223982106946,0.3412820279696074,0.42473116175731324,121
B0007,48,1.175297428911163,1.175297428911163,0.005982184400388558,-0.9411879869822778,1.48179523184307,-1.401382342207275,1.0285824069961027,1.6004229620260688,0.8758404672193831,1.43872823564912,1.2091987870265932,1.0901255956141933,-0.8491473748640535,-0.0755532414529488,-0.9396788182316435,0.3412820279696074,0.42473116175731324,120
B0007,49,1.1784535174725217,1.178453517472521,1.3487837520560317,-0.9574689961492748,1.5251550776576934,-1.4037984946266462,0.5499429555992666,0.7324785427467368,0.8771999334726938,1.4380824073466543,1.2308947056123711,1.0485550290734929,-0.3032504386103113,0.49978937866072193,-0.948735190258102,0.3412820279696074,0.42473116175731324,119
B0007,50,1.1006154102681973,1.1006154102681973,1.2770686772789062,-0.9447886466426414,1.4332039159081533,-1.4017849825911088,0.06695464904277158,-0.055919061659467535,0.7627940302648148,1.3166166728435047,1.144582281884866,1.0475639544392517,-1.210958459334193,-0.5129050334705995,-0.6317715758056329,0.3412820279696074,0.42473116175731324,118
B0007,51,1.051294233827818,1.0512942338278177,1.3318163109148375,-1.1791938496145424,1.3623597777712035,-1.4021366183693635,-0.06280384876253285,-0.4015268434762392,0.688349823518213,1.2555587169346276,1.102376616994542,1.3366509864413092,-1.294321999635757,-0.374842319807187,0.4314416243959913,0.3412820279696074,0.42473116175731324,117
B0007,52,1.0004172767605972,1.0004172767605972,1.250625538504426,-1.0550807252343755,1.2715530147680212,-1.3456075174984095,-0.10602784722093916,-0.6583668613922286,0.6534830264196435,1.1751367844821226,1.0598146406631508,1.2552825791193685,-0.9055208326018388,-0.006428786919208545,0.13401406708781605,0.3412820279696074,0.42473116175731324,116
B0007,53,0.9751702877991292,0.9751702877991288,1.3280386448828654,-1.4591962320665168,1.2227043181901065,-1.34693707560771,0.10470653930014866,-0.565172635346342,0.6143560174452001,1.1529829166520844,1.0371118549084206,1.1720927771943164,-1.5005732928731157,-0.7362593836195812,-0.24692242556240748,0.3412820279696074,0.42473116175731324,115
B0007,54,0.9496638262555306,0.94966382625553,1.2642048758550857,-1.4824996931746073,1.1873190950104977,-1.2934793817424213,0.3269168562200841,-0.19959256486596066,0.6161617522558271,1.1321881151151143,1.0150228443457234,1.119897654604406,-0.5603412289783202,0.2701939471197419,-0.4064283177574135,0.3412820279696074,0.42473116175731324,114
B0007,55,0.8983975433614584,0.8983975433614577,1.250689862639612,-1.1136238766310218,1.1372792748962086,-1.2359154168707704,0.06378774781342332,-0.45149500140294596,0.5810428960646997,1.0721543515646936,0.9736102597597115,1.0715060758860795,-1.1946229687397205,-0.4755634273398635,-0.5069992790442303,0.3412820279696074,0.42473116175731324,113
B0007,56,0.8458646636536438,0.8458646636536438,1.0982405955909906,-1.7968692052157378,1.0225003981394036,-1.2342518446772044,0.1920545737330621,-0.5257628458808374,0.5438497175052984,1.0310409653198438,0.9301471602999424,1.0484163966097744,-0.8938101896971888,-0.1586706341378641,-0.4014943969259529,0.3412820279696074,0.42473116175731324,112
B0007,57,0.8458771582022353,0.8458771582022347,1.2422081093435067,-1.6116881930009008,1.0146832552794227,-1.2341063977453046,0.11959214567785989,-0.6228391796674152,0.5032434109056739,0.9892513076875641,0.9078420640891138,1.016293484990127,-0.669868193353735,0.06530947398300878,-0.4165387042203385,0.3412820279696074,0.42473116175731324,111
B0007,58,0.8226085697855756,0.8226085697855756,1.2217237344599559,-1.6676399920882377,0.9719468606251592,-1.179087023027888,0.3485539101721139,-0.38170902808416024,0.5089209386626574,0.9708332412839106,0.8663926989672496,0.9770722962654173,-0.2519141006992742,0.49990015314161484,-0.44825350085674726,0.3412820279696074,0.42473116175731324,110
B0007,59,0.7955050073654462,0.7955050073654465,1.2401026885605955,-1.405072553347787,1.0085096145752834,-1.1787223557681217,0.470474044482286,-0.029243669501857073,0.46747168034365455,0.9692371538293315,0.865528356374724,0.9509636738696311,-0.23367898695082817,0.49936631441983614,-0.5121632931852825,0.3412820279696074,0.42473116175731324,109
B0007,60,0.7397091759466141,0.739709175946614,1.2167434396501722,-1.7985545131500096,0.8887271017576427,-1.1211991895832956,0.4875131736010202,-0.20477652376386787,0.46611634620662745,0.9284325474462672,0.8210262067771452,0.9155209571879649,-0.33450066658894156,0.3586509054744397,-0.5262513648874005,0.3412820279696074,0.42473116175731324,108
B0007,61,0.7162262594831127,0.7162262594831131,1.3156764971615489,-1.1255537478662934,0.9342054165471874,-1.1150469813745334,0.22751379627305188,-0.31577248326369506,0.39458114931512217,0.88908703463544,0.7813377098091895,0.9075481157107227,-0.4316721521532411,0.24395453656945237,-0.31618030180591095,0.3412820279696074,0.42473116175731324,107
B0007,62,0.6662714254040022,0.6662714254040026,1.2649070842982615,-1.7338470085027349,0.7886851153035983,-1.0624356124883085,0.3378837300664428,-0.4828049810672432,0.39768023651871626,0.8268091808219056,0.7380217324928297,0.8770843692153627,-0.2539617189793106,0.41772198664050836,-0.3415390503466655,0.3412820279696074,0.42473116175731324,106
B0007,63,0.6662277316305026,0.6662277316305026,1.2886997098169979,-1.2099647608291015,0.8552735728841975,-1.061318206364162,0.4656011109084143,-0.17163456929718668,0.3578425035455818,0.8272158134567917,0.7383067816456832,0.8477031357877599,-1.232117533930643,-0.6961920181875376,-0.39242638419660736,0.3412820279696074,0.42473116175731324,105
B0007,64,0.6142758243874294,0.6142758243874298,1.1194693501762816,-1.7101318087798925,0.7622101707498036,-1.056530728297888,0.3881736697270525,-0.2316550445201267,0.3229137247029408,0.7866482282352383,0.6953494145538817,0.8066384302582863,-0.6915716785925308,-0.12641051270545017,-0.447095982042444,0.3412820279696074,0.42473116175731324,104
B0007,65,0.616096644523112,0.6160966445231124,1.4517421024446826,-1.4258131578006485,0.8006154404544638,-1.0029716662789931,0.5736137781511297,0.011595442658610003,0.32369056256195294,0.8080866835686052,0.6961401960747037,0.7781347108297514,-0.20949764045833133,0.3882241565190573,-0.4970476129332706,0.3412820279696074,0.42473116175731324,103
B0007,66,0.5635201443550695,0.5635201443550689,1.2064407534849024,-0.9053895640145239,0.770265395847519,-0.9445199404353409,0.42858908066934015,-0.11729848390274114,0.2864354022585028,0.747439709306752,0.6534678781357546,0.7620489205981046,-0.09759324009333749,0.5001205236514974,-0.2705145755716072,0.3412820279696074,0.42473116175731324,102
B0007,67,0.5337435539736687,0.533743553973668,1.183005871241812,-0.9729306913989453,0.7235006834402129,-0.9392067511188702,0.399746134981779,-0.23501992220164256,0.24569686793819093,0.6840724279526951,0.6081036847291288,0.7571171444420005,-0.43758455743990815,0.11716135865976544,-0.2479963428657246,0.3412820279696074,0.42473116175731324,101
B0007,68,0.5106664736988533,0.5106664736988527,1.2529296884993717,-0.9527588766001892,0.7060951909650632,-0.9399588163114839,0.4292502537531951,-0.22104696093477938,0.20914829951713693,0.6648063041821671,0.5880950732255674,0.7121132122041081,-0.7517274689095591,-0.2690020171146063,-0.3103443678841955,0.3412820279696074,0.42473116175731324,100
B0007,69,0.48474902573831247,0.4847490257383122,1.2211739147765521,-0.8931545862453262,0.6782829880109954,-0.883146788569144,0.4922033651957974,-0.1276142598157664,0.20966894616734158,0.6437744814836858,0.5660060626628703,0.6708862771958151,-0.18399490891159773,0.33095728524935375,-0.38281358211567185,0.3412820279696074,0.42473116175731324,99
B0007,70,0.4609786922357887,0.46097869223578825,1.2827227195469812,-0.9665822057387056,0.654242369323808,-0.8817279326484693,0.5143109954933444,-0.09701977979934491,0.1739633294656415,0.6237972942286253,0.5458917071187345,0.6383725400135579,-0.3381180903134162,0.13316237889024218,-0.4204614983178369,0.3412820279696074,0.42473116175731324,98
B0007,71,0.4319300298528155,0.4319300298528156,1.207646219448363,-0.9304250369763233,0.6223668648504955,-0.8798245678099885,0.5189100525100405,-0.11890654164813913,0.1316132697994857,0.6025284503686331,0.5227981281705762,0.6154893346193863,-0.35012578057825816,0.10149148342006412,-0.39896318504943096,0.3412820279696074,0.42473116175731324,97
B0007,72,0.4058965932975565,0.4058965932975562,1.2220172521842068,-0.8868641965501631,0.5884908623063988,-0.8216080917211619,0.5295022886786249,-0.113450651304233,0.13270828061142173,0.5616216422003296,0.47829367978949366,0.5953256852156023,-0.931188473003339,-0.5623823375195441,-0.37431103463633536,0.3412820279696074,0.42473116175731324,96
B0007,73,0.38151717217443304,0.3815171721744322,1.1825146021097135,-1.0541890475416744,0.5448906775198357,-0.8193046970355218,0.5981646648613386,-0.09630509870766087,0.09739108283926341,0.5418466840096777,0.4584298916458503,0.5664517876126705,0.042226212373400185,0.4996974594106137,-0.382792765900293,0.3412820279696074,0.42473116175731324,95
B0007,74,0.35691789545035896,0.35691789545035923,1.136093722435042,-1.1340908669865768,0.5102041587302216,-0.818652477521795,0.619885096949162,-0.1022386203128818,0.060524341465308044,0.501887960487418,0.43784888305309055,0.5439372855794516,0.028418267110666393,0.46631427329417663,-0.3825192761788812,0.3412820279696074,0.42473116175731324,94
B0007,75,0.3301253547775388,0.3301253547775384,1.1784296425821874,-1.0152686315195971,0.49816212963805556,-0.8172175876644634,0.5771376241936153,-0.14864645943239138,0.020368435539272218,0.4806539087245286,0.4150403532577859,0.5189362480799679,0.013073286752848898,0.4292307481349011,-0.39262318793502043,0.3412820279696074,0.42473116175731324,93
B0007,76,0.2757279343309543,0.2757279343309544,1.1881513847175686,-1.2242866531505734,0.4288795942990823,-0.7558583717306765,0.6061223084412308,-0.16030081184357295,0.0212692368864496,0.4400167393087698,0.3720094250942796,0.4962595165679296,0.09372745913921149,0.5010232178256444,-0.3847249537796564,0.3412820279696074,0.42473116175731324,92
B0007,77,0.274931140597744,0.274931140597744,1.4976012296023815,-1.1375189690040384,0.4034459644463424,-0.7552014903854597,0.4805155379225191,-0.30337750079743314,0.01939738821547888,0.4191219104926299,0.3703221180120631,0.468907626439011,0.11313490570776541,0.5008028473157641,-0.4035460414316595,0.3412820279696074,0.42473116175731324,91
B0007,78,0.29942028280558297,0.29942028280558325,1.4120832305436135,-1.2951245948629695,0.4758372415030813,-0.814260841258354,0.7473292655900822,0.1845841204255551,0.016042109803054767,0.4811975352417557,0.39194677430962754,0.4422223519866947,-0.2663171977904268,0.0564710845494707,-0.4319652852063437,0.3412820279696074,0.42473116175731324,90
B0007,79,0.25134022738448775,0.25134022738448797,1.181128384079414,-0.914745631885266,0.39162057193167016,-0.7507903716561044,0.264807282982069,-0.37770150602564784,-0.054336094532431864,0.3796763704026328,0.32926814365060936,0.41168928925947557,0.15467608048877982,0.5013920732780021,-0.4731791189246625,0.3412820279696074,0.42473116175731324,89
B0007,80,0.19919339559379384,0.19919339559379312,1.1571768914062435,-1.3059600430774598,0.2922045259886286,-0.7480804543511824,0.4129525363169226,-0.5456319182292876,-0.09042599804735256,0.3187554083760977,0.2871360398319898,0.39000363238167834,0.07711183491324061,0.3975963846743805,-0.33213655720609986,0.3412820279696074,0.42473116175731324,88
B0007,81,0.1750959111602732,0.17509591116027323,1.2085715555521834,-1.1197058301713616,0.3018978249854677,-0.690801878350492,0.5532801376840012,-0.3808045576759275,-0.0875872341688608,0.31841401092327876,0.28742108898484336,0.4267589330283362,0.14318003051694284,0.5006178303636314,-0.39253575944259567,0.3412820279696074,0.42473116175731324,87
B0007,82,0.17205569996897946,0.1720556999689793,1.111493995658341,-1.3493992362105085,0.29261138724087793,-0.6920744318965748,0.9122259969872505,0.09334159511056311,-0.09359119911129031,0.3383585805873059,0.2638240764522089,0.3525345220282161,0.19514323349771068,0.4992366847081436,-0.644709561305573,0.3412820279696074,0.42473116175731324,86
B0007,83,0.17659060576194474,0.17659060576194538,1.138550352319277,-1.007752084582475,0.3478820639205676,-0.690136569350383,0.8938880157543464,0.3224449833974254,-0.12580930967985454,0.31916204101098333,0.26612285994296725,0.3270246738906172,-0.4178800635111594,-0.20453833994215384,-0.6821786690995519,0.3412820279696074,0.42473116175731324,85
B0007,84,0.14709237942182352,0.1470923794218241,1.144164879070468,-0.9255485823419064,0.31204041686604445,-0.6302573975011713,0.8394094559848723,0.24365547649340466,-0.129553007021796,0.29762138389237763,0.24212815786643105,0.31515832492171414,0.22399911175806714,0.501539379768561,-0.5081550898940131,0.3412820279696074,0.42473116175731324,84
B0007,85,0.09570859228622672,0.09570859228622636,1.249025332084537,-1.2457916777280122,0.233415527833411,-0.6845867925158595,0.7036825843149466,-0.04585930798084134,-0.2056748529746098,0.256133982603676,0.199600663287401,0.3273019388180538,0.21390690126784484,0.49999207239173166,-0.23388824694191554,0.3412820279696074,0.42473116175731324,83
B0007,86,0.07182798081729103,0.07182798081729103,1.1212508996615622,-1.633615927981924,0.11904842288141071,-0.6831684901448399,0.7396074428474807,-0.2750483370952867,-0.24305397676622523,0.1961328366442886,0.15728925435650234,0.30563987895535766,0.07090026805029921,0.3232608157306342,-0.2588464625245872,0.3412820279696074,0.42473116175731324,82
B0007,87,0.07334102522180334,0.07334102522180294,1.1049681964692268,-0.877640992589247,0.22286696843717424,-0.6254798019667076,0.8204006042267771,0.03885736448677145,-0.24034744060842078,0.1963024481176634,0.15850990839009493,0.273378334871992,-0.475508308496447,-0.3116478353573898,-0.3323307615863752,0.3412820279696074,0.42473116175731324,81
B0007,88,0.07126940792872495,0.0712694079287253,1.1271487380155691,-1.0268148719687857,0.22915295466053195,-0.6208255638890511,1.0406178252417417,0.371981080357276,-0.24131435581594182,0.2161796080935545,0.15761338282869944,0.23457304353843705,0.2803239425258592,0.49993786360320563,-0.5102609596178018,0.3412820279696074,0.42473116175731324,80
B0007,89,0.045310129603280784,0.045310129603280826,1.111231064566316,-1.722349497879405,0.13854797791893855,-0.6778194721441572,1.276228242155388,0.4330033051989654,-0.27953643132693556,0.19484118003935696,0.13573815913064252,0.21535327473869187,0.29459490111159503,0.5004893791038572,-0.538164541485479,0.3412820279696074,0.42473116175731324,79
B0007,90,0.5396012121480652,0.5396012121480649,4.838788276604118,-1.108021858305916,0.6210255979446843,-1.0027118895646099,1.004681340790047,0.18286652830051167,0.24892405074620003,0.5220043161308894,0.5642819750448016,0.21042297339603191,0.23311666863228728,0.428014585748845,-0.28591456588438063,0.3412820279696074,0.42473116175731324,78
B0007,91,0.2232636076338535,0.2232636076338529,1.4066475516918258,-1.3264094599103304,0.44148206454805267,-0.8697158670295222,1.2154279590234884,0.6104643174577995,-0.14066013555947762,0.39938174439908025,0.3263578837513091,0.21270450979360353,0.29487503474310184,0.49868516920749845,-0.18678380008705037,0.3412820279696074,0.42473116175731324,77
B0007,92,0.1716522734136644,0.17165227341366399,1.1882485161084941,-1.5932117394363694,0.3369456308738788,-0.8068128714925962,1.2723227574763003,0.6396971758919902,-0.176489715749296,0.33849557446964734,0.2621712511223535,0.3399986077558226,0.20128820255392238,0.4960701843870881,-0.2568820555693216,0.3412820279696074,0.42473116175731324,76
B0007,93,0.12089554525282663,0.12089554525282693,1.1353176273351915,-1.5358250248941099,0.27216836853141185,-0.7443446853345451,1.168325529625524,0.4549872815274488,-0.21064578884917462,0.2772353894963622,0.21931962807112632,0.3951197602182588,-0.1110872242671894,0.19188228138281319,0.03174802468608737,0.3412820279696074,0.42473116175731324,75
B0007,94,0.06708116845975969,0.06708116845975977,1.0911429205127325,-1.1175988185468233,0.2557535202337668,-0.6839929574736333,0.961576552094686,0.27802388126669486,-0.2501612167531354,0.23656560248956998,0.1753209120580112,0.3477177813207293,0.08850851672900584,0.376512701293657,-0.03715790585769135,0.3412820279696074,0.42473116175731324,74
B0007,95,0.04409901100490268,0.04409901100490241,1.1432228135368698,-1.340893918180984,0.1983798463322005,-0.6813154646967273,0.9862003882985857,0.2019247503704484,-0.28411894827198303,0.19569141191230027,0.15588929521063066,0.29580139847169473,0.23638736091853027,0.4998824763627549,-0.15781930713025805,0.3412820279696074,0.42473116175731324,73
B0007,96,0.018629096440920558,0.018629096440920152,1.1536798709662925,-1.266234293340787,0.1921293818423165,-0.6779265527824521,1.0120842748423495,0.2583250493644715,-0.3213121268313844,0.1761208572921254,0.13480485303339473,0.2492518617446879,0.15096034571627218,0.36745394135024284,-0.23817299099414801,0.3412820279696074,0.42473116175731324,72
B0007,97,-0.008449280172334804,-0.008449280172334804,1.0925138799423357,-1.1750285066523716,0.16937449644297653,-0.6200576848838102,1.0033780705860376,0.308876378979299,-0.3220187187138031,0.15481722133503056,0.11203310377394232,0.22192209381742634,0.18637240806172317,0.3850930097557368,-0.25847940643850353,0.3412820279696074,0.42473116175731324,71
B0007,98,-0.03239171918450081,-0.03239171918450036,1.1591378735952764,-1.1340181767370048,0.15920571268764958,-0.6163562990046023,1.02808912464962,0.33446702501936854,-0.3578524310198938,0.13531407640299176,0.09263596867892286,0.20309462539373496,0.3022917047755086,0.4992743951697343,-0.22449567688821806,0.3412820279696074,0.42473116175731324,70
B0007,99,-0.05968192125896412,-0.05968192125896394,1.089520659524593,-1.1102472637891636,0.13638283176473082,-0.6131397833104093,1.030553279570292,0.32989032832868975,-0.39659102106481986,0.11353639812287523,0.06982743888361814,0.18184846292219375,-0.14939047711129808,-0.021232499994422453,-0.2153238849502032,0.3412820279696074,0.42473116175731324,69
B0007,100,-0.05737560857454726,-0.0573756085745473,1.0998638714500668,-0.8580450342521048,0.14369916832174795,-0.5537913814391049,1.0083929501812137,0.38318202841318627,-0.3934919338612258,0.0935570363617454,0.04974756509184339,0.1590124515582243,0.3336740712595556,0.49903516942905857,-0.21485307349613597,0.3412820279696074,0.42473116175731324,68
B0007,101,-0.08258433621468035,-0.08258433621468025,1.0700316660992908,-1.649489030899597,0.03055581355794548,-0.6119156899016411,1.2362213240841715,0.4091396578727371,-0.43268505669601287,0.0737494605800597,0.02783785964142537,0.1386408534588628,0.34870509052848836,0.4995136209103951,-0.2033275754455348,0.3412820279696074,0.42473116175731324,67
B0007,102,-0.11086079326741742,-0.11086079326741688,1.1224590450890037,-1.3667253909967663,0.05351577724150585,-0.607941822739561,1.159091804447018,0.38828555906975315,-0.47245254369253137,0.05377009881892985,0.00535345831831776,0.11550545496579977,0.3667086976154256,0.5010974602968841,-0.19751260862998812,0.3412820279696074,0.42473116175731324,66
B0007,103,-0.08393282219961141,-0.08393282219961136,0.5019471991148896,-1.371743212348759,0.03756798407135292,-0.6109208495093766,1.1448066054041663,0.425569106599588,-0.43378006750794895,0.05309165292543067,0.02712063919230899,0.11029641388225908,-0.09356248712389666,-0.01616987052688938,-0.19639431359583281,0.3412820279696074,0.42473116175731324,65
B0007,104,-0.033595327648618396,-0.033595327648617765,1.5617161031782285,-1.4968734739680234,0.19356901203119709,-0.6729961975416094,1.6182502275713067,1.0919128460119534,-0.40026860454641766,0.17639267055073896,0.0912015277806901,0.08172190340842092,0.3907917330598866,0.5009501538063251,-0.2110387511885211,0.3412820279696074,0.42473116175731324,64
B0007,105,-0.08242702676955652,-0.08242702676955588,1.1256266908457042,-1.729437919084439,0.08214408808534461,-0.6701602807467585,1.6218526097192933,0.9718562210039106,-0.47439050622382134,0.09433985854655959,0.028270030937674592,0.10746182244325429,-0.4348096488260151,-0.39885327776829876,-0.06371899938185022,0.3412820279696074,0.42473116175731324,63
B0007,106,-0.11024871471276357,-0.11024871471276386,1.1722736342429838,-0.8967918523903041,0.13754906163717992,-0.6064895712894992,1.3294000307645444,0.8115553880127828,-0.5135175151982891,0.05248061672006755,0.00503162862961188,0.1644958079423134,0.08102524888986264,0.22176664373549898,0.1494024686688874,0.3412820279696074,0.42473116175731324,62
B0007,107,-0.1598831436238449,-0.1598831436238455,0.9337197749168394,-1.7261947298158555,-0.005440021212438454,-0.7244566185802529,1.439893979905138,0.5958199455054176,-0.6301878181229285,0.01208046846581953,-0.0594423519356885,0.12285592516975369,-0.5790065857004214,-0.5473016882420808,0.061948621096711655,0.3412820279696074,0.42473116175731324,61
B0007,108,-0.19019673656300898,-0.19019673656300964,1.0497536535995002,-1.0153289420318365,0.031958022335559534,-0.5425065901176369,1.2956861226249583,0.6446506797192181,-0.5520618957784567,-0.009425396555683455,-0.060446920321149684,0.07612351157571462,-0.12245219284164555,-0.07568169271271451,-0.027368801778395156,0.3412820279696074,0.42473116175731324,60
B0007,109,-0.18444876191293183,-0.18444876191293127,1.1385982307080578,-1.4699409697533266,0.00994754357289126,-0.602541947968663,1.5882134703845452,0.9281452102665262,-0.5854411310193005,0.013813549802739513,-0.05667691539630623,0.05247930244453642,0.4111072354377169,0.5002312981323989,-0.10811616582656562,0.3412820279696074,0.42473116175731324,59
B0007,110,-0.18658730980685842,-0.18658730980685864,1.083520590861698,-0.9901322209379173,0.05080062172192948,-0.5389354161368055,1.5383709529785026,1.0653401822208726,-0.5867303512959934,-0.007285682583871903,-0.07966475030389004,0.023627527043261643,-0.37604184136995406,-0.40032752112581316,-0.059559223173337415,0.3412820279696074,0.42473116175731324,58
B0007,111,-0.23837437451967536,-0.23837437451967503,1.0440358746416973,-1.2150500811135312,-0.029702512907410755,-0.5343638714728887,1.4303527352122263,0.8210801337254295,-0.6228243869271882,-0.04727484919110152,-0.10038828347307656,0.030955875045558585,0.3347480930316392,0.39790867443436695,0.10373461433411434,0.3412820279696074,0.42473116175731324,57
B0007,112,-0.2663101486664443,-0.26631014866644415,0.9930612257857232,-1.144412395559683,-0.05333390585346648,-0.5303551037537743,1.3779531834810936,0.6842648728673089,-0.6636951489681874,-0.0901561088699736,-0.1455754705509144,0.012129881435311336,0.4385592742164548,0.4985932499573817,0.08730892765742689,0.3412820279696074,0.42473116175731324,56
B0007,113,-0.2654761926621087,-0.26547619266210837,1.1584960625399354,-1.3374416662909172,-0.05781524657922049,-0.5333846328261305,1.5776459299322625,0.9318766862342562,-0.6637571307122587,-0.07054858764662719,-0.1453226043669307,-0.024003047938058207,0.4654817018654571,0.4997339914202712,-0.0947523143584553,0.3412820279696074,0.42473116175731324,55
B0007,114,-0.2646422638821946,-0.26464226388219486,1.027637444930054,-1.7830307021306173,-0.11594946807503799,-0.5331406804195128,1.8564962218677161,1.218341423433612,-0.6635009395034287,-0.06963312059161718,-0.14464216445366662,-0.03884409562312847,-0.3635214537040684,-0.4362879816010677,-0.05194081839978422,0.3412820279696074,0.42473116175731324,54
B0007,115,-0.2907525346123886,-0.2907525346123893,0.9748946986598656,-1.6254285477475687,-0.12563745930516984,-0.5270521314932932,1.7179930221774986,1.087043221554114,-0.7012684822245615,-0.10894384130534168,-0.16518639251057404,-0.04239249676893766,0.4796543494031571,0.5008393793254258,0.08707578938315459,0.3412820279696074,0.42473116175731324,53
B0007,116,-0.3171280151904659,-0.31712801519046574,1.0281902209607248,-1.4192539042256471,-0.1375904801730496,-0.5244882290887869,1.5527829261240285,0.876710538705535,-0.7396227854562426,-0.13007786578906172,-0.1871696590326967,-0.04149286056821276,0.4778868647546121,0.49958786338163697,0.15988304647318205,0.3412820279696074,0.42473116175731324,52
B0007,117,-0.3424004439895046,-0.3424004439895042,0.9927390910863237,-1.4034414251309726,-0.17700079526989893,-0.5227877979073557,1.4729607171925643,0.7093682189441165,-0.7762292035050956,-0.17013444208442147,-0.2085046686104251,-0.06649684769458475,0.49755964544205855,0.501539379768561,0.058726158031918455,0.3412820279696074,0.42473116175731324,51
B0007,118,-0.3426179983914127,-0.34261799839141294,1.0621144703245762,-1.498301817824276,-0.1690689395607769,-0.5235413643000064,1.6813082367997398,0.9722406239343686,-0.7790018535232437,-0.15025728210853087,-0.2086471931868519,-0.09638394213341452,0.5172144552927714,0.4995690081508459,-0.057053170988263346,0.3412820279696074,0.42473116175731324,50
B0007,119,-0.34089580004547415,-0.34089580004547354,1.12363501523237,-1.6493951479177782,-0.15751513201442308,-0.5222477554239107,1.920872928202034,1.3315516553425089,-0.7751961744372309,-0.14954621862399783,-0.20728401457683251,-0.11668622400091687,0.2198203636625555,0.15181491595078037,-0.06808999630360073,0.3412820279696074,0.42473116175731324,49
B0007,120,-0.24013035742840858,-0.24013035742840802,0.10540095139387723,-1.7329184263892896,-0.12183688633301404,-0.6522857345436475,1.4359811580489314,0.9990045549204604,-0.7063716458198136,-0.08923629280282538,-0.12330485609244698,-0.11431324916982508,-0.10712306910447826,-0.21076174455528798,0.10041858466654262,0.3412820279696074,0.42473116175731324,48
B0007,121,-0.2140621650789157,-0.2140621650789161,1.4865135019100977,-0.8638250362456414,0.08196202585332002,-0.5947252592535153,1.321162971240701,1.0980986654644935,-0.6675008280542002,-0.02831750528235914,-0.10229397498691567,-0.1042196259603825,-0.17981616081608995,-0.28373384462243206,0.26632316619456203,0.3412820279696074,0.42473116175731324,47
B0007,122,-0.29216806013686414,-0.292168060136864,1.0655978226638037,-1.62832053992456,-0.11937104986817454,-0.5853083646628949,1.3697811417713917,0.8353943879277299,-0.7411062151976959,-0.10938526603733001,-0.16604843631960844,0.004363513840202488,-0.04642181103706115,-0.0482638302379554,0.06380151513363139,0.3412820279696074,0.42473116175731324,46
B0007,123,-0.342737404068671,-0.34273740406867165,1.070341564941498,-1.2314350836229464,-0.1447909483092811,-0.5205844368186482,1.0908669924981353,0.5288048053147151,-0.7764234129698543,-0.16989742092291063,-0.2082885829622937,-0.010545375263282815,0.3441796109947383,0.3752611853498617,0.1462026105035233,0.3412820279696074,0.42473116175731324,45
B0007,124,-0.3719216186755664,-0.3719216186755663,1.0383857757139683,-1.16845179318331,-0.17245737579854764,-0.5170694492395854,1.0567422656674517,0.44296113993280456,-0.8206494534232776,-0.19242312929073171,-0.2319936383189939,-0.06416959208025103,0.30742924986636644,0.29144379222181543,-0.056246333426597024,0.3412820279696074,0.42473116175731324,44
B0007,125,-0.39502743214181407,-0.39502743214181446,1.0677202231436502,-1.175542547928658,-0.2055317678676544,-0.4549098281842398,1.0636442940323299,0.4583615713474958,-0.8147116023411917,-0.21060200002680554,-0.25088733982953715,-0.11182376407667197,0.5299325221627695,0.5014097500568706,-0.18598616349040792,0.3412820279696074,0.42473116175731324,43
B0007,126,-0.42208575083440364,-0.4220857508344032,1.0006675705453147,-1.0158960414364733,-0.1985458126449152,-0.5100147789218958,1.0152335205321885,0.4048535075169668,-0.894833336844777,-0.23102061201385435,-0.27272578299174177,-0.13657408329070841,0.45824791152455335,0.40171978795810687,-0.20276235584948393,0.3412820279696074,0.42473116175731324,42
B0007,127,-0.4471276243604101,-0.44712762436041076,0.9803180530269439,-0.9713428201665875,-0.22622570956670818,-0.44751473777621253,0.9916698274254019,0.3941414950409114,-0.8908954300380768,-0.2522220461857104,-0.2933780538727149,-0.16120789224268353,0.5292401163943498,0.46117740135540386,-0.2200838539033639,0.3412820279696074,0.42473116175731324,41
B0007,128,-0.44931355851978305,-0.4493135585197838,0.9671152741469414,-0.8867112496043923,-0.25671406853272744,-0.38256018415620346,0.9137023908581389,0.302162136001581,-0.8916722678971115,-0.2938442668506847,-0.31708770679639753,-0.18123290918275398,0.5147873352251526,0.4290645864135467,-0.21731876969957964,0.3412820279696074,0.42473116175731324,40
B0007,129,-0.47414440497616606,-0.4741444049761663,1.0023020549216959,-1.62873890994824,-0.365637906101427,-0.4445756031713568,1.0592395270955235,0.2565622688939219,-0.9311215819407286,-0.3143672551290416,-0.33853075919819164,-0.2066041248566299,0.5978527710584799,0.5013920732780021,-0.26471727257621713,0.3412820279696074,0.42473116175731324,39
B0007,130,-0.49905588534898765,-0.4990558853489874,0.9833916960490692,-1.327921078357173,-0.3425235516599299,-0.43846620682918036,1.0034232423973881,0.264236235363079,-0.9672114854556493,-0.31331261968562085,-0.358249723981917,-0.23130725004046418,-0.1174954132262006,-0.3158089491027006,-0.31699908238638,0.3412820279696074,0.42473116175731324,38
B0007,131,-0.49778562864345005,-0.4977856286434499,0.9351350296811997,-0.9557683795117481,-0.3182606839292866,-0.3780414857414916,0.9286871043892612,0.3052280149549011,-0.965728055714196,-0.3337681982758412,-0.3804099968328275,-0.23865772024441811,0.3869089752165243,0.24062187452704684,-0.3254959204913875,0.3412820279696074,0.42473116175731324,37
B0007,132,-0.5270706641583405,-0.5270706641583404,1.0003942693986714,-1.5085851855269217,-0.41365909701106685,-0.3761496492742812,1.039727330165315,0.26632517955417623,-0.966951162130547,-0.3544586235215041,-0.4035771368526904,-0.25681709817806314,0.6332817471326248,0.500765136854184,-0.31256869921389,0.3412820279696074,0.42473116175731324,36
B0007,133,-0.502246049516004,-0.5022460495160047,0.14148959903676026,-1.0762437555376332,-0.3183920115514798,-0.3766969509963942,0.8861456472488045,0.5533795718184369,-0.931055468080385,-0.31293860464176854,-0.3597209454160021,-0.27774027650540095,0.6469247835405852,0.49925553993893895,-0.314068454746307,0.3412820279696074,0.42473116175731324,35
B0007,134,-0.4205019292316335,-0.4205019292316335,1.3429674476509637,-0.9937853365849765,-0.1821862103371665,-0.4478294206896735,1.082942226532597,0.7750511961518969,-0.8914119445720092,-0.23142941915480933,-0.2937389628807643,-0.286244050822424,0.5770245712796117,0.4145366310886618,-0.35172009883836697,0.3412820279696074,0.42473116175731324,34
B0007,135,-0.5013600543921437,-0.5013600543921432,1.1904410882099545,-1.233215208363633,-0.2910214458678187,-0.37948916716109987,1.0599210748571484,0.6230396207418757,-0.9308612586156263,-0.2940138783240595,-0.3604749464009708,-0.2600882343964357,0.6345534481088217,0.4995690081508459,-0.16646314517035965,0.3412820279696074,0.42473116175731324,33
B0007,136,-0.5263438492509201,-0.52634384925092,0.9595271190431081,-1.7216942465063714,-0.426758796629048,-0.374882874574301,1.0764698750948183,0.4412622723989603,-0.9667569526657883,-0.3551044518239699,-0.3813800834659276,-0.17019393055582374,0.5127386598370688,0.4356014592385985,0.028949783917755982,0.3412820279696074,0.42473116175731324,32
B0007,137,-0.5517116300764024,-0.551711630076402,0.9212484144600203,-1.7487497567506178,-0.4827537690541171,-0.37403241804449644,0.979947996575317,0.20826843340329332,-1.006272380569749,-0.3957394467336594,-0.42459031674171294,-0.2521153929191935,0.6289211764536499,0.4996609274009541,-0.17650118194837192,0.3412820279696074,0.42473116175731324,31
B0007,138,-0.5508519715837877,-0.5508519715837881,0.9311106406371508,-0.9773161514729828,-0.3619617662159345,-0.31051885101468524,1.0060193133748958,0.5363970763005158,-1.003884017364846,-0.3743009914002925,-0.42347770553218606,-0.28633548925594016,0.654556046505807,0.5008947665658765,-0.3088597694359727,0.3412820279696074,0.42473116175731324,30
B0007,139,-0.5772221949453371,-0.5772221949453374,0.9905055885432583,-1.3665340528212055,-0.4004050596924145,-0.3090005091898223,1.2021445375637632,0.7675036246952037,-1.00304519776174,-0.37406397023878163,-0.42311679652413664,-0.3046792188700615,0.34611200449805657,0.14238730055500642,-0.3108445051634066,0.3412820279696074,0.42473116175731324,29
B0007,140,-0.6036229873392691,-0.6036229873392693,0.9692094370789812,-1.261408164090607,-0.42946402018715546,-0.3058292964299694,1.0673995567477332,0.539384884404053,-1.0412672732727337,-0.4153100013538343,-0.44474145282170113,-0.30813470676891047,0.5460206494750881,0.3624820526808954,-0.13394312783417092,0.3412820279696074,0.42473116175731324,28
B0007,141,-0.629160597428155,-0.6291605974281557,0.9390954869389273,-1.4347802422032432,-0.5116318701332165,-0.30265359463900887,0.9082945145295697,0.25221766202152046,-1.0821380353137329,-0.45506432130561647,-0.48798616784984755,-0.31336587005410815,0.2825702971180564,0.064610651991794,-0.11225301432007775,0.3412820279696074,0.42473116175731324,27
B0007,142,-0.6560491668885717,-0.6560491668885721,0.8985314827812688,-1.1939700602578187,-0.5241142245694326,-0.23817305599730473,0.8061517108309872,0.12688788014330316,-1.0799397494573162,-0.47690940927386904,-0.5102544835248237,-0.3457660466011921,0.04870099913914879,-0.22199356984742918,-0.2578184354389649,0.3412820279696074,0.42473116175731324,26
B0007,143,-0.6547352568515739,-0.6547352568515741,0.9437003209411683,-1.242435970979399,-0.5013288295017407,-0.2418875788260679,1.0162827054148234,0.4244523530344567,-1.0800678450617311,-0.47701378556517665,-0.5106866548210865,-0.37466354121922496,0.6407311875143794,0.41490430808909684,-0.41155082292330986,0.3412820279696074,0.42473116175731324,25
B0007,144,-0.6789023835196971,-0.6789023835196965,0.9447317900288726,-0.9734214236910241,-0.47430028381432227,-0.23506508096520387,0.9209824602313722,0.4620275153140195,-1.1137735174880212,-0.47606135190699506,-0.5302263144925328,-0.39685505910824914,0.5658414252886101,0.31368589384429485,-0.4020787246584044,0.3412820279696074,0.42473116175731324,24
B0007,145,-0.6791998153339471,-0.6791998153339478,0.997814541673647,-1.788582338514181,-0.6304066727996352,-0.23431529923671476,1.0111711487379917,0.26193555131837915,-1.1140916904409226,-0.5163897414609688,-0.551703848646688,-0.3913923501123729,0.5338311366267839,0.2823661770476102,-0.2767244171504351,0.3412820279696074,0.42473116175731324,23
B0007,146,-0.7062747734484495,-0.7062747734484497,0.8972422066072934,-1.7492004048840133,-0.6827451497784084,-0.2304279454518358,0.8658068968200102,0.02334843965553568,-1.1555450808761976,-0.5380347748708821,-0.5747284640901241,-0.40464354890501497,-0.14554260383337272,-0.48558026869787974,-0.30405054623773675,0.3412820279696074,0.42473116175731324,22
B0007,147,-0.7321252628334058,-0.7321252628334053,0.9152159841389899,-1.2345273916253752,-0.6409095829402134,-0.16734519088044994,0.7513075085410242,-0.04123340255819353,-1.1557392903409562,-0.5579467269438754,-0.5958496868032124,-0.43038346793984833,0.4347769416372117,0.1407857843896489,-0.4508335693346803,0.3412820279696074,0.42473116175731324,21
B0007,148,-0.7292563492910707,-0.7292563492910704,0.8677594094333253,-1.5284911433128003,-0.6477053555105281,-0.16936536846764494,0.9697563812663903,0.2840987374967909,-1.1506402588619764,-0.5578771427496705,-0.5950589052823914,-0.4565614065674936,0.52715867065692,0.2228543548617872,-0.5560579698932361,0.3412820279696074,0.42473116175731324,20
B0007,149,-0.7318791031612393,-0.7318791031612389,0.9594978129188034,-1.7499232673699767,-0.6816190262220113,-0.22750678727788906,1.0725847757907179,0.29321293088945427,-1.1927341273193266,-0.557672739179193,-0.5952749909305228,-0.47186259604703273,0.785521162001124,0.4986474587459077,-0.5119258981206367,0.3412820279696074,0.42473116175731324,19
B0007,150,-0.7038691170183442,-0.7038691170183438,-0.21892615586915148,-1.8255781219747418,-0.7612218447779305,-0.2314308338813849,0.8459202360633576,-0.061963200382478614,-1.1516732879298412,-0.5778217124136976,-0.5725400222069227,-0.4630830316160259,-0.031853805091134335,-0.40553745708390304,-0.3879724626860644,0.3412820279696074,0.42473116175731324,18
B0007,151,-0.5762369329698428,-0.5762369329698429,1.261100010634512,-0.8962023560700577,-0.38119697357773713,-0.3093888466771028,0.8060070189728678,0.31964606430081005,-1.0430730080833608,-0.4155818146124478,-0.44570924067130996,-0.4704792210367382,0.5206331427050862,0.2044587203207826,-0.3757271469073725,0.3412820279696074,0.42473116175731324,17
B0007,152,-0.6534860116245113,-0.6534860116245108,0.8544725750851444,-1.6132117767731853,-0.5539439937393322,-0.29918349346793366,0.9871273408771593,0.3480111646393962,-1.1180998432242386,-0.47684417409180185,-0.508353389577967,-0.4899983769655767,0.8012297875258679,0.5016678310283289,-0.5320748423476929,0.3412820279696074,0.42473116175731324,16
B0007,153,-0.6772818974475986,-0.6772818974475988,0.9072556906876277,-0.893734463099661,-0.5108165785550693,-0.23213147803460538,0.7330985863174818,0.1804421893375011,-1.1528963943461923,-0.5170029521724008,-0.5291849655712193,-0.33608832078290446,0.6726600788568596,0.4813218585523185,-0.2890965100138169,0.3412820279696074,0.42473116175731324,15
B0007,154,-0.7042061875743489,-0.7042061875743488,0.9527285368294691,-0.926883291034752,-0.5546067699368551,-0.16684762829075223,0.7082132814815467,0.12292825293035027,-1.1521236886034298,-0.5379999827737794,-0.5729698947196943,-0.37646133880723065,0.4738740826219116,0.2274573880787727,-0.3216870018047562,0.3412820279696074,0.42473116175731324,14
B0007,155,-0.7553603252926923,-0.7553603252926921,0.8732157101616139,-1.0071336804938613,-0.5989516387531273,-0.16401747791521054,0.7047004288627269,0.0680806736754613,-1.1864739711680672,-0.5782979292427887,-0.5934796410242406,-0.4234474203136052,-0.021563915396796692,-0.36239551058091657,-0.4159532926649269,0.3412820279696074,0.42473116175731324,13
B0007,156,-0.7544667220761545,-0.7544667220761546,0.8500866333077521,-1.8228649761685667,-0.7394962658836671,-0.16356946468782554,0.9134454799762404,0.09240390405104311,-1.1873747725152446,-0.5973922670338725,-0.614814650601969,-0.44819626471419755,0.36504058112296206,0.04881114704040438,-0.45226003331878173,0.3412820279696074,0.42473116175731324,12
B0007,157,-0.7824220753430009,-0.7824220753430005,0.9083368304032051,-1.166506822364624,-0.656286637358543,-0.15928304904676543,0.7514533839370554,0.07562560755776701,-1.229472773088867,-0.5986143394445987,-0.6160720851714139,-0.47557322667166135,0.5020016134403754,0.17961813220484307,-0.47532443107792194,0.3412820279696074,0.42473116175731324,11
B0007,158,-0.7832705070535513,-0.7832705070535511,0.8552516020480732,-0.9044680003812451,-0.6534784642188106,-0.09372716816355649,0.667819470329201,0.036673991141977405,-1.2288860125783188,-0.6194765506697053,-0.6383036203105378,-0.48066575749314067,0.2231565966474942,-0.13530428937943256,-0.48540593403459464,0.3412820279696074,0.42473116175731324,10
B0007,159,-0.8075615401429735,-0.8075615401429735,0.8389586372997211,-1.617830654797806,-0.7672590558206392,-0.15397363180527857,0.8696089944613288,0.05672616318742482,-1.2656907722082027,-0.6390471052898802,-0.6585283174622306,-0.5019812361965411,0.5569384613471992,0.21975974010812416,-0.4801195079272554,0.3412820279696074,0.42473116175731324,9
B0007,160,-0.8324148569276056,-0.8324148569276053,0.9353802752940222,-0.993134100926324,-0.6876609134493481,-0.0898149893543359,0.7457253868232395,0.1080266258399311,-1.2623313616795064,-0.6384012769874143,-0.67892772215922,-0.5217304630226143,0.8144774655256035,0.49108061893887434,-0.5163842039972806,0.3412820279696074,0.42473116175731324,8
B0007,161,-0.8311515261364661,-0.8311515261364656,0.7953803959729059,-1.8019115532237349,-0.8095753252262865,-0.14992781253040724,0.9734088930409185,0.16597951522210236,-1.2997807314477376,-0.6600115183002254,-0.6784610691105961,-0.5292652849070446,0.2709251949120983,-0.12088593008352652,-0.49446953716905034,0.3412820279696074,0.42473116175731324,7
B0007,162,-0.8600426080508157,-0.860042608050816,0.8601334680946374,-1.0662426088610408,-0.7242312275559478,-0.08333067355328476,0.819135811127103,0.20250538079533598,-1.3030740281160904,-0.6596701208474065,-0.7012695989059008,-0.5453510751386911,0.3039598212679664,-0.09691268258399913,-0.4736473101432952,0.3412820279696074,0.42473116175731324,6
B0007,163,-0.8592632355024417,-0.8592632355024421,0.8269871168902021,-1.7183581736033107,-0.8384957683710141,-0.08418472536035215,0.9483499999945009,0.1597939844999671,-1.3013963889098785,-0.6805671241696156,-0.7227494318435472,-0.5459498493968786,0.5619935520106732,0.19026190998666453,-0.4488337408487445,0.3412820279696074,0.42473116175731324,5
B0007,164,-0.8835498977059374,-0.8835498977059367,0.8786546827111457,-1.1605839037910501,-0.7694063817259928,-0.07960310261826502,0.8141794172114548,0.1405024944085851,-1.3371020056115541,-0.680464922384377,-0.7208460391131993,-0.5637169269544694,0.4553080940558928,0.057133374531023705,-0.4652563692802919,0.3412820279696074,0.42473116175731324,4
B0007,165,-0.8827220426170576,-0.8827220426170572,0.8321199366830102,-1.7123551511051582,-0.8578854049733203,-0.07973292289639006,1.000547276614074,0.23625666030943263,-1.3371020056115541,-0.7002398805750293,-0.7426132199871907,-0.5736011266548908,0.17061515556698117,-0.26813703340204575,-0.4981000060728246,0.3412820279696074,0.42473116175731324,3
B0007,166,-0.9123311109145592,-0.9123311109145591,0.7652134612689925,-1.0316690282455279,-0.7797152430239297,-0.014980891451943585,0.8585845839705627,0.25633366630035764,-1.3408415708372232,-0.721778363187566,-0.7453050954548682,-0.5878434000817738,0.3529335227020397,-0.07627091867495038,-0.47430271043799443,0.3412820279696074,0.42473116175731324,2
B0007,167,-0.8049274433664251,-0.8049274433664257,-0.3475382647293215,-1.6992528704826089,-0.7520215638729846,-0.2146490011182799,0.9422586604032914,0.5054645462376542,-1.3014583706539498,-0.6186959029909673,-0.6564088390837512,-0.5903092881598259,0.6237180906640944,0.2236262408723148,-0.4371750927750202,0.3412820279696074,0.42473116175731324,1
B0007,168,-0.7512098242154134,-0.7512098242154136,1.5413160241799893,-0.9763000960017075,-0.4898470609405467,-0.22766203959851988,0.6974007445647608,0.6202265903456359,-1.225534866282167,-0.5165615274404125,-0.5912521198216956,-0.6084671912800268,-0.08105901318670866,-0.5765602926228647,-0.4255145256002346,0.3412820279696074,0.42473116175731324,0
B0018,1,1.3763404956477496,1.376340495647749,-0.42822278223075905,0.38420885358511175,0.6089818900456294,-1.170121843913902,-1.0224367907286511,-0.5711861472455896,1.3136547146455277,0.880219398886432,1.2297085333311395,-2.5924599765667766,-0.5295698709433442,-2.6618675049852714,-1.6793000488794192,0.2206447152484982,-0.034065532456302026,96
B0018,2,1.3168818205360422,1.3168818205360417,-0.6023972297647587,0.10786157653324827,0.7624600928857069,-1.1044708826150043,-0.9889897360805577,-0.4149526649478801,1.2747880289961866,0.9948919764303119,1.2248236184132781,1.158728017766506,-0.38324286136151386,0.4986486371978324,-0.6978945010874803,0.2206447152484982,-0.034065532456302026,95
B0018,3,1.2987874687267857,1.2987874687267864,-0.35641562386677345,0.030302796255219852,0.8342795590113313,-1.1494188732305854,-1.4225417114515904,-1.0414875162988801,1.212351752134444,1.0227517481851656,1.209019481914314,1.1609166409171254,-0.38309380912739466,0.5005636215751033,-0.7594853273531601,0.2206447152484982,-0.034065532456302026,94
B0018,4,1.253833476876586,1.2538334768765862,-0.348928731921224,0.05557074778263884,0.8227276403363771,-1.0913580245863312,-1.7452761408059303,-1.5523395085752532,1.1889805025030733,1.0088544798987722,1.1920291731341188,1.1284943421683804,-0.3603173592245619,0.5000474596321802,-1.0475560692710992,0.2206447152484982,-0.034065532456302026,93
B0018,5,1.2640374914256278,1.2640374914256272,-0.22831515124316004,-0.011793024418629974,0.9273644625061187,-1.0444801478102608,-0.9464438941552971,-0.38550231313180044,1.2423757089628638,1.1204001177155622,1.1940406086885325,1.0852631356899485,-0.32865274489292273,0.5008028473157662,-0.927329268631611,0.2206447152484982,-0.034065532456302026,92
B0018,6,1.243034736836107,1.2430347368361065,-0.15820059639883163,-0.07309035313375935,0.9786574619192425,-1.0323434243285123,-0.9715380422150788,-0.313734106539995,1.2180995258680434,1.1515912327679834,1.178199691653716,1.1718641811105308,-0.3925760682765848,0.49874055644794063,3.1691062796143283,0.2206447152484982,-0.034065532456302026,91
B0018,7,1.206139534768755,1.206139534768755,-0.1798473625624674,0.4947443813286259,1.0294110784994972,-0.9693384911506473,-1.3434438873378667,-0.7141731174032162,1.1674811015426734,1.108168521077953,1.146306369502935,1.1501564020310773,-0.3755460576976061,0.5003797830748825,3.1449006372706068,0.2206447152484982,-0.034065532456302026,90
B0018,8,1.1757723368793689,1.1757723368793689,-0.182369038525932,0.2262437074929065,0.9725241163454775,-0.965922984960468,-1.5273576482420912,-1.0710819264532563,1.1229947377641478,1.0687208064818872,1.1196519749275908,1.0995732505352465,-0.3379193540012582,0.5019070567689983,2.799373657563257,0.2206447152484982,-0.034065532456302026,89
B0018,9,1.1210316434504244,1.1210316434504242,-0.3906884491454807,0.12507564120222267,0.9444280198620284,-0.9598809805390116,-1.5877085846728536,-1.2534534413539518,1.0885163595950955,1.0506115199400186,1.0954802665222667,1.069824788560135,-0.31709115422238815,0.5013555412683446,2.6742803914812066,0.2206447152484982,-0.034065532456302026,88
B0018,10,1.2157012715177897,1.2157012715177895,-0.008280919369585553,-0.0468984017671736,0.9371677770339931,-1.0198558826038613,-1.4245688538678158,-1.2323843027054027,1.1865921392981702,1.0948170538148558,1.171234377676719,0.9649286823690776,-0.243143275263279,0.4999743956128631,-1.2505391425830714,0.2206447152484982,-0.034065532456302026,87
B0018,11,1.160442373719759,1.1604423737197584,-0.13604605902038763,0.004602335715902357,0.9797399741853077,-0.9533427752889572,-1.2851322452275642,-0.839356061185224,1.1535352091264999,1.0995052888994226,1.1249713599252065,1.1187001060880315,-0.353214650281037,0.5001393788822907,2.788689278806474,0.2206447152484982,-0.034065532456302026,86
B0018,12,1.1230133633739754,1.1230133633739754,-0.1869425751688691,0.20275696343480037,0.9771548310861663,-0.8854844360793357,-1.5011770072597665,-1.0475543434815473,1.1037556044042358,1.056319598370903,1.093935484016477,1.0936754715734467,-0.5076359361510939,0.3079963279529416,2.826874913434981,0.2206447152484982,-0.034065532456302026,85
B0018,13,1.0532917794224732,1.0532917794224734,-0.25205744088608206,0.49950686597016386,0.9572966965369442,-0.8172242040021622,-1.8256595564656843,-1.4773444175215473,1.0482282259483724,0.9910517987126202,1.037006110867846,1.041803333127726,-0.3349298524545579,0.45907857847792083,2.6035345751924783,0.2206447152484982,-0.034065532456302026,84
B0018,14,1.0161653085761786,1.0161653085761782,-0.40972579946845816,0.4142809848594701,0.8989295954493616,-0.811575035502221,-1.9927372263279992,-1.8414952170062084,0.9950933428136841,0.9453871712655455,1.004535794060884,0.9834774110518882,-0.26857940900327615,0.48643987526030663,2.285741386063887,0.2206447152484982,-0.034065532456302026,83
B0018,15,1.0034160441578883,1.003416044157889,0.1958504534978491,-0.008592391804220107,0.8964213173672279,-0.8183187299690846,-1.698093951362825,-1.5477336609405106,1.0166547255181555,0.9861243679604738,1.0121493649822755,0.91651350663565,-0.205500714946281,0.50325167041482,-1.3595969099601795,0.2206447152484982,-0.034065532456302026,82
B0018,16,0.9544273028235967,0.9544273028235968,-0.18989173140556578,-0.06773379280165298,0.8976315868662211,-0.7456228378677788,-1.3112933746400524,-0.9028949743855605,0.9948330194885818,0.9753540394011708,0.9722447823662008,0.955364517185963,-0.254325364146236,0.47986647042560165,2.4033725978283766,0.2206447152484982,-0.034065532456302026,81
B0018,17,0.9414437597749346,0.9414437597749347,-0.1293269703324507,0.0953603842700588,0.9290549869052768,-0.7339438140984241,-1.3481789040299925,-0.8333893563671981,0.9388552403591296,0.9617959940615273,0.9399169901356655,0.9413773864848596,-0.3492008110402957,0.3629239721525723,2.615888091400795,0.2206447152484982,-0.034065532456302026,80
B0018,18,0.8659186379542589,0.8659186379542583,-0.2508911713400378,0.4942111636819364,0.897539640764118,-0.6039059780772325,-1.6828486391085742,-1.2522702129787249,0.921425973926117,0.890343899143269,0.9013043238413969,0.9017417751824477,-0.3407936307712308,0.340625304837726,2.5901223040998893,0.2206447152484982,-0.034065532456302026,79
B0018,19,0.8286053088681241,0.8286053088681247,-0.49361445495048367,0.14677895334857044,0.7664706745470986,-0.5920632186742549,-1.9362473188456508,-1.7942421031947915,0.8704852445315733,0.8006455238008009,0.8450209088536689,0.8422876208220859,-0.3134071326911828,0.32364852641377867,2.178087329693916,0.2206447152484982,-0.034065532456302026,78
B0018,20,0.7855305432029972,0.7855305432029972,-0.10041683491545059,-0.13200219936981927,0.7167112186250357,-0.6444104212634387,-2.108185176803019,-2.1482668252838817,0.8093423200627975,0.7536218300606585,0.8084196781138139,0.7759918068958941,-0.10524035967920456,0.502736686923826,-1.3764157423655974,0.2206447152484982,-0.034065532456302026,77
B0018,21,0.7545748442055352,0.7545748442055353,-0.13629336978630585,0.2642852857377572,0.7303587689605612,-0.5807189220384406,-2.225799046484039,-2.2927554029771415,0.7646617468195133,0.7195429709487273,0.7800802752397447,0.7748163805811766,-0.1060004203624024,0.5009501538063251,1.9195633568504684,0.2206447152484982,-0.034065532456302026,76
B0018,22,0.639163359067147,0.6391633590671467,-0.6987497928543677,-0.03132739467847592,0.6056305872806071,-0.3887487665730571,-2.1186631728164884,-2.1397425300085127,0.7791902676299627,0.6666089697132924,0.7100041593074663,0.7207777411864976,-1.2350742651279991,-0.8009080777441726,1.7585367381791854,0.2206447152484982,-0.034065532456302026,75
B0018,23,0.6536389220941333,0.6536389220941339,-0.4383525378895746,0.22399131148636287,0.6522790311676243,-0.4394535789986336,-2.153331514037712,-2.179703193293169,0.7131383890306935,0.6386796137642339,0.6950965483698979,0.6998766850608081,-0.052714775219350384,0.5004717023249907,1.6281568989763302,0.2206447152484982,-0.034065532456302026,74
B0018,24,0.6336608102304504,0.6336608102304506,-0.4157964170670274,0.36134352166238604,0.6389758289320633,-0.42853806037712855,-2.2222362879421245,-2.26976731834254,0.6893167387257342,0.6139098151332991,0.6785384108859653,0.6588355765464315,-0.06467383851418752,0.4543459155492492,1.6700428678253945,0.2206447152484982,-0.034065532456302026,73
B0018,25,0.8438033852068862,0.8438033852068864,-0.2614267847595212,0.11468349147244526,0.7085296683284988,-0.6362027316897984,-2.0394060285719715,-2.1674620518217917,0.8605433727824436,0.7424100767693673,0.8464231667830318,0.5488454647204546,0.05535760848836253,0.5002678301420563,-1.8069293073758848,0.2206447152484982,-0.034065532456302026,72
B0018,26,0.760883950668562,0.7608839506685625,-0.2000794532113554,-0.1727565699769626,0.7119856073228316,-0.5711629932199074,-1.5234435413314438,-1.3924175957644416,0.8287756628874681,0.7587862819743157,0.8010934551287672,0.7842404384871288,-0.2828841950464006,0.3112924579856939,1.9348499418183296,0.2206447152484982,-0.034065532456302026,71
B0018,27,0.7078228273109393,0.707822827310939,-0.31675692954021356,0.4675333883628372,0.7937386433568934,-0.4315643630552829,-1.372760147570697,-0.9396822694989587,0.804887898722165,0.7521279443913187,0.7576671362048504,0.758292570756718,-0.3603501295739049,0.2042006393493243,2.268263342711262,0.2206447152484982,-0.034065532456302026,70
B0018,28,0.6555338168721382,0.6555338168721386,-0.26070247088992254,0.35203368055334205,0.7350820670212843,-0.35818193367462153,-1.3989827690900323,-0.9730743138511366,0.7778308013766521,0.7012292808363814,0.6896714193317078,0.7092786207651032,-0.40506262848508184,0.11519098704204812,2.2335499543557225,0.2206447152484982,-0.034065532456302026,69
B0018,29,0.5922008092166049,0.5922008092166043,-0.48722878952344845,-0.11197292867624785,0.5977514108131134,-0.34670926377852024,-1.4264024814276115,-1.1950093827870933,0.7374806859858575,0.6205007430281602,0.6370890457641011,0.6607248125679573,-0.3251346893245266,0.16549674279389798,2.1536117574715306,0.2206447152484982,-0.034065532456302026,68
B0018,30,0.5658615776373972,0.5658615776373973,-0.19253915960259474,0.41561419353111034,0.6450087701918619,-0.2757452893022541,-1.6366923230285864,-1.373544446958279,0.7025519071432165,0.5868981007453199,0.6138506434560248,0.5925382878067996,-0.02014316218648434,0.4510132535068351,-1.0396059003780653,0.2206447152484982,-0.034065532456302026,67
B0018,31,0.5047667831329896,0.5047667831329895,-0.24380386016842556,0.47406732167666715,0.6147777608698589,-0.20181831106907458,-1.5563089715323144,-1.3110664954115863,0.660908439359455,0.5304631447389424,0.5624498446026671,0.5723967606046726,-0.22586590140214904,0.20558178500480362,1.89142937389577,0.2206447152484982,-0.034065532456302026,66
B0018,32,0.4799659822192226,0.47996598221922215,-0.2355961917716403,0.20925531375822454,0.5699610737147517,-0.19297576902361363,-1.2788878412147036,-0.9827141137520117,0.6268804618639914,0.5229871928740359,0.514821349457644,0.5261244888051024,-0.20262643817631035,0.19451494298208993,1.8714780592308213,0.2206447152484982,-0.034065532456302026,65
B0018,33,0.42229402903976443,0.4222940290397641,-0.4383053488174617,0.24899846781530272,0.5426586944300437,-0.11365744026858114,-1.2000556118503656,-0.7896577986783015,0.5934392448790761,0.4923418788449108,0.4670871102720465,0.5133127844187164,-0.2668954358901614,0.11263138946209493,2.0836632141414735,0.2206447152484982,-0.034065532456302026,64
B0018,34,0.3803498043447429,0.38034980434474325,-0.6414841863470438,0.23029984591718058,0.46688819376744595,-0.04077365553039925,-1.3227272840847628,-1.0398779557640965,0.5860758136833359,0.4282265674031488,0.43170653356578415,0.4801973233513839,-0.22054759083587064,0.13783847612653838,2.0724531171512117,0.2206447152484982,-0.034065532456302026,63
B0018,35,0.3351940882699585,0.3351940882699578,-0.1983318147598342,0.12736860786685836,0.4386681068348681,-0.09254254464984192,-1.4189515528654937,-1.2608859511280073,0.5224825442655857,0.4025760938143067,0.41906322436661303,0.38926770047321696,0.07550820201142144,0.3952206255946459,-1.0167251441245169,0.2206447152484982,-0.034065532456302026,62
B0018,36,0.2875928371097286,0.28759283710972916,-0.22162060156020844,-0.29281764123586457,0.3061959512668548,-0.02899342561987964,-1.3761787112790929,-1.3786558713316672,0.4939420171786193,0.3393088397394191,0.34115515308132055,0.3983009328165593,-0.07075220976367722,0.23938921381404907,1.8692904716460859,0.2206447152484982,-0.034065532456302026,61
B0018,37,0.23159589976270262,0.23159589976270284,-0.4207912654172204,0.5040956893137092,0.391502052847915,0.12546306653513342,-1.5375278975748432,-1.4012020472362683,0.4700542530133163,0.2797165009209867,0.3053447038622865,0.3583187403548429,-0.10459552377273833,0.1697132437796573,1.8148252827157392,0.2206447152484982,-0.034065532456302026,60
B0018,38,0.2039284397507338,0.20392843975073374,-0.2480109105735838,-0.1706625078746023,0.2818459285763289,0.06842293116327117,-1.162968006313393,-1.0740218743685526,0.4343486363116406,0.2691136093289898,0.28049025676020717,0.3014691065362602,0.061403209388497644,0.3093409415987677,1.572936008892649,0.2206447152484982,-0.034065532456302026,59
B0018,39,0.16290775046193073,0.1629077504619305,-0.6569744678032232,-0.24558614685075442,0.22081584973821713,0.14629450276296996,-1.0713486603872389,-0.9445678050537601,0.4271215649528601,0.23065312048820816,0.22090119111276832,0.2916984674710123,-0.1341448649095591,0.08353894680266115,1.8994450864662031,0.2206447152484982,-0.034065532456302026,58
B0018,40,0.47530632706141795,0.4753063270614172,-0.26140852007165116,-0.31897856746875797,0.3681211796293074,-0.34396070757107344,-1.4952353144284491,-1.6204091533844123,0.5527626923028356,0.44096699846088294,0.5009918679772415,0.19899316920649665,0.3106819713158701,0.5053504932923031,-1.5549836433668134,0.2206447152484982,-0.034065532456302026,57
B0018,41,0.34061423826801385,0.3406142382680133,-0.6160888525155263,0.4762917977753683,0.4292519792244067,-0.05554868450524409,-1.562780656635228,-1.3913145475786333,0.5056317741105769,0.37665163246078165,0.3906180774519693,0.4940708934173142,-0.24849541328695177,0.1177682614008677,2.061254942466511,0.2206447152484982,-0.034065532456302026,56
B0018,42,0.25543327237140184,0.2554332723714019,-0.29161047992134886,-0.06785109099515713,0.2905240698241731,-0.03794391681208891,-1.5726798514263705,-1.5736491963361439,0.4349973785662603,0.2964341035787536,0.32028909533570726,0.3819157554558189,-0.22978037248681563,0.0490138407714098,1.7204241623262135,0.2206447152484982,-0.034065532456302026,55
B0018,43,0.1750387656580886,0.17503876565808787,-0.38645712442695856,-0.14411630727737898,0.2006371700229328,0.043427898186471664,-1.6273173607718545,-1.763594196762544,0.3684992314096747,0.22820897566675513,0.2536243741037142,0.314143653272372,-0.12636560681826853,0.11014603435338358,1.7024280597378338,0.2206447152484982,-0.034065532456302026,54
B0018,44,0.14727994179169734,0.1472799417916973,-0.361842811341704,0.34908583193992443,0.21108926383519883,0.12650820028768373,-1.8247833306444698,-1.9865510041668255,0.3346654633789698,0.14567777232740897,0.20279827112304608,0.2479378029662522,0.04187948093516756,0.24480184350314868,1.563126511088046,0.2206447152484982,-0.034065532456302026,53
B0018,45,0.06954419294248762,0.06954419294248712,-0.37675120184309036,0.1446267612488079,0.13846539528395388,0.13783883256321058,-1.787107740821066,-2.0030095073616074,0.2671301550382472,0.10320749429556073,0.1380737231572532,0.12101240836498993,0.3362343869406415,0.4715253877041912,-1.4832240058041737,0.2206447152484982,-0.034065532456302026,52
B0018,46,0.7303601846817549,0.7303601846817549,-0.3966813882521031,-0.20705478689188175,0.5167405033275965,-0.5947370737096092,-1.9905366467833472,-1.8047669046083727,0.766021213072824,0.6919550124524877,0.7712805320371215,0.15845792170335107,-6.023079181690412,-6.587843559353223,-3.481399420543392,0.2206447152484982,-0.034065532456302026,51
B0018,47,0.6793046848553012,0.6793046848553015,-0.2677511883385384,-0.05547969995343913,0.6031633081651832,-0.5134266293885713,-1.978138022711739,-1.6711425668260993,0.697642953012723,0.6394602614429719,0.7309069975889319,-3.4068342624778865,-3.6878778297686328,-6.83344001112468,-3.481399420543392,0.2206447152484982,-0.034065532456302026,50
B0018,48,0.5748587482538015,0.5748587482538007,-0.2661089418394294,0.12238345834438523,0.5924836890964923,-0.43445273608812807,-1.9770827528233166,-1.7536567247000818,0.5910508816741731,0.5480288047635837,0.6433026575396209,0.8979633031393953,-0.8515586383110211,-0.23178886224363818,1.9261575505279986,0.2206447152484982,-0.034065532456302026,49
B0018,49,0.48400034056593316,0.48400034056593266,-0.2910497707166566,-0.014894848060798483,0.5136853889727185,-0.3546792192114554,-1.936823125960026,-1.783004808094205,0.5084705379890687,0.46845492967795266,0.5433768379798447,0.7910378536496488,-0.7270017117747153,-0.1783731718631083,1.8583719371767784,0.2206447152484982,-0.034065532456302026,48
B0018,50,0.397802405279908,0.3978024052799086,-0.4970345306326244,0.049646277632786576,0.44572293395191154,-0.21642254029977723,-1.958091162697573,-1.853969750246626,0.4763805230249195,0.3875567803963566,0.46906176529060783,0.6824547138490685,-0.6664981329114155,-0.19768799890519947,1.7968187383916367,0.2206447152484982,-0.034065532456302026,47
B0018,51,0.4267651243161464,0.42676512431614577,-0.35429887648816827,0.3093551686438352,0.5575069819444107,-0.2773320536023048,-1.5453562432454688,-1.1580998117184569,0.47541360781739844,0.44820592916427865,0.5190258244622415,0.6039208979661327,-0.5067765073118156,-0.0823847272591099,1.76963915172679,0.2206447152484982,-0.034065532456302026,46
B0018,52,0.32819268011662106,0.32819268011662056,-0.310793465158915,-0.29158810278954456,0.41891668130514076,-0.2592879042140295,-1.454148162433654,-1.1901642616949764,0.3823748778492303,0.38776118396683407,0.43784888305309055,0.4668797579537709,-0.36955119798355335,-0.038910457313423304,-0.9259001644075494,0.2206447152484982,-0.034065532456302026,45
B0018,53,0.22210637985023735,0.22210637985023704,-0.5936062826208068,0.45653858452833207,0.43072817904631105,-0.041843561173266014,-1.701689498431529,-1.4007823628713982,0.3270458409743996,0.29741698032190017,0.3244912715568135,0.5601602334613727,-0.465532379890996,-0.07137327247684695,2.0081481191070885,0.2206447152484982,-0.034065532456302026,44
B0018,54,0.153598424331577,0.15359842433157664,-0.46409244729723176,-0.25960462549073204,0.2693732044007521,-0.0937911858597944,-1.6559946849013536,-1.551810279216241,0.22968078527001584,0.2116936020733964,0.26705616604021504,0.491006231081075,-1.6081012659384843,-1.4003535750690634,2.062622393913108,0.2206447152484982,-0.034065532456302026,43
B0018,55,0.12126816751470144,0.12126816751470207,-0.31599818238146676,0.007565500202136625,0.2564693762636236,-0.021475393416829597,-1.6662204188137613,-1.6100188272004032,0.23039564138497917,0.17595124581875063,0.23918341621476968,0.4122187472858036,-1.5630748059384216,-1.4131138525072429,1.6630380994736114,0.2206447152484982,-0.034065532456302026,42
B0018,56,0.4631905191479161,0.4631905191479154,-0.06715915176949683,0.44910225751506716,0.33063079964934733,-0.2983247566917259,-1.7059173423563243,-1.5638837370255403,0.5005286105153248,0.3425053636607144,0.48917612083474366,0.35735126273570295,-0.2848831863564485,-0.032042439497602555,1.7649883393068995,0.2206447152484982,-0.034065532456302026,41
B0018,57,0.29597469756544265,0.2959746975654432,-0.14435290760764943,0.36237449007012834,0.4430712305250925,-0.22598477216987872,-1.6009504503227483,-1.3278478982804531,0.30612906840827564,0.3039752906257278,0.37757707870889645,0.20415501625983515,-4.119563342156219e-05,0.16308445170450375,-1.1610469948909432,0.2206447152484982,-0.034065532456302026,40
B0018,58,0.15917518170630326,0.15917518170630346,-0.31590957852496093,-0.05718009606200158,0.2901571875534297,-0.13908874020673645,-1.5138055785243019,-1.3250336064942168,0.2018551142980127,0.21920434603540612,0.2653320784221463,-3.4063726458699732,-6.571273213722436,-10.047447264611481,-3.5216120487186195,0.2206447152484982,-0.034065532456302026,39
B0018,59,0.05258902978158393,0.05258902978158424,-0.6998906526135399,-0.07332267465231893,0.19293247701434588,-0.049683620166309596,-1.5253207407783456,-1.409516060427313,0.09681258656125971,0.12858832913185866,0.1770105179237189,0.5448133247650755,-0.6449764702560811,-0.28367845738197706,1.920764063553648,0.2206447152484982,-0.034065532456302026,38
B0018,60,0.024920250867034734,0.024920250867034734,-0.5786570539373114,0.34686823273737344,0.19026662026691935,0.036397356820378944,-1.6180146289750732,-1.529335677914261,0.061751579997931405,0.044121815391183865,0.1266510679916747,0.4303781252194486,-0.5586244855158595,-0.27885387520319077,1.9295774084665618,0.2206447152484982,-0.034065532456302026,37
B0018,61,-0.007931002306449053,-0.007931002306449499,-0.2671248029537768,0.39961141770980396,0.1865555761867892,0.04654891678272636,-1.6376072611446315,-1.5771063796786609,0.01707100675464716,0.03501498397459561,0.09827488458175311,0.35103611156930403,-0.3596228392400549,-0.12040747860219213,1.924738452774602,0.2206447152484982,-0.034065532456302026,36
B0018,62,-0.08800494720911028,-0.08800494720911024,-0.2399981398198917,-0.039052523152168436,0.07924256775678919,0.06063333008658266,-1.3983186243006023,-1.384113321969003,-0.04839824345034601,-0.011158477892603439,0.03186073075025254,0.28096035078662446,-0.26061832832852433,-0.06603252835514191,1.829282558233762,0.2206447152484982,-0.034065532456302026,35
B0018,63,-0.13107978940102685,-0.13107978940102696,-0.34730207439895217,0.4090343824559816,0.10675952745718933,0.1485574447915149,-1.4985207018361055,-1.401153300846216,-0.10630985299484033,-0.051352048070304614,-0.030562734941290724,0.12486019663989271,0.19444977062124927,0.316540104405366,-0.9979081363713473,0.2206447152484982,-0.034065532456302026,34
B0018,64,-0.20868853389328396,-0.20868853389328437,-0.42531724429026746,0.14935177335639216,0.007828893633327496,0.16439699828563223,-1.405619617113428,-1.392170177517344,-0.16641974839575135,-0.11618059750266851,-0.09460684299381952,0.1668466605717482,-0.17106224910879242,-0.057379155873745015,1.6469305530865899,0.2206447152484982,-0.034065532456302026,33
B0018,65,-0.24918646086909138,-0.24918646086909113,-0.6315154318972086,0.12583928533420538,-0.06774363890609313,0.17799684194400872,-1.3722711841464696,-1.4735058222298936,-0.2258189197979714,-0.18498414402899674,-0.12952076665145806,0.1318419634828939,-0.0989632521175665,-0.00497457724440997,1.7959581119372923,0.2206447152484982,-0.034065532456302026,32
B0018,66,-0.251895618057984,-0.25189561805798466,-0.26817636256170746,0.044067639318073275,-0.08621480875406388,0.11652269094141678,-1.4485968458042466,-1.5580099797877889,-0.2744332677316834,-0.17163050225983062,-0.133541338976794,0.08112312915023373,-0.09286902424743429,-0.03870776358241145,1.6553833433698018,0.2206447152484982,-0.034065532456302026,31
B0018,67,-0.2990419012340405,-0.2990419012340404,-0.29963047120420266,0.5006765593770481,-0.04984875712787869,0.20561892785084376,-1.5252132959630118,-1.6502417525595796,-0.34009672740143526,-0.2419605520465325,-0.20074627432911557,0.04685731359672903,-0.01746762172866881,0.017968703273129372,1.699483062876985,0.2206447152484982,-0.034065532456302026,30
B0018,68,-0.3782575170855338,-0.37825751708553423,-0.5919483512561847,-0.06884881215571018,-0.23006004701457158,0.28818603625320843,-1.3996443700541394,-1.6069608543071212,-0.3542368292823673,-0.2864031070828804,-0.26669147632850104,-0.09650045239547585,0.5081804099539786,0.4894048603022771,-0.9873458694860768,0.2206447152484982,-0.034065532456302026,29
B0018,69,-0.40396014817193515,-0.40396014817193454,-0.3817035137413175,-0.08781046311857572,-0.2542498863297004,0.23461806815232358,-1.3589804924761832,-1.599512200147892,-0.436494867898298,-0.31959911673083496,-0.2896448294837238,-0.022758305391481645,-0.040212358390201194,-0.06301333452464328,1.715088011846936,0.2206447152484982,-0.034065532456302026,28
B0018,70,-0.4294804448900578,-0.42948044489005727,-0.6500221424403857,-0.2538028386279796,-0.3437214882471498,0.2438355368391012,-1.2943044755290447,-1.6135202747133894,-0.470969113951078,-0.36821889792555584,-0.33953532758365285,-0.08398666032473931,0.1696077316016331,0.12196708560776064,1.5535024860889606,0.2206447152484982,-0.034065532456302026,27
B0018,71,-0.2428176527866707,-0.24281765278667117,-0.5229404205545894,0.08209090853905018,-0.1432493325954816,0.06526848364150135,-1.2546709173242185,-1.4569841893313538,-0.2966475248070467,-0.20553974989838703,-0.13250228883897172,-0.10246754758913489,-0.04924640372899397,-0.13677617583310395,1.5555256647516684,0.2206447152484982,-0.034065532456302026,26
B0018,72,-0.2910579847765518,-0.2910579847765525,-0.3426376370937952,0.38385861695752,-0.0974255489116387,0.1561694750603557,-1.14947790555205,-1.1328918192347497,-0.365728244633294,-0.22409046117224377,-0.20024284074463936,-0.139845219509081,0.10599942641489364,0.006423409769072715,1.6447889329509835,0.2206447152484982,-0.034065532456302026,25
B0018,73,-0.4051174823551267,-0.4051174823551274,-0.7697342603249063,-0.2048217338660777,-0.2999514172881096,0.24875426121636796,-1.097932724983841,-1.0984063319127495,-0.4299082745615925,-0.32143439985299366,-0.2951757025624883,-0.32212331228345803,0.544748948498895,0.34988675851214346,-1.3314220338670097,0.2206447152484982,-0.034065532456302026,24
B0018,74,-0.4492970356326962,-0.4492970356326956,-0.4513577177854234,0.14621194695412823,-0.26763887430270633,0.26561857099726105,-1.1038093447858186,-1.1783684176170326,-0.48801409357084546,-0.36169755422489974,-0.331884976126409,-0.011167746536571096,0.009737053767915964,0.0019311510329929834,1.9370368396408904,0.2206447152484982,-0.034065532456302026,23
B0018,75,-0.49508473651218665,-0.4950847365121861,-0.46283894404068476,0.2327485313269189,-0.3020203290831518,0.2830087381017644,-1.2123057061813083,-1.3665967614503445,-0.5513511717797656,-0.40695337453101993,-0.39912439323109167,-0.0826740763597477,0.05208691620211377,-0.00799494952683974,1.9177686964401675,0.2206447152484982,-0.034065532456302026,22
B0018,76,-0.5081062070139919,-0.508106207013992,-0.41705721962670467,0.19445583474846495,-0.3291835903016841,0.21639799088267753,-1.201207323702876,-1.387267280428542,-0.6203037960015979,-0.42400802562946754,-0.4109033598377371,-0.12968375488122338,0.11840458930405634,0.02837207686236535,1.847798291141998,0.2206447152484982,-0.034065532456302026,21
B0018,77,-0.5445089987775862,-0.5445089987775857,-0.5200038169647353,0.46870188749925873,-0.3121031461072464,0.31093541496665916,-1.1639017742274576,-1.2766780647045202,-0.6701495145842056,-0.46416897821613534,-0.4717153783022598,-0.17814464983140896,0.08422934336937113,-0.04844884719009872,1.8158623335529687,0.2206447152484982,-0.034065532456302026,20
B0018,78,-0.5721437676655428,-0.5721437676655424,-0.3744199009200104,-0.09058552324199026,-0.41834314496910685,0.24134819966712645,-0.8999676809792725,-1.0213848349177463,-0.7075947522361646,-0.462775119825965,-0.4671890736089564,-0.34924513151514214,0.6029882019332602,0.39313947949602923,-1.0679718970365915,0.2206447152484982,-0.034065532456302026,19
B0018,79,-0.6221262069029317,-0.6221262069029319,-0.4279044777949323,-0.15685886798581075,-0.4927654565569768,0.3316045055275225,-0.9232718092995346,-1.1351752291439463,-0.7256107791797255,-0.5090181658873694,-0.5370146221407422,-0.24386528651451467,0.19066743804200614,0.01769294552280254,1.7922165989538694,0.2206447152484982,-0.034065532456302026,18
B0018,80,-0.6736157694562606,-0.6736157694562613,-0.8562817275608119,-0.11304412447589436,-0.5870903166098621,0.350121761402028,-1.0448664966448857,-1.3296101942327272,-0.7976005088610806,-0.5801310378588781,-0.5776732057417855,-0.2824183847491782,0.23519811436971894,0.036529321083559316,1.7472576449007808,0.2206447152484982,-0.034065532456302026,17
B0018,81,-0.6488696851172747,-0.6488696851172753,0.10533383596380608,0.14773639404244207,-0.5057885840089862,0.2751589338781741,-1.2202641519348554,-1.562481406742151,-0.8096745526062832,-0.5715025977774502,-0.5606851957450814,-0.2942168922996662,0.2234377873870292,0.013991428028037241,1.9938563323244274,0.2206447152484982,-0.034065532456302026,16
B0018,82,-0.7004548352057455,-0.7004548352057453,-0.4658383196721808,0.38623423404684476,-0.5173426542221188,0.3713053186347062,-1.1610447283136855,-1.4379182646224717,-0.8852137701648211,-0.6176064754504443,-0.6331681379921837,-0.329981118312083,0.25746292397955356,0.02334480095256934,1.882063437724524,0.2206447152484982,-0.034065532456302026,15
B0018,83,-0.7168909457969709,-0.7168909457969702,-0.444563705184248,0.43429060609996345,-0.4957912161178633,0.37958786544413003,-0.9775778938987882,-1.1459676696410583,-0.9053578369881826,-0.6114917643846739,-0.6480021878580475,-0.5018426037328227,0.8125440149142475,0.5048166545705179,-1.1015449640915722,0.2206447152484982,-0.034065532456302026,14
B0018,84,-0.770381747059572,-0.7703817470595722,-0.44372721594448705,0.21144398412480667,-0.5516172288386941,0.3902644545756727,-0.8373168515745913,-0.955043038547383,-0.9292456011534856,-0.6327258161475638,-0.6645235448061277,-0.3866699974652904,0.3266379601227672,0.055163002913306385,1.7246667284137782,0.2206447152484982,-0.034065532456302026,13
B0018,85,-0.7892374158950124,-0.7892374158950125,-0.6946061858198018,0.5011606649568534,-0.5657916541002858,0.48623114926273187,-0.95534842756702,-1.100948125923152,-0.9506210386257429,-0.6803975126962408,-0.7085981206744387,-0.42294008448893416,0.3427588577844317,0.044152726582966005,1.6816386652872573,0.2206447152484982,-0.034065532456302026,12
B0018,86,-0.5631197400879262,-0.5631197400879258,-0.5375093005842613,-0.05914718778118107,-0.5070556900543779,0.19909889754315963,-1.0237031651994613,-1.2292603267088014,-0.7208340527699194,-0.4861858521638321,-0.4683039836019745,-0.43303370769837674,0.28007552213566245,-0.03379126215351906,1.8177925844459486,0.2206447152484982,-0.034065532456302026,11
B0018,87,-0.6498712172976223,-0.6498712172976226,-0.48949607963383074,-0.13108337660005162,-0.5664452440311976,0.22512645332048428,-0.9440170541212508,-1.1136581320637973,-0.8450537321225129,-0.559405820516113,-0.5685516328504566,-0.4481726676990968,0.23153100656720552,-0.10000494043381274,1.9060907996136733,0.2206447152484982,-0.034065532456302026,10
B0018,88,-0.6989515627275009,-0.6989515627275011,-0.47021914089097533,0.24388311682652952,-0.573217638848872,0.32408970719183366,-1.1352142606620732,-1.3396730399067538,-0.9147831942033798,-0.6327258161475638,-0.6397058782399008,-0.7268681641760615,0.42354516867621783,-0.10864181458826581,-1.36454964213167,0.2206447152484982,-0.034065532456302026,9
B0018,89,-0.7717488063357623,-0.7717488063357619,-0.5450211322381032,-0.34732036605004635,-0.7574353000995693,0.3450789728384308,-1.0468807263792836,-1.4382333922483082,-0.9610133110484611,-0.675809304890844,-0.7009454704337037,-0.2856909957809949,0.19449945469928706,-0.011456062829004552,1.9672949339061305,0.2206447152484982,-0.034065532456302026,8
B0018,90,-0.8368078769731384,-0.836807876973139,-0.99496138434097,0.48958706146850317,-0.6853506014549594,0.5227893216877106,-1.3488578902321438,-1.7111515616153379,-1.004979028176782,-0.7551787764059976,-0.755003663002378,-0.3558596698106434,0.10234923234109132,-0.1702524596515697,1.996505919029351,0.2206447152484982,-0.034065532456302026,7
B0018,91,-0.6398278076466895,-0.6398278076466901,0.040218773379930864,0.23715382898954404,-0.5380841341580228,0.1690881427022396,-0.9664796243173476,-1.134361904214428,-0.9239523602097471,-0.5839038058884343,-0.5955991194027199,-0.42810193154227266,0.29077874107496626,-0.017918693182808032,1.772617768948595,0.2206447152484982,-0.034065532456302026,6
B0018,92,-0.7720413619201407,-0.7720413619201402,-0.611862601725029,-0.0509669277325423,-0.6688835876417775,0.35015537434162763,-0.8214188739786469,-0.9685057309627767,-0.9586249478435712,-0.6631710756183432,-0.6751577172343901,-0.4669322947043725,0.34110765502066004,0.007159942221873984,1.785913831538182,0.2206447152484982,-0.034065532456302026,5
B0018,93,-0.8154195316076448,-0.8154195316076451,-0.5741069311994537,-0.07057434899751815,-0.702174717526203,0.3665505292782562,-0.7341225612523145,-0.8469725599026896,-1.0195736628475751,-0.6795820729204003,-0.7127635163596927,-0.7712497251406661,1.0041448477782937,0.5031408959339185,-1.3387032803824783,0.2206447152484982,-0.034065532456302026,4
B0018,94,-0.8362747745328527,-0.8362747745328527,-0.516444379759971,-0.11951743076859493,-0.731354028453627,0.37699873592568206,-0.6994104492384997,-0.8051756538042454,-1.0448787428939879,-0.7002724981660626,-0.7590977963994185,-0.3978918529592482,0.2558941756431675,-0.03266819746949592,2.0615474551484056,0.2206447152484982,-0.034065532456302026,3
B0018,95,-0.8860240818583004,-0.8860240818583011,-0.8481340522308806,-0.31765621804926325,-0.8593670852247115,0.3931118492409499,-0.7032142877779773,-0.9661924529297549,-1.117066814156374,-0.7784546893675922,-0.8034597202040743,-0.4436803859492484,0.25949574274698906,-0.06524060866189633,1.977449956348159,0.2206447152484982,-0.034065532456302026,2
B0018,96,-0.8720968136351401,-0.8720968136351397,-0.5979078176900599,-0.2296033929087567,-0.8171382644778263,0.3177626281714313,-0.7186820719840064,-0.9708752766097712,-1.1464378966139017,-0.7450542761491606,-0.793076115176318,-0.48006550842150975,0.28930830378661226,-0.0610794949165856,2.029769596621018,0.2206447152484982,-0.034065532456302026,1
B0018,97,-0.9304595617237384,-0.9304595617237379,-0.5500491950634059,-0.15863069406255498,-0.8547390764611345,0.41450542404179946,-0.7114101022185106,-0.9314336852367817,-1.1746561186316946,-0.7940480723877338,-0.8408862142171114,-0.5147236243510682,0.2039795996323881,-0.18389657603310725,2.03418548898994,0.2206447152484982,-0.034065532456302026,0
B0018,98,-0.9470134539430105,-0.9470134539430104,-0.5565616348101801,0.3498552264634108,-0.7837423584968228,0.5102472307432451,-0.7743638934314948,-0.9194160468679641,-1.1978992726586746,-0.815012485398079,-0.8858917973991727,-0.6884536984051166,0.676920224271719,0.20451292910930863,-0.9444354667789377,0.2206447152484982,-0.034065532456302026,0
B0018,99,-0.9681737322545804,-0.9681737322545804,-0.5249312193888873,0.36739153795872376,-0.7894509131581862,0.5293043582960345,-0.714919721311951,-0.8091437301208618,-1.220820121616432,-0.8519116788813844,-0.907946326209515,-0.5511574156669752,0.3288346306369285,-0.07382209557589867,2.0619145986491665,0.2206447152484982,-0.034065532456302026,0
B0018,100,-1.0225485254885953,-1.022548525488596,-0.760843941845027,0.09809588593714044,-0.9067642994803744,0.471680057243713,-0.6404414536794105,-0.8253007715040456,-1.2884835255615696,-0.8905091616045071,-0.9261917707756641,-0.5886958422522965,0.2750045748515324,-0.163826361307428,1.9859082943518425,0.2206447152484982,-0.034065532456302026,0
B0018,101,-0.9906467012871226,-0.9906467012871221,-0.6090536186618069,0.40907828334490753,-0.8216691501940645,0.5422706911530776,-0.775640658733305,-0.9188461653580833,-1.2481953919148465,-0.8774969172881594,-0.9270193328323373,-0.6246665421468467,0.20090764365830405,-0.27517121293921654,1.8596513990427195,0.2206447152484982,-0.034065532456302026,0
B0018,102,-1.0640370144385374,-1.0640370144385372,-0.8326316100802305,-0.23723593646763025,-1.0099309308622066,0.5477828554179334,-0.6365948701847438,-0.8783299989657916,-1.305011990647405,-0.9063069481951257,-0.9887968403629775,-0.6357748370056314,0.40502886418823486,-0.056495316930391205,1.8955623623037443,0.2206447152484982,-0.034065532456302026,0
B0018,103,-1.0488248787502295,-1.0488248787502297,-0.5472618792900145,0.24694343209384031,-0.9076397662933909,0.5613732488623024,-0.637169207065882,-0.7685728788084881,-1.3338087089432014,-0.8992071858801404,-1.006577930663994,-0.8027974595172274,0.7018785451761066,0.14096962288986747,-0.9419040949060873,0.2206447152484982,-0.034065532456302026,0
B0018,104,-1.0760025381897396,-1.0760025381897396,-0.6718566942175913,0.35238815705889187,-0.9007948384503018,0.5727851519307611,-0.606474096375696,-0.7003379840321484,-1.370154803666952,-0.9235333852730174,-1.029312899387594,-0.6678741516101777,0.4106452792227565,-0.07588320799179951,1.8252080806488435,0.2206447152484982,-0.034065532456302026,0
B0018,105,-1.1325692439862411,-1.1325692439862411,-0.9809027963456529,-0.07666304565662545,-1.0515926193290235,0.5832441779159605,-0.4846514100179901,-0.6858347010024543,-1.394497100622116,-0.973853630213625,-1.0464457327442163,-0.6796048177422507,0.30237415920288657,-0.2059560176072928,1.912800747873278,0.2206447152484982,-0.034065532456302026,0
B0018,106,-0.6103509453793113,-0.6103509453793119,-0.5571161507343784,0.3374199984649779,-0.5078463303916061,0.14032337548548,-1.5357438347985124,-1.9508315268731884,-0.8997422909752704,-0.5499271485617419,-0.530909053189288,-0.7000663794616842,0.2819910019102811,-0.24502876961507888,1.9224566440387523,0.2206447152484982,-0.034065532456302026,0
B0018,107,-0.6623685340137606,-0.6623685340137605,-0.5247096473124795,0.16824591296738545,-0.5177695432769879,0.23756501643893022,-1.1749447324611053,-1.3495264858986602,-0.9175599763378003,-0.5693607092995753,-0.573903200816942,-0.7242857658359485,0.19861266209611644,-0.3573305242095298,1.9383172457946163,0.2206447152484982,-0.034065532456302026,0
B0018,108,-0.7225835441404648,-0.7225835441404647,-0.4980507926045225,0.2593366974345662,-0.5099301198470045,0.33844554015948625,-0.9826583293649002,-0.9611843969157075,-0.9451294561009734,-0.5908361312361137,-0.5928336828633376,-0.8878750226503525,0.9240361431423206,0.32064700936214857,-1.7831179624702735,0.2206447152484982,-0.034065532456302026,0
B0018,109,-0.7717883852945552,-0.7717883852945556,-0.49672657402853243,0.2540898681107629,-0.5654560022703701,0.3714407840312123,-1.0567845237103188,-1.1154727141452072,-1.0044005318987783,-0.6451966084527528,-0.6596754104241186,-0.2966827803777182,0.25138455273007343,0.043175789937579256,1.6729010764302652,0.2206447152484982,-0.034065532456302026,0
B0018,110,-0.8401679204827437,-0.8401679204827436,-0.6618531789630209,0.3589017149524541,-0.633601275983526,0.37475549266621594,-1.1691176306242237,-1.3133838553721728,-1.1139016130924362,-0.7216435438112935,-0.7217793452104472,-0.34085786746018915,-0.058693778312750994,-0.33779414820564424,1.8600877275475172,0.2206447152484982,-0.034065532456302026,0
B0018,111,-0.8446908339603639,-0.8446908339603642,-0.568806401371583,0.17982743833496345,-0.7053816355421221,0.4005487211397925,-1.2240277485298787,-1.4856628637522769,-1.1061538950834509,-0.7488944538668528,-0.7546450527778198,-0.39003404693062327,-0.007457865665833137,-0.31997124129993815,1.9062349001298975,0.2206447152484982,-0.034065532456302026,0
B0018,112,-0.9199948054388786,-0.9199948054388787,-0.7494745020344816,0.402876927287064,-0.7018734029415523,0.4831628314367693,-1.121648861600098,-1.312432553506875,-1.1705859841043071,-0.7963595723389836,-0.8205189924889918,-0.440568529582807,0.023544999030649758,-0.3257892584510507,1.8149416550216424,0.2206447152484982,-0.034065532456302026,0
B0018,113,-0.9381255028551374,-0.9381255028551376,-0.6485141112147382,-0.12259631319757512,-0.775323374473216,0.3944415072913544,-0.7307714092432748,-0.860190815357351,-1.200481845328312,-0.7608542372458487,-0.8073009874171312,-0.6446473146835981,0.5520662503752242,0.10033070827445877,-1.1242556700564037,0.2206447152484982,-0.034065532456302026,0
B0018,114,-0.9647413474873999,-0.9647413474873998,-0.546862584861291,-0.04881310162593789,-0.7445699545535114,0.4092157527741547,-0.48195827319231604,-0.40110735671248465,-1.2341214038942583,-0.7572184630986338,-0.8292129916510405,-0.5164757027223156,0.16035803622198946,-0.23392539558270556,1.6638873437897128,0.2206447152484982,-0.034065532456302026,0
B0018,115,-0.9849770737944017,-0.984977073794402,-0.7491566106651812,0.3141032402477721,-0.7534280815042973,0.5174566525348941,-0.6402292365477337,-0.5996883575883547,-1.2572323302005377,-0.8381492299712633,-0.8757978390912451,-0.556480017385689,0.02010939788963735,-0.42223847775751716,1.6671285242235636,0.2206447152484982,-0.034065532456302026,0
B0018,116,-0.9739598390016605,-0.973959839001661,0.1385650653274995,-0.2730860211017458,-0.8781629915383596,0.3417929692041325,-0.7911638536839143,-1.0484206960531286,-1.2953263101071053,-0.8334609948866971,-0.8677153163377521,-0.5506028858121023,-0.03571964920580383,-0.47977992832562283,2.0425746745698596,0.2206447152484982,-0.034065532456302026,0
B0018,117,-1.0345444228550016,-1.0345444228550011,-0.6562705846969121,0.3006098843602808,-0.866502791850305,0.455407572792472,-1.0209948645542604,-1.2368253268976823,-1.3790016646041456,-0.8845292699150091,-0.948892257746903,-0.5608808607020209,0.06516862823904407,-0.37552346501953326,2.2323222206708278,0.2206447152484982,-0.034065532456302026,0
B0018,118,-1.0922749595745234,-1.092274959574523,-0.6832241793330952,-0.18284251605643184,-1.0191490981267894,0.4666747242334815,-1.0046092591165352,-1.382963020511139,-1.4073438501100812,-0.9376328826238188,-0.997667845853814,-0.7568481718618518,0.9947471572725763,0.5041720413678313,-0.8397256615096351,0.2206447152484982,-0.034065532456302026,0
B0018,119,-1.121132840223281,-1.1211328402232807,-0.5962487785172875,-0.14518834279375803,-1.0517081801710932,0.4780448334286255,-1.065690984558483,-1.4714822279231874,-1.4481484982907367,-0.9636247536654804,-1.0215200233539234,-0.6199884339030786,0.5711269655055493,0.14128309110177653,2.020872009626585,0.2206447152484982,-0.034065532456302026,0
B0018,120,-1.1853526871408018,-1.1853526871408016,-1.016507677362135,-0.039262197824983205,-1.136772701439318,0.5430115358168226,-1.193039075019808,-1.670918572369725,-1.5101302423626184,-1.0245457156920155,-1.0877157927538015,-0.6795576237120484,0.5739346444687903,0.09681420773183678,1.766503160545095,0.2206447152484982,-0.034065532456302026,0
B0018,121,-0.7794689097362275,-0.7794689097362276,0.014572038265844672,0.2594201524764081,-0.6600862720802452,0.2366661277487475,-1.489690324283278,-1.9129897683456925,-1.1078976481500067,-0.688756314025124,-0.6852148950064445,-0.7039613617667891,0.46092345198236695,-0.048669217699974815,1.7502568867448416,0.2206447152484982,-0.034065532456302026,0
B0018,122,-0.8821566063638003,-0.8821566063637997,-0.7278450815492968,0.2008360662921102,-0.7186647586603676,0.4325495469690113,-1.2140242296570567,-1.430706057315271,-1.144437952338516,-0.7428123603921163,-0.7696239260036016,-0.7328116623546201,0.2023114831399226,-0.360019751501182,1.698718564064336,0.2206447152484982,-0.034065532456302026,0
B0018,123,-0.9473975663850561,-0.9473975663850563,-0.5871176648204923,-0.1988783150231316,-0.820223729542887,0.36103832134576347,-1.035468190173128,-1.2530248214357016,-1.2379931968406146,-0.7958159458217565,-0.8219557321707158,-0.9894292015777344,1.1677154037638682,0.5111508336645536,-1.7600820064091949,0.2206447152484982,-0.034065532456302026,0
B0018,124,-0.9737881894613734,-0.9737881894613729,-0.6129555643498574,0.31264940097809146,-0.7660079368147615,0.46682341386231957,-1.174799599566218,-1.3290055554173357,-1.271632755406561,-0.819802922267884,-0.8442608283815444,-0.4572059000424392,0.19482927240882397,-0.14813763083693557,1.6271325235779581,0.2206447152484982,-0.034065532456302026,0
B0018,125,-1.0647285643424085,-1.0647285643424078,-0.9287616264939436,0.03554415584078925,-0.9065675038545659,0.4862036596677108,-1.1209008439773798,-1.4011001616222825,-1.3462050577575777,-0.8713126220281845,-0.9210562884573099,-0.4988015384116846,0.13759744293980497,-0.24517607610563785,1.6650963353422037,0.2206447152484982,-0.034065532456302026,0
B0018,126,-1.016858809922711,-1.0168588099227103,-0.7616732201653705,0.30007985296253475,-0.8406643162390638,0.4826612090580816,-1.1763879771923116,-1.429943211333357,-1.33451530082562,-0.8690685317650708,-0.915198988122857,-0.5332295834440087,-0.0035095671237760527,-0.4299903345166917,1.841873835817328,0.2206447152484982,-0.034065532456302026,0
B0018,127,-1.07242814738683,-1.0724281473868302,-0.7685059364566709,-0.37074353412554545,-0.970531051237785,0.4091942416873084,-0.7912142893416618,-1.0640492663146675,-1.4142527485159604,-0.8920378393709495,-0.9305732521090494,-0.5879348385152899,0.07113177471179544,-0.39049333981609724,1.6736402401622676,0.2206447152484982,-0.034065532456302026,0
B0018,128,-1.1022428788512384,-1.102242878851238,-0.6516458608881768,-0.18489812528798175,-0.9136664819966359,0.4996695552799254,-0.503662890194013,-0.5246271588359835,-1.4013398851676515,-0.8875518333507915,-0.9564713469159335,-0.7794305153134857,0.8247018145212512,0.2965629873817197,-1.1822353233453513,0.2206447152484982,-0.034065532456302026,0
B0018,129,-1.0988798002157216,-1.0988798002157214,-0.7596537274948655,0.4582444311302455,-0.7716409204031597,0.5996115562302764,-0.534729719757487,-0.3368597550304841,-1.3877824116809956,-0.8872800200921779,-0.9531312145038616,-0.6429409555291089,0.16085381989433745,-0.33442495415358126,1.6398396361674195,0.2206447152484982,-0.034065532456302026,0
B0018,130,-1.1569866730187548,-1.156986673018755,-1.2206057680856104,0.05224694240377195,-0.9769814140553715,0.6254400263589113,-0.5874936624137047,-0.6055674065056467,-1.471329670573621,-0.9692328048171949,-1.0333725510322735,-0.6448759107673891,0.1465659475799078,-0.35189903928964766,1.9848066730684208,0.2206447152484982,-0.034065532456302026,0
B0018,131,-1.142222089842691,-1.1422220898426916,-0.7717596243944568,-0.4965276136554371,-1.073242434325604,0.44409072315680925,-0.6258069783693665,-0.8258781478533962,-1.502965152747909,-0.9630137174601168,-1.021303937705792,-0.6424336197044379,0.15305764807435407,-0.34271064963454095,2.131335441713653,0.2206447152484982,-0.034065532456302026,0
B0018,132,-1.2114313282504414,-1.2114313282504419,-0.7121263234496942,-0.10081669241661215,-1.0673794618659354,0.548765053417958,-0.834590562780667,-1.083396636421548,-1.5459680867849814,-0.9911822690767554,-1.0804976125928203,-0.68469734856373,0.013634611123886826,-0.531908749204631,2.020529653697517,0.2206447152484982,-0.034065532456302026,0
