Battery_ID,Cycle_Index,Discharge_Capacity_Ah,SOH_Pct,Max_Discharge_Voltage_V,Min_Discharge_Voltage_V,Mean_Discharge_Voltage_V,Mean_Discharge_Current_A,Max_Discharge_Temp_C,Mean_Discharge_Temp_C,Discharge_Duration_s,Time_to_3_5V_s,Time_to_3_2V_s,CC_Charge_Time_s,CV_Charge_Time_s,Total_Charge_Time_s,Max_Charge_Temp_C,Electrolyte_Resistance_Re,Charge_Transfer_Resistance_Rct,RUL
B0005,1,1.8564874208181574,92.82437104090788,4.191491807505295,2.612467347907089,3.5298286688693397,-1.8187019641679727,38.98218133148803,32.572328114029,3690.234,2058.641,3189.734,607.907,6989.968,7597.875,27.445134031590747,0.05003573195803179,0.07479234613687553,124
B0005,2,1.846327249719927,92.31636248599635,4.189773213846608,2.587208728940726,3.5373201277859714,-1.8175598506612867,39.033397966787035,32.72523522519307,3672.344,2115.688,3171.766,3184.766,7331.234,10516.0,29.34194895777482,0.05003573195803179,0.07479234613687553,123
B0005,3,1.8353491942234077,91.76745971117039,4.188186735991303,2.6519168938437794,3.5437367282719,-1.8164865418840956,38.818796689817404,32.64286193755933,3651.641,2116.094,3172.156,3181.781,7302.7660000000005,10484.547,29.553300732538816,0.05003573195803179,0.07479234613687553,122
B0005,4,1.8352625275821128,91.76312637910564,4.188461118855572,2.592947964776547,3.5436661072601456,-1.8255891938692528,38.7623045063458,32.51487646204882,3631.563,2135.578,3172.172,3161.234,7236.655999999999,10397.89,29.456340289732644,0.05003573195803179,0.07479234613687553,121
B0005,5,1.8346455082120419,91.7322754106021,4.188298524761055,2.547419651124539,3.5423432526672167,-1.8261139590277586,38.66539257343368,32.38234901543077,3629.172,2134.516,3170.438,3160.218,7334.985,10495.203,29.4813335075363,0.05003573195803179,0.07479234613687553,120
B0005,6,1.8356616600675495,91.78308300337747,4.188815807948604,2.5209480504077413,3.5413347346347575,-1.8168108743168803,38.75169504640032,32.43418218230641,3652.281,2134.797,3171.672,3161.094,7631.578,10792.672,29.39582042914756,0.05003573195803179,0.07479234613687553,119
B0005,7,1.8351461429226603,91.75730714613302,4.18839163793879,2.487927319492314,3.5410250495075215,-1.816791144707133,38.8207012322275,32.480416444757985,3650.828,2152.656,3170.641,3174.594,7615.3910000000005,10789.985,29.438424119486054,0.05003573195803179,0.07479234613687553,118
B0005,8,1.8257567905665537,91.28783952832768,4.188927891511958,2.6652049047458775,3.554133296801584,-1.8443412120754061,38.51713023385634,32.41046186109587,3572.453,2155.531,3153.969,3174.734,6952.8279999999995,10127.562,29.510810563981206,0.05003573195803179,0.07479234613687553,117
B0005,9,1.8247738529891333,91.23869264945667,4.189029250882121,2.6038584726333673,3.5529355991467955,-1.853972745505648,38.526267904657,32.3461408313,3550.594,2153.687,3152.328,3158.688,6989.264999999994,10147.952999999994,29.668813794471543,0.05003573195803179,0.07479234613687553,116
B0005,10,1.824613268496936,91.2306634248468,4.189223427076418,2.552853984885676,3.5512057319376997,-1.8535899338510957,38.52698128472781,32.27679750791685,3551.25,2154.079,3152.594,3153.61,7008.483999999999,10162.094,29.779288735822295,0.05003573195803179,0.07479234613687553,115
B0005,11,1.8246195526864504,91.23097763432251,4.188916055911241,2.4724483018527317,3.549292319740949,-1.863380178294828,38.54143406601644,32.15709350345252,3530.25,2154.453,3153.016,3151.531,6967.844,10119.375,29.71100043300344,0.05003573195803179,0.07479234613687553,114
B0005,12,1.8142019357673917,90.71009678836958,4.189876247266316,2.64956413267546,3.559759220648976,-1.872968810287894,38.52197451768004,32.36407129853099,3491.016,2154.657,3153.438,3154.485,6858.75,10013.235,29.79634895864274,0.05003573195803179,0.07479234613687553,113
B0005,13,1.8137521577549054,90.68760788774527,4.189286794768804,2.5724981777366227,3.558081969139198,-1.8826095043160833,38.582485834057856,32.3181954403762,3470.281,2154.719,3133.359,2871.032,6715.843,9586.875,30.37677905152779,0.05003573195803179,0.07479234613687553,112
B0005,14,1.8134404914735822,90.67202457367911,4.188837765892728,2.5249886697730286,3.555692244172496,-1.882536787636365,38.520294134873915,32.15709029211502,3470.0,2135.422,3133.141,3128.672,6823.687,9952.359,30.05302011094364,0.05003573195803179,0.07479234613687553,111
B0005,15,1.8025980036306504,90.12990018153252,4.189110301768517,2.694621861688723,3.562746818017503,-1.8817935155260215,38.21358592965045,32.04407000314609,3450.297,2135.359,3133.516,3136.8899999999994,7621.141000000003,10758.031000000003,30.168468843680714,0.05003573195803179,0.07479234613687553,110
B0005,16,1.80210690024615,90.10534501230751,4.18921207304098,2.64010141737067,3.5614521756489204,-1.8921861285036712,38.1983618706913,31.931593674911532,3429.407,2134.563,3132.141,3139.407,6782.343,9921.75,30.06078601207466,0.05003573195803179,0.07479234613687553,109
B0005,17,1.802579500826209,90.12897504131045,4.188899969428112,2.5739035098380962,3.5603420474985823,-1.9027629207037406,38.31926916027133,31.941655359029298,3409.484,2117.031,3113.188,3104.781,6895.469,10000.25,29.84105303532721,0.05003573195803179,0.07479234613687553,108
B0005,18,1.8030683142834096,90.15341571417048,4.188779799856791,2.4942396831720126,3.5591189041401865,-1.9133470605822436,38.4787542519308,31.965008645476725,3390.422,2116.844,3113.937,3106.937,6829.094000000001,9936.031,29.90236309006016,0.05003573195803179,0.07479234613687553,107
B0005,19,1.8027776247196041,90.13888123598021,4.189272591516219,2.4556793246645583,3.557886771846508,-1.9131602105481538,38.54659017774874,31.966241678512723,3390.281,2116.219,3113.453,3108.485,6881.046999999999,9989.532,30.108307461804788,0.05003573195803179,0.07479234613687553,106
B0005,20,1.8470259949329193,92.35129974664596,4.187614060563439,2.632142800798914,3.5520375235511907,-1.8553455745575975,38.44749852224995,32.37143341978575,3591.734,2192.437,3192.531,3105.563,7053.218999999999,10158.782,30.32132377942574,0.05003573195803179,0.07479234613687553,105
B0005,21,1.847417311283644,92.3708655641822,4.1876287811083985,2.5027764692056795,3.5525668436897124,-1.8746995273150975,38.992275791716615,32.70024990461686,3552.297,2211.641,3193.531,3077.312,7212.0,10289.312,29.01875034428269,0.05003573195803179,0.07479234613687553,104
B0005,22,1.8361774213478947,91.80887106739473,4.187447226312926,2.617507742871704,3.556794038327039,-1.873827212788385,38.51424197364312,32.32266411829938,3531.578,2193.657,3173.922,3242.047,7041.030999999994,10283.077999999994,29.356471957843606,0.05003573195803179,0.07479234613687553,103
B0005,23,1.8257807475776242,91.2890373788812,4.187344026387161,2.694074478000972,3.5614100044534203,-1.883193546754683,38.165816144899125,31.98795810666763,3492.907,2173.625,3174.547,3246.828,7034.562,10281.39,29.32754285404437,0.05003573195803179,0.07479234613687553,102
B0005,24,1.8251136435078368,91.25568217539184,4.187438187636325,2.6237674644021887,3.5566107947817986,-1.873239184822504,38.16526203587147,31.894456524691385,3511.594,2154.359,3173.219,3204.812,6876.985000000001,10081.797,28.938506516868497,0.05003573195803179,0.07479234613687553,101
B0005,25,1.8255815042203762,91.2790752110188,4.18774138117799,2.5010798299873738,3.5586742170266272,-1.9139593751505897,38.27549578575718,31.78039681801023,3431.9370000000054,2154.9689999999973,3154.7339999999967,3178.86,7618.467999999999,10797.328,28.754789972770777,0.05003573195803179,0.07479234613687553,100
B0005,26,1.8140311275083907,90.70155637541953,4.188261122540052,2.6849988185249796,3.564103182686905,-1.9030532722310995,37.982160799183106,31.688747146342205,3431.125,2134.938,3153.36,3170.328,6928.890000000001,10099.218,28.688602374299098,0.05003573195803179,0.07479234613687553,99
B0005,27,1.8147691941158939,90.7384597057947,4.187338767288234,2.547109116468133,3.559588063594272,-1.9134590742247914,38.11100191887773,31.596747992569153,3412.406,2136.39,3135.031,3172.203,6906.516,10078.719,28.633407089003214,0.05003573195803179,0.07479234613687553,98
B0005,28,1.813969388710352,90.69846943551761,4.187560306288175,2.471314764334132,3.556833231052199,-1.913620909902553,38.18831137948753,31.565586498787077,3410.688,2115.953,3133.5,3137.719,7479.656,10617.375,28.589954117359028,0.05003573195803179,0.07479234613687553,97
B0005,29,1.802765665167823,90.13828325839116,4.18805176248713,2.6613903306108773,3.5624410850948944,-1.9025819745719061,37.998541119085836,31.59124667045208,3410.718,2116.109,3132.968,3138.11,7426.046999999999,10564.157,28.50176643400805,0.05003573195803179,0.07479234613687553,96
B0005,30,1.804077040117352,90.2038520058676,4.187667484260542,2.541762355407921,3.5591407106855666,-1.9130621638638965,38.194201649765226,31.603485399391182,3392.719,2099.141,3115.953,3138.922,7005.062,10143.984,28.530897709955585,0.05003573195803179,0.07479234613687553,95
B0005,31,1.8518025516704486,92.59012758352243,4.2010701773378685,2.628919415830567,3.5573161327793144,-1.920618117118412,38.45796400011448,31.91556385491565,3470.672,2136.625,3195.437,3105.203,7685.2499999999945,10790.452999999994,28.577658552419905,0.05003573195803179,0.07479234613687553,94
B0005,32,1.8307038456739428,91.53519228369714,4.1996223345495824,2.6312552691827045,3.561870782772737,-1.9298830859597569,38.49126351534004,32.081128118597164,3414.109,2146.0,3158.031,3117.641,7325.25,10442.891,28.9596644463361,0.05003573195803179,0.07479234613687553,93
B0005,33,1.8199041089501267,90.99520544750634,4.199853323702163,2.654880745360911,3.5617586337260088,-1.9293005284805407,38.31473393357882,31.849792632896243,3395.219,2118.078,3139.078,0.0,1674.484,1674.484,24.01713143780734,0.05003573195803179,0.07479234613687553,92
B0005,34,1.8093079637028517,90.46539818514259,4.199103467081427,2.6749688422803803,3.5597307651083123,-1.923330987770314,37.861934640176806,31.465690433362017,3386.0,2089.485,3120.203,3159.312,6954.344000000001,10113.656,28.988708015070493,0.05003573195803179,0.07479234613687553,91
B0005,35,1.80460990458052,90.23049522902599,4.199998536865001,2.6159705726789904,3.5575937553540915,-1.9284469980320087,37.90665575786083,31.40934895665031,3368.187,2071.656,3111.719,3126.687,7011.2029999999995,10137.89,29.096040691287843,0.05003573195803179,0.07479234613687553,90
B0005,36,1.7993770651972192,89.96885325986096,4.19967522099872,2.658447162110498,3.5597237883937995,-1.9231439161693824,38.34003238560517,31.902247475518077,3368.266,2081.188,3101.969,3087.422,7564.234999999999,10651.657,28.801172039065204,0.05003573195803179,0.07479234613687553,89
B0005,37,1.7884432335370462,89.42216167685231,4.1991847248803165,2.6979426084271156,3.559061771422033,-1.9170149640438081,38.0745950590744,31.649024294808623,3358.719,2052.11,3082.797,3055.578,6976.907000000001,10032.485,28.45707570576707,0.05003573195803179,0.07479234613687553,88
B0005,38,1.7829230484252723,89.14615242126361,4.200012480335,2.6617272246516333,3.557015527748059,-1.922048805055383,38.07252758016199,31.48874626238971,3339.5,2033.61,3073.078,3040.64,7533.657000000001,10574.297,28.65264667440442,0.05003573195803179,0.07479234613687553,87
B0005,39,1.7730337158018288,88.65168579009143,4.1992373656547874,2.699288287625812,3.5562481933590964,-1.9162302821549877,37.80133585100446,31.329995610092634,3331.265,2015.046,3055.14,3028.875,7432.860000000001,10461.735,28.898824039759212,0.05003573195803179,0.07479234613687553,86
B0005,40,1.773037755078937,88.65188775394685,4.1993957811187075,2.6127932408838532,3.5532756526091784,-1.9220800182578983,38.39873985476869,31.569551201845574,3321.188,2005.734,3045.453,2992.468,7000.5940000000055,9993.062000000005,28.633513419804633,0.05003573195803179,0.07479234613687553,85
B0005,41,1.7678721106662054,88.39360553331026,4.1995786980260705,2.6637064901468075,3.556266431640255,-1.9162417890311958,38.74929237918251,32.111426258867944,3321.844,2014.891,3045.454,2972.672,7629.609,10602.281,28.473512860821305,0.05003573195803179,0.07479234613687553,84
B0005,42,1.7623150704093087,88.11575352046543,4.199546957512695,2.6668454289754746,3.5563095420140822,-1.9158809823517762,38.87275464755104,32.271676011112376,3311.828,2005.625,3035.625,2940.266,7727.7029999999995,10667.969,28.25409621799234,0.05003573195803179,0.07479234613687553,83
B0005,43,1.7676172924938447,88.38086462469224,4.194091469340824,2.684431051981017,3.558950851054106,-1.9114406265753041,38.503541429116005,31.842291659678658,3327.391,1982.437,3051.484,2944.781,7560.000000000001,10504.781,28.7817612001126,0.05003573195803179,0.07479234613687553,82
B0005,44,1.762668359743147,88.13341798715734,4.200715235801255,2.645224362345869,3.5534418211598053,-1.9158166997544155,38.27009094548294,31.759815453754253,3312.078,1987.156,3027.015,2935.953,7310.828000000001,10246.781,29.239711164174615,0.05003573195803179,0.07479234613687553,81
B0005,45,1.7517304870664143,87.58652435332071,4.1990980807180325,2.6603527244917,3.5510121537420285,-1.9151304155635374,38.11684755251712,31.41911167391793,3293.172,1949.015,3007.64,2917.359,7248.859999999997,10166.218999999997,29.20215112477588,0.05003573195803179,0.07479234613687553,80
B0005,46,1.7418496047960008,87.09248023980004,4.199398534411534,2.6926849789916263,3.551317608213948,-1.9148485784393638,38.04152715355532,31.331626572312267,3275.328,1930.312,2989.234,2939.75,7865.1720000000005,10804.922,28.994866075880225,0.05003573195803179,0.07479234613687553,79
B0005,47,1.7360913511847138,86.8045675592357,4.199122915612965,2.670544734728978,3.549003180550162,-1.9144128654409127,38.17980302242767,31.35934131425137,3265.016,1920.859,2978.969,2908.61,7850.375,10758.985,28.689379753778315,0.05003573195803179,0.07479234613687553,78
B0005,48,1.7936240148573608,89.68120074286804,4.190409478081396,2.605158060541757,3.5597648340955175,-1.9388813849818083,40.71218198711114,34.31088483888259,3328.937,2080.656,3082.844,2874.812,7442.7029999999995,10317.515,28.49879598287713,0.05003573195803179,0.07479234613687553,77
B0005,49,1.7831890223273275,89.15945111636637,4.199933846791869,2.672012007453096,3.5623454342368555,-1.927509725704535,39.885261233152924,33.43585640373788,3329.266,2070.985,3073.5,2846.594,7959.14,10805.734,28.4799079867521,0.05003573195803179,0.07479234613687553,76
B0005,50,1.7673642076278957,88.36821038139479,4.199365021329158,2.674271233724938,3.558336657621618,-1.9267185977839403,39.18287352945846,32.66698125020078,3301.579,2015.079,3045.375,2867.203,7079.188,9946.391,29.03785527005412,0.05003573195803179,0.07479234613687553,75
B0005,51,1.7570177850353066,87.85088925176532,4.19902365945384,2.6309416727017187,3.554013138622869,-1.9261308349663746,38.951564804030774,32.28423408691397,3283.563,1977.61,3017.469,3098.391,6965.156000000001,10063.547,31.187717740405038,0.05003573195803179,0.07479234613687553,74
B0005,52,1.7468706179837907,87.34353089918953,4.199432142144215,2.6629725743154204,3.552376095886298,-1.9202346781375206,38.607510759873634,32.00739178780946,3275.125,1950.063,2999.266,3021.36,7354.812,10376.172,30.582056460987562,0.05003573195803179,0.07479234613687553,73
B0005,53,1.7417172507457144,87.08586253728572,4.199640922827531,2.612942119873717,3.549618661283733,-1.9201011498853633,38.920359903369054,32.06387071886056,3265.656,1939.75,2979.891,2962.327999999994,6794.531000000003,9756.858999999997,29.82743733628493,0.05003573195803179,0.07479234613687553,72
B0005,54,1.7364225056478186,86.82112528239094,4.199305653118061,2.6157198442661476,3.54938103086703,-1.9144278105456467,39.23273115358871,32.43754560319043,3266.093,1930.234,2970.125,2924.437,7686.469000000001,10610.906,29.510756491862573,0.05003573195803179,0.07479234613687553,71
B0005,55,1.7263217239235826,86.31608619617913,4.198949734540481,2.6287695472774453,3.5472118680418956,-1.908340706503589,38.964927068400804,32.16809876635083,3257.594,1902.704,2951.875,2886.281,7091.797,9978.078,29.242612704276365,0.05003573195803179,0.07479234613687553,70
B0005,56,1.7158065389330133,85.79032694665067,4.19834220599025,2.6655106679421823,3.5467052098640246,-1.902207182631691,38.83927283461771,32.05752645824972,3248.593,1883.609,2933.015,2870.5,7376.484,10246.984,29.462118812271356,0.05003573195803179,0.07479234613687553,69
B0005,57,1.710533351135192,85.52666755675959,4.198995776266302,2.650495153350403,3.544629653883431,-1.9020484449938713,38.82796377704433,31.975920928072714,3238.766,1864.485,2923.125,2849.297,7587.75,10437.047,29.50834432489215,0.05003573195803179,0.07479234613687553,68
B0005,58,1.706014499648521,85.30072498242605,4.19916986492694,2.643236235233877,3.5436291614253204,-1.8964907679062355,39.14007944734004,32.21689335291319,3240.14,1865.343,2914.625,2814.547000000006,7991.280999999988,10805.827999999994,29.374561267657022,0.05003573195803179,0.07479234613687553,67
B0005,59,1.7003110272642588,85.01555136321294,4.199246833083063,2.656450207001938,3.5444946147995258,-1.895971437908019,39.349611598028886,32.55632993697177,3230.109,1855.296,2904.781,2785.828,8019.5470000000005,10805.375,29.242377848768914,0.05003573195803179,0.07479234613687553,66
B0005,60,1.6945798601797895,84.72899300898948,4.1992551886401595,2.626177688152069,3.5409201846556857,-1.8899648799839277,39.29444535878087,32.40048085325998,3229.7810000000027,1836.703,2885.234,2761.39,7924.578000000001,10685.968,29.194410076554547,0.05003573195803179,0.07479234613687553,65
B0005,61,1.6849029086609286,84.24514543304643,4.199610827671791,2.6582230344240045,3.541195668799061,-1.8893703824420507,39.10487658009542,32.29371860868794,3212.469,1818.5,2867.531,2753.453,7835.187,10588.64,29.65122582795794,0.05003573195803179,0.07479234613687553,64
B0005,62,1.6744741591159717,83.72370795579859,4.1994453812630566,2.695100237338448,3.540671044783382,-1.8776883243431417,39.0462609369598,32.136071448067796,3213.219,1789.797,2848.516,2732.781,8003.312999999999,10736.094,29.592983253559662,0.05003573195803179,0.07479234613687553,63
B0005,63,1.6745692479879102,83.72846239939551,4.198991968341307,2.639091813583503,3.5376048790268775,-1.8831065986697755,39.398032192832,32.38268549723498,3203.578,1789.985,2848.828,2710.578,7080.281000000001,9790.859,29.51162108922301,0.05003573195803179,0.07479234613687553,62
B0005,64,1.663716375981405,83.18581879907026,4.197785116892181,2.6857210282450983,3.538422485261741,-1.876359921441716,39.10678394120843,32.30899951427637,3195.125,1771.281,2830.094,2682.39,7591.969000000001,10274.359,29.367459158203413,0.05003573195803179,0.07479234613687553,61
B0005,65,1.659013868748246,82.9506934374123,4.201331130571617,2.69017866510873,3.53928626988912,-1.8709550260104437,39.44448954135193,32.56636929496716,3195.3129999999946,1771.844,2821.077999999994,2644.235,8066.8279999999995,10711.063,29.23737726861414,0.05003573195803179,0.07479234613687553,60
B0005,66,1.6538540573335014,82.69270286667508,4.199339974904826,2.639895313359579,3.533690170241391,-1.8705599868289542,39.509602016775695,32.46542951751835,3186.297,1743.922,2802.344,2649.531,8156.4839999999995,10806.015,29.660660346177963,0.05003573195803179,0.07479234613687553,59
B0005,67,1.642653782130131,82.13268910650655,4.198916244859707,2.68991452927918,3.534367734544495,-1.8640049795794804,39.334865362245324,32.347056454418095,3176.438,1724.219,2782.75,2632.781,7848.2660000000005,10481.047,29.685994740308107,0.05003573195803179,0.07479234613687553,58
B0005,68,1.6378578430223698,81.89289215111849,4.198537488587242,2.65935818848874,3.5312941932103548,-1.8636932149873204,39.43723270017243,32.371538940646154,3167.593,1705.937,2773.578,2591.766,7561.594000000001,10153.36,29.59730563243775,0.05003573195803179,0.07479234613687553,57
B0005,69,1.6327350407099108,81.63675203549555,4.198943932259475,2.6657030585650423,3.5309134771684274,-1.857820396301907,39.51375235624076,32.45549347979197,3167.719,1696.375,2754.594,2574.234,8088.234,10662.468,29.46753663391266,0.05003573195803179,0.07479234613687553,56
B0005,70,1.6277528915533617,81.38764457766808,4.199579806494986,2.642986759012803,3.5287226893409893,-1.8572160981955346,39.60170302810528,32.50017194695606,3159.077999999994,1687.047000000006,2745.8129999999946,2541.594,7953.031,10494.625,29.380338854228082,0.05003573195803179,0.07479234613687553,55
B0005,71,1.622125485521159,81.10627427605796,4.198782234828033,2.6311169118893036,3.52625493581969,-1.8568340008006827,39.687463597582074,32.50100298369444,3148.829,1667.829,2726.469,2526.031,7941.719,10467.75,29.43349608540407,0.05003573195803179,0.07479234613687553,54
B0005,72,1.6113256603765849,80.56628301882924,4.19910517813207,2.696157404617167,3.528684324337005,-1.8448886500218815,39.53535075538898,32.4728927422438,3149.094,1658.61,2716.594,2507.0,7397.406000000001,9904.406,29.478594943854127,0.05003573195803179,0.07479234613687553,53
B0005,73,1.6065631397488385,80.32815698744193,4.198510853141954,2.6667596238241567,3.525556939424901,-1.8444180038305806,39.6502371632164,32.50480154634882,3140.547,1640.063,2698.406,2487.25,8318.406,10805.656,29.485508821517058,0.05003573195803179,0.07479234613687553,52
B0005,74,1.6015142233917594,80.07571116958798,4.198732430468704,2.6403185448373043,3.5226805646793737,-1.8438790389835118,39.69929058154853,32.51218336210202,3131.625,1621.64,2689.469,2469.125,8308.203,10777.328,29.46840138001844,0.05003573195803179,0.07479234613687553,51
B0005,75,1.590369231400328,79.5184615700164,4.198799630396931,2.69892986372897,3.524673458789008,-1.83711254029409,39.56076309770468,32.45692821941515,3121.907,1602.485,2670.266,2436.016,8309.844000000001,10745.86,29.445806473811558,0.05003573195803179,0.07479234613687553,50
B0005,76,1.5857889968242211,79.28944984121105,4.198753541225669,2.6682466504352993,3.5213155754526824,-1.8315957075983758,39.63708096307912,32.447059186431154,3122.125,1593.109,2660.953,2420.594,8386.187000000002,10806.781,29.461354450795127,0.05003573195803179,0.07479234613687553,49
B0005,77,1.5849430707374117,79.24715353687058,4.200309982421394,2.6479207279724903,3.51803386486462,-1.8311195242792309,39.43977047692484,32.32889654966259,3121.672,1574.141,2650.782,2399.594,8406.999999999996,10806.593999999997,29.419371934150707,0.05003573195803179,0.07479234613687553,48
B0005,78,1.5955263892495937,79.77631946247968,4.201124089732316,2.6741633856529066,3.5236841955396794,-1.8432799764914718,39.839022256254516,32.84488475360107,3120.86,1612.063,2680.078,2367.532,8062.015,10429.547,29.36719581714494,0.05003573195803179,0.07479234613687553,47
B0005,79,1.5747301747801037,78.73650873900519,4.198150316653697,2.6892528956736257,3.519146638240668,-1.829798505957538,39.41794949618613,32.31731555011648,3103.828,1555.891,2642.625,2347.047,8460.046999999999,10807.094,29.297103402943527,0.05003573195803179,0.07479234613687553,46
B0005,80,1.5649019950937946,78.24509975468973,4.198524048997099,2.688809122993162,3.516233648608237,-1.8236746835609148,39.262781682151214,32.06376130177751,3095.094,1528.063,2615.188,2329.312,8389.704,10719.016,29.548289844330217,0.05003573195803179,0.07479234613687553,45
B0005,81,1.5597659473370362,77.98829736685181,4.198840869468569,2.6743555987897745,3.514773138461639,-1.8176720770210877,39.47237839941986,32.21997626855924,3095.781,1527.891,2605.297,2365.359,8441.078000000005,10806.437000000005,29.561095605794584,0.05003573195803179,0.07479234613687553,44
B0005,82,1.5594815668184234,77.97407834092117,4.198119631667182,2.6430294964336345,3.5132992979150073,-1.8179238657973993,40.037541469513684,32.7120225448885,3094.328,1527.734,2595.516,2304.312,8500.953,10805.265,29.019647107560132,0.05003573195803179,0.07479234613687553,43
B0005,83,1.55468935359061,77.7344676795305,4.198320288264955,2.6584858447131823,3.514484830704665,-1.817160673909645,40.142730162011574,32.945022147355694,3086.531,1518.906,2596.313,2270.75,7937.312,10208.062,28.88550118608269,0.05003573195803179,0.07479234613687553,42
B0005,84,1.5488741079890418,77.44370539945209,4.1980467610750285,2.629782173759164,3.5109677353595243,-1.8110297241968543,40.1165626728546,32.857549597381336,3085.625,1499.641,2576.609,2259.844,8547.375,10807.219,29.195907400785313,0.05003573195803179,0.07479234613687553,41
B0005,85,1.538236598942558,76.9118299471279,4.199047008209673,2.6622967647315545,3.5109358749578012,-1.8094435644526072,39.87503330866132,32.629663328789654,3067.203,1480.718,2557.671,2268.281,8537.625,10805.906,29.781642735382384,0.05003573195803179,0.07479234613687553,40
B0005,86,1.527914258251028,76.39571291255139,4.197669918520713,2.682380966742509,3.509393098217416,-1.8026537331443495,39.61961987024145,32.379859014262976,3058.157,1462.297,2539.735,2250.625,8405.312000000005,10655.937000000005,29.71020972616952,0.05003573195803179,0.07479234613687553,39
B0005,87,1.5285252629756445,76.42626314878223,4.197600624105256,2.6401894768922713,3.5066782411556563,-1.8031542757366414,40.067324667444815,32.68215852457039,3058.812,1453.203,2530.515,2228.984,7888.188,10117.172,29.58766933151088,0.05003573195803179,0.07479234613687553,38
B0005,88,1.522647325284378,76.1323662642189,4.197985718630326,2.693769409137257,3.5109885623008092,-1.7965666438696486,40.24716716520102,32.99387423636739,3058.578,1462.187,2530.203,2189.235,8616.625,10805.86,29.26425769721006,0.05003573195803179,0.07479234613687553,37
B0005,89,1.5174859938489869,75.87429969244934,4.198164128530042,2.695787450704935,3.510305462695178,-1.7959771394311956,40.30253125568348,33.04539707211165,3049.328,1443.078,2521.0,2162.875,8643.453,10806.328,29.166832065867634,0.05003573195803179,0.07479234613687553,36
B0005,90,1.605818899130659,80.29094495653295,4.222920057935785,2.6920548172137724,3.5222215314850214,-1.822916991757235,40.09418103142496,32.856295641052824,3177.219,1574.672,2680.563,2172.828,8572.0,10744.828,29.64168246762455,0.05003573195803179,0.07479234613687553,35
B0005,91,1.5638491446744425,78.19245723372212,4.200423045909808,2.629071246219689,3.5163492154331264,-1.8294275689587538,40.52238496316615,33.33950238056361,3082.937,1555.859,2614.5,2157.781,8647.016000000007,10804.797000000006,29.84083319742673,0.05003573195803179,0.07479234613687553,34
B0005,92,1.5480915247767786,77.40457623883893,4.198372063670128,2.631343871050918,3.5134397623234963,-1.816317296828028,40.56886357314186,33.35156485472646,3074.266,1518.375,2586.391,2236.016,8566.562,10802.578,29.683647277202674,0.05003573195803179,0.07479234613687553,33
B0005,93,1.5323755631868592,76.61877815934297,4.198353213898968,2.6983970036642315,3.515137522009075,-1.8033689952639713,40.27804845768325,33.147486361012966,3066.0,1490.187,2558.375,2297.531,8246.921999999995,10544.452999999994,30.299187661483778,0.05003573195803179,0.07479234613687553,32
B0005,94,1.5269528268489705,76.34764134244853,4.197873789078739,2.6338485871981514,3.50830390643132,-1.802670753119494,40.2921849196155,33.007275861749356,3056.437,1462.156,2539.156,2246.781,8454.344000000001,10701.125,30.159651359558897,0.05003573195803179,0.07479234613687553,31
B0005,95,1.5169573017136326,75.84786508568163,4.197955644238241,2.671566207861818,3.509190808443004,-1.7958941337499832,40.184384347174266,32.91990812745461,3048.219,1443.375,2520.734,2200.703,8605.11,10805.813,29.922619314028488,0.05003573195803179,0.07479234613687553,30
B0005,96,1.5118975960142693,75.59487980071347,4.197918434710392,2.6540810507928123,3.5068097579555353,-1.795344963527795,40.320066232195046,32.99903328622305,3039.218,1434.39,2502.578,2180.0,8513.438,10693.438,29.789042272226812,0.05003573195803179,0.07479234613687553,29
B0005,97,1.5065638960681105,75.32819480340552,4.197739340034368,2.656849703962618,3.50609090727422,-1.7893518988259454,40.336505612651585,33.03772281691292,3039.047,1424.594,2492.172,2150.219,8558.187000000002,10708.406,29.7396171935254,0.05003573195803179,0.07479234613687553,28
B0005,98,1.5015453526671363,75.07726763335681,4.19785490446139,2.6363048614501152,3.5037157727265953,-1.7883879159763685,40.43267631588412,33.07740307192613,3030.375,1415.656,2483.797,2132.562,8672.735000000006,10805.297000000006,29.817451931587808,0.05003573195803179,0.07479234613687553,27
B0005,99,1.4908444050400238,74.54222025200119,4.197306756122815,2.69951692300468,3.5067479961367156,-1.7815447770741009,40.314538591575015,33.05467981523988,3021.0,1396.219,2473.453,2115.406,8248.204000000002,10363.61,29.804974649979396,0.05003573195803179,0.07479234613687553,26
B0005,100,1.485868384561201,74.29341922806006,4.197528212001444,2.698216006032282,3.5058813026542324,-1.7753115642966961,40.386661855917744,33.11570360624461,3021.75,1387.187,2455.593,2099.829,8705.265,10805.094,29.81518660623584,0.05003573195803179,0.07479234613687553,25
B0005,101,1.480413677976106,74.02068389880529,4.19743662221161,2.6911707598773864,3.504168333530808,-1.7742377662318358,40.43384612547835,33.12942148982364,3012.265,1377.906,2446.25,2077.64,8727.86,10805.5,29.836684573126362,0.05003573195803179,0.07479234613687553,24
B0005,102,1.4752095869031632,73.76047934515816,4.197717228550219,2.690162319231471,3.5030568931470634,-1.773860289771637,40.44479269068758,33.130681310493344,3002.641,1359.422,2436.5,2056.828,8750.016,10806.844,29.863474041359538,0.05003573195803179,0.07479234613687553,23
B0005,103,1.4859035988304024,74.29517994152012,4.192454851360723,2.6355034454892072,3.4982324882487936,-1.7809702419814517,40.58499656066617,33.20069210329718,3012.0,1368.641,2445.797,2042.281,8325.625000000004,10367.906000000003,29.847879865816882,0.05003573195803179,0.07479234613687553,22
B0005,104,1.4960918298136696,74.80459149068348,4.202845001527377,2.6594753656507684,3.5065859365661325,-1.7879098523188452,40.99869158762305,33.78697527817091,3020.11,1415.766,2483.579,2022.89,8783.829,10806.719,29.817445053015998,0.05003573195803179,0.07479234613687553,21
B0005,105,1.4808005946928984,74.04002973464492,4.197952808231904,2.644554999824577,3.501457140697961,-1.780229415660985,40.997807625227495,33.673365085761986,3002.172000000006,1377.9850000000006,2446.5160000000033,2021.828,8021.344000000001,10043.172,30.0408863638767,0.05003573195803179,0.07479234613687553,20
B0005,106,1.4697543268466824,73.48771634233412,4.198017952345714,2.6719601666204564,3.501658387162809,-1.7731015168894209,40.84213757482493,33.535818118317145,2992.703,1358.797,2426.563,2084.906,8484.905999999999,10569.812,30.484119019984476,0.05003573195803179,0.07479234613687553,19
B0005,107,1.4539012274845928,72.69506137422964,4.192162800008929,2.6598211033173382,3.4966186408455298,-1.7705879947441516,40.69012464267011,33.32269982188509,2964.468,1321.5,2389.328,2045.406,7871.797,9917.203,30.320993292587357,0.05003573195803179,0.07479234613687553,18
B0005,108,1.4541462067235693,72.70731033617847,4.196993378341778,2.688360455508818,3.4991645719433246,-1.7600629827474803,40.69938049882204,33.346230327490304,2983.375,1320.954,2388.829,2011.11,8306.296,10317.406,30.154996545118347,0.05003573195803179,0.07479234613687553,17
B0005,109,1.455023751906683,72.75118759533416,4.197603515102162,2.6376728619288525,3.496080777360074,-1.765575132998529,41.06026204078849,33.64948900485925,2975.297,1322.047,2390.422,1987.047,8819.062,10806.109,29.97682928823835,0.05003573195803179,0.07479234613687553,16
B0005,110,1.449042163761236,72.4521081880618,4.196406678544622,2.645120521151077,3.4959014526387993,-1.7588271887545277,41.19696040482682,33.79269513542102,2974.9850000000006,1312.6560000000027,2380.6879999999946,1967.562,8074.359,10041.921,30.08507492258316,0.05003573195803179,0.07479234613687553,15
B0005,111,1.4386709371480566,71.93354685740283,4.197098662004674,2.698012437629632,3.49758697990267,-1.7516428147438297,40.84446688602949,33.52446663707275,2966.25,1293.86,2361.969,1970.109,8749.172,10719.281,30.388201652887467,0.05003573195803179,0.07479234613687553,14
B0005,112,1.433445432156979,71.67227160784894,4.196909312093871,2.6928942772989077,3.4956989619989507,-1.7513097768253418,40.764203830749366,33.39042251934235,2956.359,1274.406,2342.406,1956.985,8847.733999999999,10804.719,30.35093185395905,0.05003573195803179,0.07479234613687553,13
B0005,113,1.4333958900838095,71.66979450419048,4.197105220217278,2.6483923655058113,3.492875380810072,-1.7511840784846122,41.11212504270441,33.67370212742761,2956.344,1274.172,2342.422,1918.672,8887.015,10805.687,29.97632430805407,0.05003573195803179,0.07479234613687553,12
B0005,114,1.42806487344776,71.403243672388,4.196244829545076,2.6832134764261997,3.49551076423368,-1.7446206812145286,41.27256611507568,33.91080564765892,2956.406,1274.625,2342.422,1903.453,8107.953000000001,10011.406,30.072488379955132,0.05003573195803179,0.07479234613687553,11
B0005,115,1.4229203181741186,71.14601590870593,4.1968026018066595,2.684960445221862,3.4942333590450834,-1.7436362428649814,41.15574924454392,33.7850680599871,2947.266,1265.844,2324.594,1906.531,8900.094000000001,10806.625,30.336671946542243,0.05003573195803179,0.07479234613687553,10
B0005,116,1.417429032731308,70.8714516365654,4.196227405416926,2.669922120529456,3.491197414255986,-1.7425325036061032,41.03237216951879,33.61126807392732,2937.984,1246.719,2314.734,1896.219,8909.344000000001,10805.563,30.483128850170555,0.05003573195803179,0.07479234613687553,9
B0005,117,1.412409228794446,70.6204614397223,4.196558172556389,2.664105530655056,3.4889094081576237,-1.7419837011363046,40.937269906716935,33.45598581472246,2929.125,1228.5,2296.063,1876.484,8930.734999999999,10807.219,30.274856346189882,0.05003573195803179,0.07479234613687553,8
B0005,118,1.412578792940193,70.62893964700964,4.196870541112335,2.634098605983684,3.487376295811431,-1.7421680980861822,41.240704611971786,33.723267448788484,2928.454,1237.391,2295.985,1856.625,8948.922,10805.547,30.035870598156723,0.05003573195803179,0.07479234613687553,7
B0005,119,1.4075983731469897,70.37991865734948,4.196795527524874,2.68378702970616,3.491994243745711,-1.735841378420618,41.43649987692296,34.050076369857344,2929.375,1237.734,2296.39,1842.812,8667.641,10510.453,30.03736523711485,0.05003573195803179,0.07479234613687553,6
B0005,120,1.4333920485221476,71.66960242610739,4.189287343772767,2.660031949282934,3.491585878898649,-1.7567879869499758,41.16703904201915,33.889346908026745,2946.031,1275.031,2342.86,1846.719,8356.062000000002,10202.781,30.351591057822837,0.05003573195803179,0.07479234613687553,5
B0005,121,1.4382550176792908,71.91275088396453,4.201144545237731,2.650011641082063,3.495576227046425,-1.7573176114092575,41.36216559728765,34.067648550088656,2955.438,1302.906,2361.281,1840.109,8300.749999999996,10140.858999999997,30.67648939138071,0.05003573195803179,0.07479234613687553,4
B0005,122,1.4173547174485526,70.86773587242763,4.196925753814179,2.6936969083341418,3.4938988589692483,-1.7427628393326555,41.02198772703674,33.75168100943646,2937.625,1256.25,2324.094,1919.047,8421.625,10340.672,30.448107672298725,0.05003573195803179,0.07479234613687553,3
B0005,123,1.406981663677643,70.34908318388216,4.196901090271507,2.697073130067154,3.49159162968384,-1.7352637407600366,40.78818812957494,33.46482299584788,2929.078,1228.297,2296.141,1922.578,8777.484999999995,10700.062999999995,30.60906521554531,0.05003573195803179,0.07479234613687553,2
B0005,124,1.4012037783587625,70.06018891793812,4.196688955833435,2.6806995515145213,3.4885729299834787,-1.7344350518111926,40.81506138506309,33.40210697922146,2918.375,1208.875,2276.735,1864.578,8764.36,10628.938,30.19378282488405,0.05003573195803179,0.07479234613687553,1
B0005,125,1.3967008232726328,69.83504116363164,4.196339302740304,2.6695398084864568,3.4869021151089825,-1.7280392046289716,40.858374219876424,33.410688917712235,2919.812,1200.312,2268.281,1829.547,8977.562,10807.109,29.935657831042917,0.05003573195803179,0.07479234613687553,0
B0005,126,1.391284788852726,69.5642394426363,4.196181412764837,2.671695307817951,3.4855485210036417,-1.7326888725308258,40.839876773287166,33.38984948261314,2900.422,1190.922,2258.672,1812.422,8910.092999999999,10722.515,29.8881671331284,0.05003573195803179,0.07479234613687553,0
B0005,127,1.3862287677978349,69.31143838989175,4.195770804194879,2.661289185949965,3.4838912547260388,-1.7260735249920125,40.85376069244676,33.3700433438796,2901.375,1181.172,2249.391,1798.547,8974.421999999999,10772.969,29.861095412731405,0.05003573195803179,0.07479234613687553,0
B0005,128,1.3804366761974138,69.02183380987069,4.195456241846729,2.667817533540102,3.483198941484065,-1.7195393742714093,40.74795214258888,33.27215987470977,2901.187,1162.093,2229.922,1782.702999999994,8963.016000000003,10745.718999999997,29.859618167527618,0.05003573195803179,0.07479234613687553,0
B0005,129,1.3752364150256224,68.76182075128112,4.19654355365607,2.684008069130594,3.4836274447098883,-1.7185829844462923,40.68794001196382,33.222444215660225,2891.64,1162.109,2220.39,1767.922,9039.171999999999,10807.094,29.76623045605718,0.05003573195803179,0.07479234613687553,0
B0005,130,1.3705128024895008,68.52564012447505,4.194357133255019,2.6585256208771644,3.480172442538601,-1.717672415155695,40.7810749453613,33.26207748383125,2882.906,1143.875,2212.172,1748.672,8364.969,10113.641,29.659062062043006,0.05003573195803179,0.07479234613687553,0
B0005,131,1.3705085566270399,68.52542783135199,4.195863681881766,2.6372250579822927,3.478452148610975,-1.7177080769362936,40.88159339768709,33.312029905516525,2883.265,1143.859,2202.312,1732.828,8852.984,10585.812,29.636312800311195,0.05003573195803179,0.07479234613687553,0
B0005,132,1.3647355108681518,68.23677554340759,4.1955845546644195,2.6514257735606432,3.4785782556105507,-1.7109669363015376,40.81191473576834,33.25287943255863,2882.969,1134.14,2192.594,1725.906,9080.655999999999,10806.562,29.674942267630755,0.05003573195803179,0.07479234613687553,0
B0005,133,1.375392016895762,68.7696008447881,4.188483624251573,2.676384659108382,3.4825195584604582,-1.7184206130755166,41.11793533148924,33.745054045019884,2891.656,1162.625,2230.219,1714.327999999994,9090.953000000009,10805.281000000003,29.66255999018432,0.05003573195803179,0.07479234613687553,0
B0005,134,1.3861115151535393,69.30557575767696,4.200346502821317,2.6949138502817815,3.4886823636752826,-1.7260471943596487,41.248795355864885,33.88841975386692,2901.25,1190.703,2259.031,1700.235,9033.155999999999,10733.391,29.574918567388586,0.05003573195803179,0.07479234613687553,0
B0005,135,1.3698500035838939,68.49250017919469,4.1981749992980655,2.6973343716306273,3.4858502383832755,-1.712021613408506,41.16242984455477,33.7353756996425,2891.703,1161.953,2220.391,1712.844,9092.703000000001,10805.547,30.038979775800122,0.05003573195803179,0.07479234613687553,0
B0005,136,1.3647827949260758,68.23913974630379,4.195715092938243,2.642540259937964,3.478794177297151,-1.711022510206629,41.16437554618679,33.59131052719714,2883.016,1134.109,2201.688,1795.219,8956.047000000002,10751.266000000003,30.44925709999368,0.05003573195803179,0.07479234613687553,0
B0005,137,1.3543220466259964,67.71610233129982,4.195755769877104,2.699226257883075,3.4812826020756744,-1.703421414006958,40.864216180205034,33.32366688599416,2873.453,1124.531,2183.109,1723.781,9081.844000000001,10805.625,30.051459766235475,0.05003573195803179,0.07479234613687553,0
B0005,138,1.3546417018378962,67.73208509189482,4.195911764444989,2.676480329780849,3.480352041587074,-1.703574708739156,41.25434553511566,33.691961507697364,2874.031,1125.047,2183.64,1703.234,9103.438,10806.672,29.83228995796081,0.05003573195803179,0.07479234613687553,0
B0005,139,1.3547039213192407,67.73519606596203,4.195824004004723,2.642142168479886,3.4781127815565127,-1.7034912994217157,41.45023191903855,33.887639684793655,2874.234,1125.125,2183.766,1677.265,8825.188,10502.453,29.749204122508385,0.05003573195803179,0.07479234613687553,0
B0005,140,1.349314997503458,67.4657498751729,4.196258226051591,2.644725254926797,3.4765867130506125,-1.7023383270190764,41.27708509224051,33.67308060941856,2864.984,1106.5,2164.516,1685.547,9003.671999999999,10689.219,30.125015931862148,0.05003573195803179,0.07479234613687553,0
B0005,141,1.3441891937970554,67.20945968985276,4.196612664794988,2.632270655366611,3.4733769291841643,-1.7014238498912502,41.064605154983276,33.411988203265814,2855.093,1087.75,2146.593,1681.86,8754.593999999997,10436.453999999998,30.142009338201902,0.05003573195803179,0.07479234613687553,0
B0005,142,1.3389913790695755,66.94956895347877,4.195850781215982,2.6391006118876117,3.4726366397371127,-1.6950436046971957,40.99284868101728,33.29926524979532,2855.625,1077.75,2136.422,1657.61,8535.64,10193.25,29.843375053160454,0.05003573195803179,0.07479234613687553,0
B0005,143,1.3389145230206971,66.94572615103486,4.1960023929619235,2.637841830893275,3.473439372740961,-1.695057731610264,41.29040553417739,33.59980731390034,2855.594,1087.156,2136.375,1637.609,9096.094,10733.703,29.564480083595075,0.05003573195803179,0.07479234613687553,0
B0005,144,1.3340066759761655,66.70033379880827,4.196207586734141,2.668286095904868,3.4754777099091454,-1.6937809113323188,41.22740227746052,33.61961195858585,2847.437,1078.297,2136.906,1625.656,9022.155999999999,10647.812,29.574314879183014,0.05003573195803179,0.07479234613687553,0
B0005,145,1.3286444309174914,66.43222154587457,4.195534582569042,2.6490198126838553,3.4722884821666766,-1.6869434054016965,41.04619550953222,33.3945201718652,2847.36,1059.438,2118.266,1631.844,8989.391,10621.235,29.926917344820954,0.05003573195803179,0.07479234613687553,0
B0005,146,1.3231708992276219,66.1585449613811,4.1957439573980455,2.664058512378051,3.471373665098864,-1.6860649112944592,40.85874389007758,33.16734508187535,2837.328,1049.953,2108.438,1614.969,8354.608999999993,9969.577999999994,29.766294155994522,0.05003573195803179,0.07479234613687553,0
B0005,147,1.3181691588445197,65.90845794222598,4.19586805747139,2.6883611693898826,3.4726160162875095,-1.6795829780331424,40.79196924883506,33.10962161613893,2837.281,1040.734,2099.328,1597.141,8903.953,10501.094,29.462747298392184,0.05003573195803179,0.07479234613687553,0
B0005,148,1.3184664436640334,65.92332218320168,4.195347750909715,2.6869753836302124,3.4738146874457896,-1.679793840292355,41.14127834456325,33.46501751186519,2838.515,1049.828,2099.453,1574.016,8996.719000000001,10570.735,29.271930927566483,0.05003573195803179,0.07479234613687553,0
B0005,149,1.318293040102702,65.9146520051351,4.196065828878837,2.6507536817766586,3.4701426486639693,-1.6851739865098712,41.14429319149828,33.4426191014044,2828.328,1040.766,2099.219,1566.515,9238.25,10804.765,29.36355715804258,0.05003573195803179,0.07479234613687553,0
B0005,150,1.323872422244268,66.19362111221339,4.184534803011309,2.6646322789106516,3.467523652225441,-1.6863812036302581,40.66184230912503,33.037928170775885,2838.265,1031.312,2108.875,1572.343,8465.157,10037.5,29.66310389082133,0.05003573195803179,0.07479234613687553,0
B0005,151,1.3601216766554785,68.00608383277392,4.201240476440081,2.6400211837268666,3.4767525840839255,-1.715777469309528,41.046694544970684,33.4949493613756,2864.547,1124.891,2192.656,1567.406,8987.719000000001,10555.125,29.609551859753193,0.05003573195803179,0.07479234613687553,0
B0005,152,1.3395306867947354,66.97653433973677,4.195703567262997,2.674198661305034,3.4758956827369127,-1.7007216920098716,41.0462053156659,33.491363029025784,2846.39,1087.078,2155.265,1508.687,9298.641,10807.328,29.24035466838343,0.05003573195803179,0.07479234613687553,0
B0005,153,1.3290286565120697,66.45143282560349,4.195744519551191,2.696427051131168,3.475812179626641,-1.6928138295817332,40.868302643225604,33.329808599922345,2837.969,1068.766,2136.531,1682.922,9107.140999999994,10790.062999999995,29.82861578831074,0.05003573195803179,0.07479234613687553,0
B0005,154,1.3236741274998955,66.18370637499478,4.196363050482315,2.6928340297696836,3.4746554404904435,-1.6861104874993165,40.85283588259973,33.27302769298771,2838.156,1059.281,2117.735,1636.797,8937.844,10574.641,29.749012593536026,0.05003573195803179,0.07479234613687553,0
B0005,155,1.318633896753293,65.93169483766465,4.1957929878569455,2.681747855329962,3.472301781313945,-1.685043785043406,40.85270645265791,33.229879126701434,2829.843,1040.453,2108.562,1604.64,8469.469000000001,10074.109,29.560275150643996,0.05003573195803179,0.07479234613687553,0
B0005,156,1.3134751321324272,65.67375660662135,4.195797286482793,2.696791414385091,3.4729305773503527,-1.678524839793589,40.8263251809212,33.20860833999321,2829.625,1031.86,2099.281,1582.5,8840.547,10423.047,29.475615420352657,0.05003573195803179,0.07479234613687553,0
B0005,157,1.3132020634442203,65.66010317221101,4.196349384378125,2.664695973142795,3.4696192030612285,-1.6839115230941766,40.90308836809665,33.236115055926255,2819.437,1031.094,2089.562,1569.328,8964.718,10534.046,29.414812446477324,0.05003573195803179,0.07479234613687553,0
B0005,158,1.3077959946944353,65.38979973472176,4.195609431921248,2.679191623358613,3.470018470757559,-1.6773783325850857,40.84337405460518,33.18660088296571,2819.579,1021.672,2079.907,1554.922,8711.890000000005,10266.812000000005,29.395124167825006,0.05003573195803179,0.07479234613687553,0
B0005,159,1.3030329186405918,65.1516459320296,4.195339917236225,2.699983457940659,3.470762691935287,-1.676425373206175,40.81792110626284,33.174058099115534,2810.672,1012.64,2071.25,1551.266,9016.843,10568.109,29.410028325661973,0.05003573195803179,0.07479234613687553,0
B0005,160,1.3033573559038205,65.16786779519103,4.1954020570061195,2.666300786624286,3.468111467035994,-1.67627880896028,40.946993847659506,33.253984518546055,2811.485,1012.953,2071.438,1535.344,9263.0,10798.344,29.31427764174688,0.05003573195803179,0.07479234613687553,0
B0005,161,1.3034100438655642,65.17050219327821,4.195685302232799,2.6308501373847837,3.4648625780221494,-1.6817992883033976,41.074938058306316,33.3198093248819,2802.422,1012.297,2061.875,1527.641,8751.406,10279.047,29.362572362769285,0.05003573195803179,0.07479234613687553,0
B0005,162,1.2978870806495706,64.89435403247853,4.195561297751176,2.673348140468748,3.467864133752208,-1.6750812261110137,41.02476444658572,33.33765795318198,2801.625,1003.125,2052.016,1524.843,8774.546999999999,10299.39,29.411970172612595,0.05003573195803179,0.07479234613687553,0
B0005,163,1.2980735056918902,64.90367528459451,4.196066962029683,2.632763831012711,3.464021404592563,-1.675366426273468,41.06214198725253,33.29076744042025,2802.031,993.734,2052.312,1524.0,9019.077999999994,10543.077999999994,29.44296145322608,0.05003573195803179,0.07479234613687553,0
B0005,164,1.293463613844243,64.67318069221216,4.196640912532072,2.6687371180046218,3.4664623858156745,-1.6744879201095209,40.98366325567302,33.27568841807217,2793.39,993.593,2042.828,1511.75,8918.359,10430.109,29.42301028796411,0.05003573195803179,0.07479234613687553,0
B0005,165,1.288003392619118,64.4001696309559,4.1956235749123225,2.696396337945361,3.46850906693551,-1.6674467270234996,40.98234242711097,33.32067807371405,2793.39,984.562,2033.812,1508.094,8646.0,10154.094,29.346694244289665,0.05003573195803179,0.07479234613687553,0
B0005,166,1.2874525221379407,64.37262610689703,4.195862008850563,2.6794834862925194,3.466806213058136,-1.6674702882406252,41.06375085817118,33.37314972896719,2792.485,984.0,2033.047,1493.234,8823.672,10316.906,29.392476256063365,0.05003573195803179,0.07479234613687553,0
B0005,167,1.3090153642307354,65.45076821153677,4.18482689434833,2.6787137407179737,3.471070722008039,-1.6888978346592105,41.047029587744966,33.71351889594897,2802.016,1031.438,2099.375,1485.609,9085.780999999999,10571.39,29.451852683469095,0.05003573195803179,0.07479234613687553,0
B0005,168,1.3250793286429356,66.25396643214678,4.201968615940368,2.655378369801326,3.475472204020004,-1.6979281889133206,41.051007697556734,33.86531768239223,2820.39,1078.156,2127.218,1483.953,8408.422,9892.375,29.48700718737772,0.05003573195803179,0.07479234613687553,0
B0006,1,2.035337591005598,101.7668795502799,4.179823027658306,2.4757677568281857,3.556946061827572,-1.990533350635129,39.16298653238707,32.142777859921516,3690.234,2228.297,3507.328,707.422,6890.4529999999995,7597.875,27.35587045298397,0.07358936787982846,0.09999474026181411,108
B0006,2,2.0251402460314116,101.25701230157058,4.177288238505559,2.35152551190002,3.56147580138708,-1.990277542145709,39.2462026826329,32.29307515705474,3672.344,2286.0,3489.219,3535.141,6980.859,10516.0,31.874973194517526,0.07358936787982846,0.09999474026181411,107
B0006,3,2.013326371345464,100.6663185672732,4.1781213228922995,2.4404797151065436,3.5667524696413215,-1.9899467848963859,38.999202460252846,32.24414709253608,3651.641,2286.406,3489.094,3531.422,6953.125,10484.547,32.149172607204065,0.07358936787982846,0.09999474026181411,106
B0006,4,2.0132846655407413,100.66423327703706,4.1785623580417175,2.4791558539003917,3.5687953371516272,-1.9896009282099438,38.843627771866515,32.14711742429942,3631.563,2286.719,3469.032,3509.859,6888.030999999999,10397.89,32.01707420321111,0.07358936787982846,0.09999474026181411,105
B0006,5,2.000528337624771,100.02641688123855,4.17824995156942,2.280187848173442,3.563970503289941,-1.9895483606575701,38.97798888258284,32.06687277315468,3629.172,2285.594,3466.984,3470.312,7024.891,10495.203,31.921070464263895,0.07358936787982846,0.09999474026181411,104
B0006,6,2.0138990759931645,100.69495379965822,4.193216523251186,2.4392842568466446,3.5735512387791406,-1.9901040351037365,38.83989920742278,32.03447836207717,3652.281,2324.235,3489.422,3472.344,7320.328,10792.672,32.03240226041504,0.07358936787982846,0.09999474026181411,103
B0006,7,2.013101105626967,100.65505528134835,4.193732603145628,2.2812068449406446,3.5711391343785897,-1.9900886222380372,39.04610837498471,32.11157496697372,3650.828,2322.953,3488.281,3437.266,7352.719000000001,10789.985,32.00263278190103,0.07358936787982846,0.09999474026181411,102
B0006,8,1.9687898262728398,98.439491313642,4.176826628115461,2.366410527029613,3.5681507462163036,-1.9891170520197212,38.87507521022778,32.112576242471775,3572.453,2268.765,3410.672,3436.515,6691.0470000000005,10127.562,32.2043613029437,0.07358936787982846,0.09999474026181411,101
B0006,9,1.9681661764334244,98.40830882167123,4.176369138969733,2.436020049578708,3.5692834155812436,-1.9892116643905464,38.7260539826455,32.03566207329278,3550.594,2248.187,3409.062,3418.688,6729.264999999994,10147.952999999994,32.08909051113987,0.07358936787982846,0.09999474026181411,100
B0006,10,1.9572307917560536,97.86153958780268,4.176897989902666,2.1864377487643725,3.563388513484579,-1.989191243247005,38.98629728904917,31.99527968872302,3551.25,2229.735,3389.735,3388.75,6773.343999999999,10162.094,31.997731444743632,0.07358936787982846,0.09999474026181411,99
B0006,11,1.9455991514129352,97.27995757064676,4.177579509962451,2.3406023605912454,3.566658719765511,-1.9891317699701738,38.65978861919643,31.874127571841353,3530.25,2230.109,3369.375,3373.937,6745.438,10119.375,32.16534007453746,0.07358936787982846,0.09999474026181411,98
B0006,12,1.9347505044841131,96.73752522420565,4.177996110793395,2.4263021374140443,3.5687035970122842,-1.9887805507702212,38.84979195732924,32.120959708576166,3491.016,2192.5,3350.407,3341.204,6672.031000000001,10013.235,31.93681506588346,0.07358936787982846,0.09999474026181411,97
B0006,13,1.9232799539368028,96.16399769684014,4.176316409477926,2.4753697700007034,3.569207084156356,-1.9887320866401275,38.75128344015104,32.11021168908644,3470.281,2173.734,3330.125,2741.313,6845.562,9586.875,30.352216278441432,0.07358936787982846,0.09999474026181411,96
B0006,14,1.911889930948487,95.59449654742434,4.1779924550101715,2.342364523655007,3.5659271296109383,-1.9887200290368634,38.76853764058789,31.989061278918154,3470.0,2173.094,3309.922,3289.219,6663.14,9952.359,32.18060237026164,0.07358936787982846,0.09999474026181411,95
B0006,15,1.9010667141979305,95.05333570989653,4.177439981618572,2.188400081882664,3.5612417270649486,-1.9887874042287874,38.84686112344348,31.878814448635442,3450.297,2135.359,3290.563,3263.2339999999967,7494.797000000006,10758.031000000003,32.076511477048484,0.07358936787982846,0.09999474026181411,94
B0006,16,1.8891989948061458,94.4599497403073,4.17561570814845,2.1206980945954057,3.557881987836072,-1.9885910895930397,38.865889781652804,31.767450711024402,3429.407,2115.782,3269.766,3242.0,6679.75,9921.75,32.07848903390586,0.07358936787982846,0.09999474026181411,93
B0006,17,1.878278372248849,93.91391861244244,4.177602520456299,2.369981457799298,3.56282437243777,-1.9884892463229662,38.647578733807656,31.78991634963658,3409.484,2098.172,3250.438,3229.438,6770.812,10000.25,32.105341901779,0.07358936787982846,0.09999474026181411,92
B0006,18,1.8675697161520206,93.37848580760102,4.176354539745044,2.247991649924625,3.5591953280168633,-1.9883474274444874,38.79218188173866,31.82883467218067,3390.422,2079.187,3231.515,3197.656,6738.375000000001,9936.031,32.085857911982885,0.07358936787982846,0.09999474026181411,91
B0006,19,1.8675892574453767,93.37946287226883,4.177450270459645,2.4115317107898875,3.5580906165580983,-1.9774549866256104,38.77022223929529,31.890449470827843,3390.281,2059.75,3230.969,3153.141,6836.391,9989.532,31.9088312502423,0.07358936787982846,0.09999474026181411,90
B0006,20,1.979626548250818,98.98132741254089,4.174584178175673,2.2033558468593775,3.565899462157853,-1.9892347833261184,37.54320599748628,31.51177053595285,3591.734,2268.171,3429.5,3138.969,7019.812999999999,10158.782,32.042697066607694,0.07358936787982846,0.09999474026181411,89
B0006,21,1.9575499080884022,97.87749540442012,4.175224020262452,2.35887751155593,3.570814209348872,-1.9890474874073771,37.90362577530197,31.874488497680712,3552.297,2249.516,3410.75,3110.172,7179.139999999999,10289.312,28.597753861232963,0.07358936787982846,0.09999474026181411,88
B0006,22,1.9458150170787551,97.29075085393775,4.177217300859919,2.218672914041916,3.5666817833633124,-1.988682950523383,37.6701605139887,31.53911453638972,3531.578,2212.61,3370.797,3444.25,6838.827999999994,10283.077999999994,28.999939091310562,0.07358936787982846,0.09999474026181411,87
B0006,23,1.9242461121680094,96.21230560840047,4.176681511062203,2.339723057947995,3.5668392745025836,-1.9885447318884866,37.34166959188387,31.220866832188786,3492.907,2173.625,3352.219,3388.703,6892.687,10281.39,28.954767078368718,0.07358936787982846,0.09999474026181411,86
B0006,24,1.9459811331421641,97.29905665710821,4.190384318239257,2.3997508208942735,3.571051969392875,-1.9885639445355097,37.28979017254232,31.119005145018026,3511.594,2192.266,3370.688,3333.141,6748.656000000001,10081.797,28.573880662844978,0.07358936787982846,0.09999474026181411,85
B0006,25,1.901407930553079,95.07039652765395,4.176973413125379,2.491410879472442,3.5666308474029793,-1.9880563928902786,37.16794481484507,31.033244078156734,3431.9370000000054,2117.327999999994,3292.1870000000054,3270.828,7526.5,10797.328,28.35410437907863,0.07358936787982846,0.09999474026181411,84
B0006,26,1.878674213680085,93.93371068400424,4.1734521552365464,2.1387303309558976,3.5527392240854914,-1.9772969675547487,37.51577848501052,31.001249222460967,3431.125,2078.391,3251.563,3215.515,6883.703000000001,10099.218,28.29238390325409,0.07358936787982846,0.09999474026181411,83
B0006,27,1.8683061328264219,93.4153066413211,4.1764585468168685,2.346064498302046,3.5560959755046615,-1.9771693646864965,37.24165964092258,30.921434744041356,3412.406,2060.953,3233.297,3172.203,6906.516,10078.719,28.21188042033004,0.07358936787982846,0.09999474026181411,82
B0006,28,1.8560244070082998,92.801220350415,4.17626102066065,2.327337743316428,3.5504500858303394,-1.9660385076397233,37.27233216178077,30.929360248207214,3410.688,2021.75,3211.906,3160.063,7457.312,10617.375,28.181745758886848,0.07358936787982846,0.09999474026181411,81
B0006,29,1.8451997961855777,92.25998980927889,4.172855540858831,2.4863117233366316,3.546007083640312,-1.9445990482746272,37.207134503019795,31.00810965793079,3410.718,1984.328,3191.89,3104.922,7459.234999999999,10564.157,28.075949119303758,0.07358936787982846,0.09999474026181411,80
B0006,30,1.857228890885317,92.86144454426585,4.1881878017349035,2.2921663510920895,3.554257954720065,-1.9769156942357176,37.49607769896255,30.96779499306422,3392.719,2004.703,3214.016,3072.578,7071.406000000001,10143.984,28.099632347736115,0.07358936787982846,0.09999474026181411,79
B0006,31,1.9247760889090635,96.23880444545317,4.189991619197343,2.4343006861812118,3.555857469677978,-1.9997552547832569,37.250073961181094,31.10097217303459,3470.672,2071.047,3307.843,3028.938,7761.514999999994,10790.452999999994,28.15103439695118,0.07358936787982846,0.09999474026181411,78
B0006,32,1.8822317526092551,94.11158763046275,4.186982490201218,2.472619908000758,3.5537306734803207,-1.9884344406296768,37.39699052067588,31.307368922041046,3414.109,2033.656,3242.344,2997.047,7445.843999999999,10442.891,28.39475478203679,0.07358936787982846,0.09999474026181411,77
B0006,33,1.855276687885587,92.76383439427936,4.1864831065416155,2.403422072720937,3.5452650003621513,-1.9771310999966942,37.2852066420257,31.131339987164562,3395.219,1977.578,3195.234,0.0,1674.484,1674.484,23.941020332727746,0.07358936787982846,0.09999474026181411,76
B0006,34,1.8392508917181876,91.96254458590938,4.187721936001791,2.4006679782182205,3.538408778928339,-1.965705768920947,37.080390421974414,30.828713779105055,3386.0,1930.219,3167.031,3149.234,6964.4220000000005,10113.656,28.482333092467393,0.07358936787982846,0.09999474026181411,75
B0006,35,1.8185396073994429,90.92698036997214,4.184171356892756,2.3194299432177345,3.5297688311332673,-1.9542494702422435,36.98024266357476,30.761533072057244,3368.187,1884.328,3121.078,3068.89,7069.0,10137.89,28.58710834674342,0.07358936787982846,0.09999474026181411,74
B0006,36,1.8134770059567056,90.67385029783527,4.186779863144672,2.3401731734980076,3.5300676840423306,-1.9490605727432448,37.598741245467004,31.30305692941581,3368.266,1884.453,3111.281,3006.36,7645.296999999999,10651.657,28.294010828400918,0.07358936787982846,0.09999474026181411,73
B0006,37,1.7971018450305436,89.85509225152718,4.186482965601712,2.3829603510808774,3.5248882875629555,-1.9373547119632697,37.33680914521836,31.06432144678013,3358.719,1845.969,3082.797,2951.657,7080.828,10032.485,27.970800137688457,0.07358936787982846,0.09999474026181411,72
B0006,38,1.7810046294120476,89.05023147060238,4.184741677172267,2.351855540704836,3.5190926887152725,-1.9312604088713479,37.39499820465976,30.96654665282149,3339.5,1808.719,3045.0,2918.531,7655.7660000000005,10574.297,28.158791899243404,0.07358936787982846,0.09999474026181411,71
B0006,39,1.7710130422682329,88.55065211341164,4.186114015167315,2.3535104841115886,3.5151810230271,-1.925413982519257,37.35233964342659,30.826455697992966,3331.265,1771.453,3017.609,2888.891,7572.844000000001,10461.735,28.40104385792931,0.07358936787982846,0.09999474026181411,70
B0006,40,1.7604712448170943,88.02356224085472,4.186378094589789,2.3948058223938364,3.514029112834162,-1.9198444871883995,37.58677381866742,31.080769482413952,3321.188,1752.813,2998.609,2841.828,7151.234000000006,9993.062000000005,28.132231098068214,0.07358936787982846,0.09999474026181411,69
B0006,41,1.7502913788006587,87.51456894003293,4.185742966026202,2.4418858444380294,3.514139684003936,-1.908733158939213,38.207044569893476,31.694287817425337,3321.844,1743.266,2989.235,2804.406,7797.875000000001,10602.281,27.966969935040385,0.07358936787982846,0.09999474026181411,68
B0006,42,1.7394925037732578,86.97462518866288,4.1849954235358595,2.391848815367812,3.509578354212467,-1.90276801874341,38.340431886092745,31.875581783696685,3311.828,1724.578,2960.625,2759.141,7908.8279999999995,10667.969,27.75957410527405,0.07358936787982846,0.09999474026181411,67
B0006,43,1.7546766553637203,87.73383276818602,4.175622772952551,2.3166154227865463,3.5110708693292705,-1.9093247566511207,38.521539672721865,31.543288143901563,3327.391,1720.328,2993.094,2737.75,7767.031000000001,10504.781,28.315119077831064,0.07358936787982846,0.09999474026181411,66
B0006,44,1.7659390941842175,88.29695470921088,4.191704957733779,2.4110989960643794,3.5159179315855056,-1.9306372167933323,38.03707160241571,31.420983409991024,3312.078,1753.015,3008.296,2718.625,7528.156000000001,10246.781,28.759435057679752,0.07358936787982846,0.09999474026181411,65
B0006,45,1.7337887419624838,86.68943709812419,4.185468369564667,2.4510125175432287,3.50585340727078,-1.907114151507875,37.934285687720596,31.15837149963786,3293.172,1667.906,2942.078,2684.891,7481.327999999998,10166.218999999997,28.681906125997056,0.07358936787982846,0.09999474026181411,64
B0006,46,1.713325912040734,85.6662956020367,4.184201889006967,2.471216186082459,3.5010379345914444,-1.8953541357988335,37.88470784051604,31.15661421699882,3275.328,1630.484,2895.406,2689.031,8115.8910000000005,10804.922,28.544862281131994,0.07358936787982846,0.09999474026181411,63
B0006,47,1.7024077813673466,85.12038906836733,4.185838836583766,2.470968641396993,3.497407662636496,-1.8892713805954209,38.065368726791895,31.206611383963253,3265.016,1602.516,2875.984,2712.36,8046.625,10758.985,28.227586320387818,0.07358936787982846,0.09999474026181411,62
B0006,48,1.82371946178183,91.1859730890915,4.1729165619005535,2.4288023941361625,3.5388872766749144,-1.9819359924929794,39.788440481350335,33.61169282822636,3328.937,1893.406,3129.625,2639.656,7677.8589999999995,10317.515,28.067108057487324,0.07358936787982846,0.09999474026181411,61
B0006,49,1.8081284050314708,90.40642025157354,4.186982012423103,2.3551430866643166,3.5327430295356828,-1.9653277079992455,39.212903178007906,32.85630077141311,3329.266,1855.235,3101.61,2590.75,8214.984,10805.734,28.067128360555888,0.07358936787982846,0.09999474026181411,60
B0006,50,1.7757610945034283,88.78805472517142,4.186537777937825,2.365933525789291,3.521214759733266,-1.9470636598230844,38.66937823121345,32.210981559158874,3301.579,1771.641,3035.985,2595.735,7350.655999999999,9946.391,28.576958595190668,0.07358936787982846,0.09999474026181411,59
B0006,51,1.7447409841836798,87.237049209184,4.182282350256796,2.3481961394586457,3.5093111439506677,-1.9241628426386395,38.5170065164806,31.965090081650274,3283.563,1696.578,2970.641,2999.125,7064.4220000000005,10063.547,30.7089708928189,0.07358936787982846,0.09999474026181411,58
B0006,52,1.729207034132373,86.46035170661865,4.185961817428056,2.46945948630322,3.50716091973708,-1.9124470439353747,38.292505299491516,31.744801840189538,3275.125,1659.641,2943.11,2870.844,7505.328,10376.172,30.106699115532898,0.07358936787982846,0.09999474026181411,57
B0006,53,1.7081086552553244,85.40543276276622,4.1836566973224585,2.4666715880697576,3.500928918686389,-1.8950209973545986,38.52091685291118,31.876564068962466,3265.656,1621.281,2895.391,2770.7660000000033,6986.0929999999935,9756.858999999997,29.363372970921308,0.07358936787982846,0.09999474026181411,56
B0006,54,1.6975954237461768,84.87977118730883,4.184390004467988,2.4482931262785135,3.4973019898820894,-1.8837082435178907,38.95436345473558,32.24289319481841,3266.093,1592.968,2876.453,2702.328,7908.578000000001,10610.906,29.053108404174978,0.07358936787982846,0.09999474026181411,55
B0006,55,1.6820634524029463,84.10317262014732,4.184732708741646,2.4745215382882586,3.4929038301187156,-1.8716651994380054,38.731363854696035,32.07305565938816,3257.594,1555.938,2839.516,2638.313,7339.764999999999,9978.078,28.824607780532247,0.07358936787982846,0.09999474026181411,54
B0006,56,1.6714768322295086,83.57384161147543,4.185835940524748,2.469127855241356,3.488659224822318,-1.8654809345089407,38.74827601131975,32.030140929891196,3248.593,1527.718,2811.25,2599.156,7647.828,10246.984,29.04334125546153,0.07358936787982846,0.09999474026181411,53
B0006,57,1.6607591387047655,83.03795693523827,4.185703389994729,2.4177173347922416,3.4822930804774015,-1.8592903578575999,38.84227056628921,31.984935871368258,3238.766,1489.766,2782.578,2557.625,7879.4220000000005,10437.047,29.041516878949153,0.07358936787982846,0.09999474026181411,52
B0006,58,1.651121015038069,82.55605075190346,4.184887437252902,2.3775131079338427,3.477575664197982,-1.848156298789804,39.221381996208315,32.23677365476226,3240.14,1471.859,2755.359,2509.9689999999973,8295.858999999997,10805.827999999994,28.954766991435342,0.07358936787982846,0.09999474026181411,51
B0006,59,1.6401349256190927,82.00674628095463,4.1845671326128535,2.443723814618984,3.4787436506489255,-1.8415742473538441,39.466510899162515,32.56097148037261,3230.109,1452.625,2736.062,2465.562,8339.813,10805.375,28.827764021851614,0.07358936787982846,0.09999474026181411,50
B0006,60,1.6291999416165441,81.45999708082721,4.184590722398005,2.4324278256917147,3.4740152461288862,-1.8297533943331723,39.352653481724175,32.48984985901219,3229.7810000000027,1424.531,2716.594,2433.437,8252.531,10685.968,28.786886386344246,0.07358936787982846,0.09999474026181411,49
B0006,61,1.6088496302961666,80.44248151480832,4.181227276564003,2.494085641889116,3.4718387718772696,-1.8170860697729954,39.31890647034385,32.42612199208859,3212.469,1387.531,2670.656,2413.062,8175.5779999999995,10588.64,29.207075464293986,0.07358936787982846,0.09999474026181411,48
B0006,62,1.6035244898969248,80.17622449484624,4.182601669503782,2.382347172890769,3.463180130644551,-1.8111560774496664,39.47196886600465,32.29984271249387,3213.219,1358.719,2642.375,2377.265,8358.829,10736.094,29.18554105903438,0.07358936787982846,0.09999474026181411,47
B0006,63,1.5989712144027983,79.94856072013991,4.183991041340736,2.406668297987779,3.463469391967206,-1.8113056300795982,39.74009698783903,32.610757585145336,3203.578,1349.594,2642.688,2339.266,7451.593000000001,9790.859,29.094562723441733,0.07358936787982846,0.09999474026181411,46
B0006,64,1.5876273123575604,79.38136561787802,4.182425008087469,2.4204142690378765,3.46021805164007,-1.803802475704306,39.03600072360686,32.25699351958767,3195.125,1321.656,2605.297,2295.672,7978.687,10274.359,28.972067174585955,0.07358936787982846,0.09999474026181411,45
B0006,65,1.5829719744686166,79.14859872343084,4.190985194174346,2.4507845245525193,3.462574876665621,-1.7982439953659044,39.16106395962828,32.47193402838835,3195.3129999999946,1321.985,2605.577999999994,2260.156,8450.907,10711.063,28.849413778690618,0.07358936787982846,0.09999474026181411,44
B0006,66,1.567137636713563,78.35688183567815,4.181860480163402,2.3930328819230717,3.4537077937586056,-1.7857963808615818,39.20051799483514,32.40219271195366,3186.297,1275.157,2558.813,2247.078,8558.937,10806.015,29.329113559805148,0.07358936787982846,0.09999474026181411,43
B0006,67,1.5613446139713882,78.06723069856942,4.183449364094532,2.3938995980718403,3.4514035349888337,-1.7850748194527644,39.15878418316098,32.30987415652578,3176.438,1255.969,2548.61,2225.219,8255.828000000001,10481.047,29.176041721553197,0.07358936787982846,0.09999474026181411,42
B0006,68,1.5511711892790419,77.5585594639521,4.182943907496545,2.4373294683003053,3.450781146333252,-1.7785916660457872,39.18225956809825,32.35440526839345,3167.593,1237.406,2520.75,2176.797,7976.563,10153.36,29.06181349745949,0.07358936787982846,0.09999474026181411,41
B0006,69,1.5406741606295171,77.03370803147585,4.182592999177517,2.3705330061374523,3.446105572450592,-1.7727874712030285,39.38159156766375,32.4731363791227,3167.719,1218.594,2501.625,2141.546,8520.922,10662.468,28.902663443706384,0.07358936787982846,0.09999474026181411,40
B0006,70,1.5253138744624433,76.26569372312217,4.1775564354981025,2.351294851260762,3.4418152533277144,-1.7601807681971697,39.44712875501599,32.52334649341759,3159.077999999994,1190.672000000006,2474.172000000006,2106.485,8388.14,10494.625,28.83769850148563,0.07358936787982846,0.09999474026181411,39
B0006,71,1.5301570318067428,76.50785159033714,4.183199732433941,2.436845595522602,3.445008015985666,-1.7653027883569699,39.40950590627068,32.518264823491045,3148.829,1181.125,2473.579,2077.719,8390.030999999999,10467.75,28.8794927672878,0.07358936787982846,0.09999474026181411,38
B0006,72,1.5246566834474087,76.23283417237043,4.183585552184287,2.39030487147494,3.441164687975023,-1.7593486488770236,39.48443326993031,32.5437072434024,3149.094,1171.516,2454.5,2053.672,7850.734,9904.406,28.950383897583738,0.07358936787982846,0.09999474026181411,37
B0006,73,1.5145492986655427,75.72746493327713,4.183170360974043,2.4892160721496315,3.443620591429828,-1.7526167898737661,39.4416762582387,32.562223096007365,3140.547,1152.859,2436.281,2028.5,8777.156,10805.656,28.9326271382961,0.07358936787982846,0.09999474026181411,36
B0006,74,1.509391504602082,75.4695752301041,4.183501501534186,2.450611393803655,3.439943269617906,-1.7516949849801624,39.53866201326228,32.58978020040808,3131.625,1134.5,2417.937,1995.109,8782.219,10777.328,28.908083251448843,0.07358936787982846,0.09999474026181411,35
B0006,75,1.5039974333050705,75.19987166525353,4.183243008796117,2.4111946043456745,3.43602719305159,-1.7510429704034998,39.5867547936938,32.57089563557426,3121.907,1115.75,2398.782,1966.907,8778.953000000001,10745.86,28.89162012676732,0.07358936787982846,0.09999474026181411,34
B0006,76,1.4935201918040188,74.67600959020095,4.182038001412004,2.4609139768640715,3.436309312279291,-1.7388746112390865,39.499752884420865,32.537854347094196,3122.125,1096.64,2379.937,1936.109,8870.672,10806.781,28.906891490587697,0.07358936787982846,0.09999474026181411,33
B0006,77,1.4876323024497422,74.3816151224871,4.182440318401142,2.378420264362521,3.430470227771154,-1.738622547139575,39.9686395722832,32.65645090520509,3121.672,1087.219,2360.563,1910.828,8895.765999999998,10806.593999999997,28.864999475314598,0.07358936787982846,0.09999474026181411,32
B0006,78,1.5302876214401704,76.51438107200852,4.189962701965466,2.3844697219937414,3.4417311090871063,-1.7870762809520677,40.42668250871336,33.180785234653264,3120.86,1171.719,2464.594,1885.657,8543.890000000001,10429.547,28.79786265611228,0.07358936787982846,0.09999474026181411,31
B0006,79,1.5040760088360112,75.20380044180057,4.181214475643097,2.448639661640692,3.4355429213552537,-1.7612682208672186,40.02451449021777,32.71220835503141,3103.828,1106.172,2389.844,1860.375,8946.719,10807.094,28.740807964185244,0.07358936787982846,0.09999474026181411,30
B0006,80,1.4887593608730894,74.43796804365446,4.182157933832856,2.362869757217078,3.4272336842373576,-1.7545532300777185,40.02167483360719,32.543943889007906,3095.094,1068.86,2352.844,1729.922,8989.094,10719.016,29.03089109050934,0.07358936787982846,0.09999474026181411,29
B0006,81,1.4782779285546637,73.91389642773318,4.1802491747767325,2.479712742728869,3.4307536518687556,-1.7364250156958492,40.078211781584145,32.6655410721976,3095.781,1050.359,2333.609,1929.937,8876.500000000005,10806.437000000005,29.11199322326797,0.07358936787982846,0.09999474026181411,28
B0006,82,1.478459982215684,73.9229991107842,4.182775550999248,2.4609902569842412,3.430880434209888,-1.7371686757879778,40.565789328351094,33.160922870564626,3094.328,1050.141,2333.094,1846.062,8959.203,10805.265,28.548022058686282,0.07358936787982846,0.09999474026181411,27
B0006,83,1.473214844899973,73.66074224499864,4.182970513713943,2.4794507375590507,3.431984614031654,-1.7358183569582517,40.75221353269305,33.414445545408455,3086.531,1050.297,2324.781,1805.015,8403.047,10208.062,28.440539775376276,0.07358936787982846,0.09999474026181411,26
B0006,84,1.4675164935067897,73.37582467533949,4.182588389688278,2.421513989921717,3.426913589626702,-1.7297302660430056,40.71162611325717,33.3541679486525,3085.625,1031.188,2304.922,1780.594,9026.625,10807.219,28.73984325523221,0.07358936787982846,0.09999474026181411,25
B0006,85,1.4516292657521335,72.58146328760667,4.180388252515709,2.3927989623544175,3.4220422356705154,-1.7278671098991139,40.58721297402195,33.13634596100404,3067.203,1002.937,2276.64,1779.234,9026.672,10805.906,29.323806526810927,0.07358936787982846,0.09999474026181411,24
B0006,86,1.4519237720967177,72.59618860483589,4.182476201666448,2.410475236770924,3.4202687142856667,-1.7269073147637581,40.37035790264624,32.92241762841388,3058.157,994.11,2258.485,1758.172,8897.765000000005,10655.937000000005,29.28336283016691,0.07358936787982846,0.09999474026181411,23
B0006,87,1.4471484694777745,72.35742347388873,4.182567814531136,2.4915333699239977,3.4248208106770663,-1.7211995934038338,40.667923693760464,33.20338483123576,3058.812,984.812,2258.796,1732.14,8385.032000000001,10117.172,29.144799251099133,0.07358936787982846,0.09999474026181411,22
B0006,88,1.4468538105659885,72.34269052829943,4.182606347806988,2.444861994529003,3.4234990883192666,-1.721141114732718,40.990356883952465,33.533950654066935,3058.578,984.578,2258.484,1696.907,9108.953000000001,10805.86,28.784111097347363,0.07358936787982846,0.09999474026181411,21
B0006,89,1.4416741930284678,72.08370965142339,4.183047552179642,2.4840755398082255,3.4247420964314874,-1.7200547727480755,40.997744028174516,33.5767934055627,3049.328,984.187,2249.094,1665.843,9140.484999999999,10806.328,28.679483623785192,0.07358936787982846,0.09999474026181411,20
B0006,90,1.5935866593100128,79.67933296550063,4.222516216835943,2.479017302613424,3.450702139255875,-1.8210481343824243,40.77265883698999,33.224088400657315,3177.219,1199.953,2558.703,1663.078,9081.75,10744.828,29.19580828168184,0.07358936787982846,0.09999474026181411,19
B0006,91,1.5463902376915637,77.31951188457819,4.1909374470770855,2.4820670710190385,3.4480475429907522,-1.821445703423604,40.522204934304625,33.37083344726966,3082.937,1171.937,2511.484,1660.547,9144.250000000005,10804.797000000006,29.373049314501156,0.07358936787982846,0.09999474026181411,18
B0006,92,1.51470559175661,75.73527958783049,4.183028520369727,2.452449045714353,3.4399481891896455,-1.7899159936953069,40.57746834859555,33.43366634309322,3074.266,1115.516,2436.453,1772.656,9029.921999999999,10802.578,29.14752722153641,0.07358936787982846,0.09999474026181411,17
B0006,93,1.4989786083335404,74.94893041667702,4.1838942747302825,2.4198491932573414,3.434112914501242,-1.7769345930773324,40.516963879873735,33.28676739403043,3066.0,1078.0,2389.75,1941.109,8603.343999999994,10544.452999999994,29.818832673562348,0.07358936787982846,0.09999474026181411,16
B0006,94,1.4831110745410492,74.15555372705246,4.1839835007856605,2.4706823501191706,3.4325600940363916,-1.7640032117743045,40.34325381638243,33.14347737377552,3056.437,1049.968,2352.0,1859.984,8841.141,10701.125,29.655105623519365,0.07358936787982846,0.09999474026181411,15
B0006,95,1.4729664825468278,73.6483241273414,4.183640209073579,2.413759774558071,3.4270614887575657,-1.7571701008871028,40.39341126895154,33.11021541795579,3048.219,1021.953,2324.015,1798.735,9007.078,10805.813,29.39030853998228,0.07358936787982846,0.09999474026181411,14
B0006,96,1.4627604396099307,73.13802198049653,4.183387047926521,2.4562499847243027,3.427340316812041,-1.7502670210777267,40.46341487442664,33.18991802149879,3039.218,1012.859,2305.656,1747.031,8946.407,10693.438,29.205477681579126,0.07358936787982846,0.09999474026181411,13
B0006,97,1.4518364681062514,72.59182340531257,4.18356344388626,2.401794655879554,3.423482197888437,-1.7439614243216512,40.5818264138806,33.26265398635676,3039.047,993.844,2286.25,1717.39,8991.016000000001,10708.406,29.153216648671478,0.07358936787982846,0.09999474026181411,12
B0006,98,1.4468670644030392,72.34335322015197,4.18171248971767,2.4087687236133313,3.4220957701069374,-1.736850855663561,40.61670777074496,33.299978841087025,3030.375,975.469,2258.938,1686.828,9118.469000000006,10805.297000000006,29.22524462438927,0.07358936787982846,0.09999474026181411,11
B0006,99,1.441380399427779,72.06901997138895,4.1832473219705815,2.4308118485818704,3.421883545422636,-1.7360045229798653,40.631647661681036,33.31663547841367,3021.0,965.281,2248.578,1662.094,8701.516,10363.61,29.215805701192597,0.07358936787982846,0.09999474026181411,10
B0006,100,1.431210744960774,71.5605372480387,4.183049768329545,2.398886415333129,3.4195777411151886,-1.729690117077797,40.74323383889164,33.39150630507064,3021.75,956.296,2230.718,1641.25,9163.844,10805.094,29.22328146275053,0.07358936787982846,0.09999474026181411,9
B0006,101,1.4260247179525716,71.30123589762857,4.1830924980863315,2.3814379490849835,3.4175281789596474,-1.7287954627467013,40.81715493531611,33.41522427488497,3012.265,946.953,2221.437,1616.218,9189.282,10805.5,29.231872906886423,0.07358936787982846,0.09999474026181411,8
B0006,102,1.420487649966195,71.02438249830975,4.181536580807847,2.459885297095542,3.4197860540725715,-1.7216729981632184,40.72877617289365,33.39690850726103,3002.641,928.531,2202.203,1600.672,9206.171999999999,10806.844,29.272600835493,0.07358936787982846,0.09999474026181411,7
B0006,103,1.4207006230355006,71.03503115177503,4.172034399629829,2.4007285025453995,3.4171369298988705,-1.7228162229694663,41.45494452672042,33.73731993653,3012.0,928.313,2221.141,1581.078,8786.828000000003,10367.906000000003,29.24185694673003,0.07358936787982846,0.09999474026181411,6
B0006,104,1.452255804330839,72.61279021654194,4.188427549455566,2.472830716079143,3.4305347141293625,-1.7486639022205694,41.39678877103747,34.08965316576344,3020.11,1003.516,2296.172,1556.765,9249.954,10806.719,29.203986172484676,0.07358936787982846,0.09999474026181411,5
B0006,105,1.431557632772571,71.57788163862855,4.181499335679726,2.467318928642863,3.4250844180972875,-1.7345160724760178,41.36669473718026,33.9987286593769,3002.172000000006,956.4070000000065,2240.4379999999946,1522.312,8520.86,10043.172,29.530053408982685,0.07358936787982846,0.09999474026181411,4
B0006,106,1.415015751158943,70.75078755794715,4.179546243153898,2.3692462667540997,3.4171339862792935,-1.7271570233190525,41.37787352037061,33.907397114007345,2992.703,927.828,2210.922,1655.0,8914.812,10569.812,30.003136543658723,0.07358936787982846,0.09999474026181411,3
B0006,107,1.4097311506517451,70.48655753258726,4.18101558225098,2.4482618595124874,3.417521467040602,-1.7305179027385762,41.140956091698214,33.70518417605219,2964.468,909.328,2183.39,1597.828,8319.375,9917.203,29.808177657882982,0.07358936787982846,0.09999474026181411,2
B0006,108,1.404917318129309,70.24586590646545,4.182667734360821,2.4598632768748825,3.4181623236680356,-1.7141443638380731,41.2168813199875,33.7458832944166,2983.375,899.5,2164.063,1563.547,8753.859,10317.406,29.64273803651614,0.07358936787982846,0.09999474026181411,1
B0006,109,1.395164296571563,69.75821482857815,4.179947555799937,2.497869764845928,3.420331935905118,-1.7067823273466607,41.40391881889191,34.01657212624259,2975.297,891.328,2156.0,1523.765,9282.344000000001,10806.109,29.424227040099296,0.07358936787982846,0.09999474026181411,0
B0006,110,1.3945343832614077,69.72671916307038,4.182316086490744,2.472236707252471,3.4192916311692465,-1.7063596521950202,41.586571331198584,34.175023374593785,2974.9850000000006,891.0629999999946,2155.8439999999973,1501.265,8540.656,10041.921,29.528181634019152,0.07358936787982846,0.09999474026181411,0
B0006,111,1.3893171179312644,69.46585589656323,4.18300582450457,2.4278749904763077,3.414352330355796,-1.7052696591517462,41.43504077863728,33.976109677640174,2966.25,872.125,2128.016,1498.703,9220.578000000001,10719.281,29.841441321069038,0.07358936787982846,0.09999474026181411,0
B0006,112,1.3838379472327809,69.19189736163904,4.1825046060820625,2.4275905200235055,3.412701167144591,-1.7046265574439607,41.37436880579148,33.84150372451663,2956.359,862.453,2108.187,1478.047,9326.671999999999,10804.719,29.81401566030922,0.07358936787982846,0.09999474026181411,0
B0006,113,1.3736814238195123,68.68407119097562,4.179533028548021,2.37337869163978,3.410409522809144,-1.6985503106996724,41.66477948989921,34.1008464215818,2956.344,852.907,2108.25,1447.453,9358.234,10805.687,29.432438931189996,0.07358936787982846,0.09999474026181411,0
B0006,114,1.3786059891863676,68.93029945931838,4.18250512422575,2.4248604132549767,3.414419320260644,-1.6982347588599789,41.81816829502593,34.34663683304219,2956.406,862.453,2108.422,1432.172,8579.234,10011.406,29.526379105226304,0.07358936787982846,0.09999474026181411,0
B0006,115,1.3737600299108574,68.68800149554288,4.1828227593786,2.426962848243194,3.4131710032395315,-1.6971165805711328,41.686647000781186,34.216231530637586,2947.266,853.547,2099.781,1435.219,9371.405999999999,10806.625,29.785784828098866,0.07358936787982846,0.09999474026181411,0
B0006,116,1.3682580583942712,68.41290291971356,4.182413969607667,2.417287750352038,3.4107019261975147,-1.6959199401004303,41.565382893773936,34.041617020161176,2937.984,834.453,2071.141,1427.5,9378.063,10805.563,29.938016224006763,0.07358936787982846,0.09999474026181411,0
B0006,117,1.3633024037317505,68.16512018658753,4.182451170946608,2.4185087281747166,3.4089059214760367,-1.6953163120957457,41.46394809540406,33.890212870710734,2929.125,825.656,2061.906,1405.437,9401.782,10807.219,29.715784734660758,0.07358936787982846,0.09999474026181411,0
B0006,118,1.3580966140172601,67.904830700863,4.181305580928812,2.480937393224248,3.4134080258317576,-1.6890383512433216,41.6123634180086,34.116762412437,2928.454,825.157,2061.797,1380.437,9425.11,10805.547,29.466865883379434,0.07358936787982846,0.09999474026181411,0
B0006,119,1.353269090999531,67.66345454997655,4.1804870315884735,2.4078214169511205,3.411221044859532,-1.689240311218937,42.0075404495327,34.490493589415046,2929.375,825.593,2062.172,1364.281,9146.171999999999,10510.453,29.449039550104775,0.07358936787982846,0.09999474026181411,0
B0006,120,1.3841605738237488,69.20802869118744,4.163570261072192,2.433234589649132,3.4155210852213678,-1.7102007614808157,41.61679232360952,34.23744800906639,2946.031,853.297,2146.078,1365.0,8837.781,10202.781,29.801856124521297,0.07358936787982846,0.09999474026181411,0
B0006,121,1.4051467790651473,70.25733895325736,4.190012868765637,2.440822893388958,3.4229838362549794,-1.730244918610445,41.80245062827161,34.41428886050454,2955.438,909.453,2183.313,1379.297,8761.561999999996,10140.858999999997,30.13644300471175,0.07358936787982846,0.09999474026181411,0
B0006,122,1.378719022627353,68.93595113136764,4.182418011462176,2.396078253891397,3.414757022019347,-1.7152465923901479,41.653004783464006,34.16445180476378,2937.625,862.985,2127.531,1481.437,8859.235,10340.672,29.904596866451254,0.07358936787982846,0.09999474026181411,0
B0006,123,1.3682657783199066,68.41328891599532,4.182070839014939,2.449306948268824,3.41435871627236,-1.7013404928191733,41.36061809844917,33.877146811272176,2929.078,834.516,2080.703,1495.125,9204.937999999995,10700.062999999995,30.096384008359824,0.07358936787982846,0.09999474026181411,0
B0006,124,1.3573151296618016,67.86575648309008,4.182701902443236,2.384185417166802,3.4091886698418046,-1.7004366132157598,41.42815616511055,33.839566254190565,2918.375,815.375,2061.203,1429.297,9199.641,10628.938,29.633427106758724,0.07358936787982846,0.09999474026181411,0
B0006,125,1.3524934638801596,67.62467319400798,4.182270325485355,2.4440756213040964,3.411930366643558,-1.6873533635265776,41.343265645039,33.818304796930946,2919.812,806.609,2043.453,1381.312,9425.797,10807.109,29.36231857880349,0.07358936787982846,0.09999474026181411,0
B0006,126,1.3474099151661236,67.37049575830618,4.182394535290608,2.4296014294774673,3.4094417183837504,-1.6919294969110734,41.38118673567723,33.812621135472135,2900.422,797.313,2024.532,1361.547,9360.967999999999,10722.515,29.30429017195157,0.07358936787982846,0.09999474026181411,0
B0006,127,1.3370075130842318,66.85037565421159,4.182061947471753,2.41022288115442,3.4081896097479882,-1.6852952939579415,41.378450473707446,33.79894614410012,2901.375,788.0,2014.813,1335.265,9437.704,10772.969,29.26647234925969,0.07358936787982846,0.09999474026181411,0
B0006,128,1.3312352966718526,66.56176483359263,4.182288987105723,2.4098927032454966,3.40737851449911,-1.6787428835073943,41.306600641009794,33.702723745621576,2901.187,778.218,1995.672,1319.672,9426.046999999997,10745.718999999997,29.274547562511103,0.07358936787982846,0.09999474026181411,0
B0006,129,1.3259303781727643,66.29651890863822,4.179662143533188,2.453938411405305,3.4085862639015,-1.6712137513430336,41.204081036719124,33.63562651984647,2891.64,768.531,1977.046,1302.016,9505.078,10807.094,29.17342792067648,0.07358936787982846,0.09999474026181411,0
B0006,130,1.321578743867529,66.07893719337645,4.181392635232333,2.3940396792395253,3.404843616147767,-1.6768931248947176,41.32955629442644,33.690724061796516,2882.906,759.734,1968.625,1282.844,8830.796999999999,10113.641,29.05326191379302,0.07358936787982846,0.09999474026181411,0
B0006,131,1.321225074066109,66.06125370330544,4.182099866234647,2.45134737470238,3.4081057374178703,-1.6701186583642826,41.300370296451625,33.71317033815572,2883.265,759.75,1958.906,1269.422,9316.39,10585.812,29.018350960542612,0.07358936787982846,0.09999474026181411,0
B0006,132,1.3156485301862682,65.78242650931341,4.182054276922838,2.475014603796582,3.4091728540380735,-1.6634753413292604,41.243646229563595,33.65376593260611,2882.969,750.078,1948.781,1259.578,9546.984,10806.562,29.051085535901876,0.07358936787982846,0.09999474026181411,0
B0006,133,1.3209025697502388,66.04512848751195,4.168816046299314,2.4569179775419294,3.4110817622184233,-1.6645875549232958,41.36464929786556,33.983578066068176,2891.656,759.75,1977.281,1244.7339999999967,9560.547000000006,10805.281000000003,29.033598285442057,0.07358936787982846,0.09999474026181411,0
B0006,134,1.3474328767273906,67.37164383636953,4.190149239555381,2.438240626221148,3.4167486246717154,-1.6918384605140158,40.89285784811417,33.816348135475515,2901.25,816.062,2043.5,1231.141,9502.25,10733.391,28.953402514298006,0.07358936787982846,0.09999474026181411,0
B0006,135,1.3260128072353616,66.30064036176807,4.187196878135145,2.4946397780995584,3.4169689184247174,-1.6711981411684529,40.652964511118334,33.60692030225909,2891.703,777.953,1995.531,1236.594,9568.953000000001,10805.547,29.214892256060573,0.07358936787982846,0.09999474026181411,0
B0006,136,1.3101186784831063,65.50593392415531,4.18232296515852,2.4367455144223555,3.4105763913818787,-1.6632769410531225,40.58410707337388,33.47350597721994,2883.016,759.438,1958.156,1364.641,9386.625000000004,10751.266000000003,29.67320643675769,0.07358936787982846,0.09999474026181411,0
B0006,137,1.30521620229393,65.2608101146965,4.1822817387062585,2.4858689968085326,3.4113335283009314,-1.6559085740676296,40.322783635307104,33.209178727620106,2873.453,740.594,1930.141,1270.625,9535.0,10805.625,29.182521926296026,0.07358936787982846,0.09999474026181411,0
B0006,138,1.3004061951355774,65.02030975677887,4.181394192711236,2.3957550201907916,3.4081283345557187,-1.6561009220603313,40.78032921971219,33.58088963686094,2874.031,740.984,1930.719,1236.984,9569.688,10806.672,28.958962550469153,0.07358936787982846,0.09999474026181411,0
B0006,139,1.300235735841116,65.0117867920558,4.182109437180301,2.4504684570147006,3.4125732422699135,-1.6493259508429792,40.85731522464202,33.76400861956033,2874.234,740.797,1930.594,1216.39,9286.063,10502.453,28.86335897061623,0.07358936787982846,0.09999474026181411,0
B0006,140,1.2895066722480755,64.47533361240377,4.181210531150237,2.3942028718004007,3.407693686560286,-1.6481131076816375,40.74860220857894,33.57003564415372,2864.984,722.187,1911.594,1229.469,9459.75,10689.219,29.24054616758047,0.07358936787982846,0.09999474026181411,0
B0006,141,1.279253057384795,63.96265286923975,4.180183763169455,2.4303844034459368,3.4073499608041957,-1.6402541382604887,40.472276230208436,33.272050895552354,2855.093,713.093,1884.25,1218.313,9218.140999999998,10436.453999999998,29.273782336676156,0.07358936787982846,0.09999474026181411,0
B0006,142,1.2792078171714618,63.96039085857309,4.181641969595387,2.4755630989048205,3.409292163767801,-1.6339151095418003,40.28187574900838,33.12740933210319,2855.625,703.078,1864.813,1196.485,8996.765,10193.25,28.967053882242595,0.07358936787982846,0.09999474026181411,0
B0006,143,1.274036760902923,63.701838045146154,4.1818501497507565,2.446712151873903,3.4095492354804775,-1.6340244573659812,40.637565231244686,33.439116773449626,2855.594,703.078,1874.094,1168.625,9565.078,10733.703,28.663710651492863,0.07358936787982846,0.09999474026181411,0
B0006,144,1.2741273923001468,63.70636961500734,4.1817089329030335,2.4607112018206894,3.410318915287339,-1.632488007933941,40.64243349478575,33.482874768414376,2847.437,703.578,1865.281,1149.062,9498.75,10647.812,28.644446228233157,0.07358936787982846,0.09999474026181411,0
B0006,145,1.2637639426440779,63.188197132203896,4.178725976011113,2.4619788522973796,3.409269478846637,-1.6192610042624402,40.38713367022122,33.22136307064441,2847.36,684.797,1837.266,1160.922,9460.313,10621.235,29.000180627198866,0.07358936787982846,0.09999474026181411,0
B0006,146,1.2581373688955233,62.906868444776165,4.181148894438262,2.4999079970509284,3.4094374435069095,-1.6178242977824624,40.15316398972329,32.98562738901426,2837.328,675.172,1817.875,1146.531,8823.046999999995,9969.577999999994,28.850541540719945,0.07358936787982846,0.09999474026181411,0
B0006,147,1.253259864055301,62.66299320276505,4.181246648937272,2.4061574188511727,3.403885091976961,-1.6181015728870058,40.26211669866818,32.970182781539556,2837.281,666.031,1809.125,1123.625,9377.469,10501.094,28.54442368993556,0.07358936787982846,0.09999474026181411,0
B0006,148,1.2532313315493426,62.661566577467134,4.1821248744689274,2.40921365026611,3.4065929107527846,-1.6180985297864203,40.65437976632703,33.31018716138479,2838.515,675.094,1818.39,1095.453,9475.282000000001,10570.735,28.312507797337528,0.07358936787982846,0.09999474026181411,0
B0006,149,1.2480874960313577,62.40437480156788,4.179545017207998,2.4705399687343235,3.4095930016592684,-1.6103535053387172,40.41021687551566,33.23406652671602,2828.328,666.203,1799.422,1097.984,9706.780999999999,10804.765,28.410960417779172,0.07358936787982846,0.09999474026181411,0
B0006,150,1.2534354284944844,62.67177142472422,4.164241788212258,2.4996841687041944,3.409409922814414,-1.611644410040853,40.49521984011741,33.117656712920734,2838.265,656.531,1818.484,1103.672,8933.828,10037.5,28.710913065629942,0.07358936787982846,0.09999474026181411,0
B0006,151,1.2898048773266901,64.49024386633451,4.189238693156103,2.4839695531514434,3.4195489282896943,-1.6420364978388977,41.357879741754175,33.78417036686004,2864.547,740.844,1921.094,1093.5,9461.625,10555.125,28.66950429176209,0.07358936787982846,0.09999474026181411,0
B0006,152,1.2635402021758835,63.17701010879417,4.180842923747738,2.4675402264113453,3.4151799904187996,-1.6194806393973795,41.37902988743146,33.806439563441614,2846.39,693.703,1855.687,1032.39,9774.938,10807.328,28.564337059732743,0.07358936787982846,0.09999474026181411,0
B0006,153,1.2479761706842853,62.39880853421427,4.18123823034649,2.4946438160388325,3.4154594925159083,-1.6048643562670923,41.20920760771975,33.63735785291911,2837.969,675.328,1818.047,1201.875,9588.187999999995,10790.062999999995,29.13293364894342,0.07358936787982846,0.09999474026181411,0
B0006,154,1.2321202877943334,61.60601438971667,4.1798277092808815,2.4577382116375843,3.4130336456755868,-1.5916400783224371,41.20630554355683,33.58195933847606,2838.156,656.485,1789.86,1150.328,9424.313,10574.641,29.028126782794402,0.07358936787982846,0.09999474026181411,0
B0006,155,1.2271137666213534,61.35568833106767,4.180792839927961,2.40986495422137,3.4094524356574096,-1.5901105081883435,41.28239317323536,33.56245583951572,2829.843,646.843,1762.218,1110.437,8963.672,10074.109,28.824446138646483,0.07358936787982846,0.09999474026181411,0
B0006,156,1.2217397581377356,61.08698790688678,4.181365190126037,2.479418189447868,3.4138496008165014,-1.5767754479909835,41.1595683576961,33.5111267532655,2829.625,638.391,1743.453,1088.078,9334.969000000001,10423.047,28.73861109020366,0.07358936787982846,0.09999474026181411,0
B0006,157,1.211102678915174,60.5551339457587,4.180594670510683,2.434585389303289,3.410900672125043,-1.575262673173442,41.230427315370186,33.53675907012135,2819.437,628.062,1733.953,1072.906,9461.14,10534.046,28.66945729023269,0.07358936787982846,0.09999474026181411,0
B0006,158,1.2056159765131735,60.28079882565868,4.181424135030176,2.425682710641569,3.4105744140130074,-1.5684640005188113,41.21487873613708,33.49803069556778,2819.579,628.219,1714.672,1050.172,9216.640000000005,10266.812000000005,28.620406575828014,0.07358936787982846,0.09999474026181411,0
B0006,159,1.2008936262717274,60.044681313586366,4.181921994951423,2.417924401749313,3.4096514247359915,-1.5671286757845893,41.27439823262361,33.516977262709986,2810.672,619.14,1705.89,1038.875,9529.234,10568.109,28.628153065717633,0.07358936787982846,0.09999474026181411,0
B0006,160,1.1905903985558335,59.529519927791675,4.179593598747663,2.4541577949851603,3.4128578373442537,-1.5537993411647462,41.237668013317766,33.531923269271225,2811.485,610.157,1687.438,1022.953,9775.391,10798.344,28.53948250596772,0.07358936787982846,0.09999474026181411,0
B0006,161,1.185179251041941,59.25896255209705,4.180557596235595,2.463616101176541,3.413450901705652,-1.5521827524962775,41.24068073261839,33.567636169584304,2802.422,609.422,1677.625,1012.813,9266.234,10279.047,28.572516311766954,0.07358936787982846,0.09999474026181411,0
B0006,162,1.1796706818144624,58.983534090723126,4.181414159913002,2.470375229475307,3.414388187503409,-1.5452652929126827,41.28133907077437,33.60493096509702,2801.625,600.328,1668.016,1002.031,9297.359,10299.39,28.62669459075133,0.07358936787982846,0.09999474026181411,0
B0006,163,1.1745952836753915,58.729764183769575,4.180815073540562,2.4357634426689945,3.412419038813061,-1.538651770825325,41.28338645880181,33.54281440778599,2802.031,591.047,1649.297,993.234,9549.843999999994,10543.077999999994,28.631186857858758,0.07358936787982846,0.09999474026181411,0
B0006,164,1.15381833159625,57.6909165798125,4.1697037841892834,2.481190011798763,3.4148103057455175,-1.5169723774339863,41.149193043289586,33.472459360982775,2793.39,571.968,1611.89,980.875,9449.234,10430.109,28.612332550569292,0.07358936787982846,0.09999474026181411,0
B0006,165,1.1644009557372264,58.220047786861315,4.180283727512206,2.491537251958465,3.4166177332601,-1.5238501013926742,41.26268252018065,33.58210389885497,2793.39,581.844,1621.75,967.61,9186.483999999999,10154.094,28.542199304478256,0.07358936787982846,0.09999474026181411,0
B0006,166,1.1587974947916069,57.93987473958035,4.181170015245673,2.40904100737121,3.4121341541171764,-1.523792814686802,41.45791806300034,33.6634605108384,2792.485,581.391,1611.672,959.969,9356.937000000002,10316.906,28.565426308382822,0.07358936787982846,0.09999474026181411,0
B0006,167,1.1749748834769171,58.74874417384586,4.1575524997258,2.475767645530351,3.419700177568569,-1.5391310859398721,41.11666214070682,33.730546074122294,2802.016,600.453,1696.5,945.0,9626.39,10571.39,28.631428241793976,0.07358936787982846,0.09999474026181411,0
B0006,168,1.1856752327929356,59.283761639646784,4.188511527828155,2.4160441724133666,3.4234687742187893,-1.5426703969635054,41.36263766174168,33.8912822372509,2820.39,647.203,1705.796,939.734,8952.641,9892.375,28.6588020031526,0.07358936787982846,0.09999474026181411,0
B0007,1,1.89105229539079,94.5526147695395,4.199497433806136,2.145975766935391,3.522006703394617,-1.8691188840185695,40.59042914535701,32.62485875142121,3690.234,2133.969,3287.969,658.485,6939.39,7597.875,27.29904441900397,0.0671426900201505,0.09331350931281934,167
B0007,2,1.880637027686859,94.03185138434294,4.198510349854315,2.1110166987852117,3.5319490434317116,-1.8680422715350309,40.26023408628707,32.738209593287145,3672.344,2191.25,3289.532,3277.078,7238.9220000000005,10516.0,30.577385154985016,0.0671426900201505,0.09331350931281934,166
B0007,3,1.8806626717011388,94.03313358505694,4.198280074112568,2.0251085128182655,3.5344025220217845,-1.877784734502072,40.27558633997852,32.68511456550919,3651.641,2191.609,3289.766,3273.969,7210.578,10484.547,30.66376913104331,0.0671426900201505,0.09331350931281934,165
B0007,4,1.8807709009833444,94.03854504916723,4.198267468745592,1.922542180649595,3.53492504932652,-1.8875256535871228,40.29314715799111,32.554748499572646,3631.563,2211.125,3289.86,3276.156,7121.7339999999995,10397.89,30.792245916339162,0.0671426900201505,0.09331350931281934,164
B0007,5,1.8794508728285058,93.97254364142529,4.198464224146956,1.8711590450649882,3.534536640068787,-1.8871559747738404,40.268872630219796,32.46787845303298,3629.172,2210.047,3287.938,3286.937,7208.266,10495.203,30.89342353302922,0.0671426900201505,0.09331350931281934,163
B0007,6,1.8807003517117404,94.03501758558703,4.197967993115647,2.1756867065903434,3.5411626672196816,-1.8675154082122565,39.67620802332074,32.48624734055599,3652.281,2210.547,3289.531,3288.422,7504.25,10792.672,30.821167500690837,0.0671426900201505,0.09331350931281934,162
B0007,7,1.8799352523566075,93.99676261783037,4.198023461704379,2.1117887156019437,3.541165612176161,-1.8673304059806155,39.803817662926164,32.55779966353037,3650.828,2228.172,3288.75,3266.938,7523.0470000000005,10789.985,30.421910739966474,0.0671426900201505,0.09331350931281934,161
B0007,8,1.8815088124038797,94.07544062019399,4.199372697237068,2.026250619894166,3.5494581176357975,-1.9063154499484403,39.88810476942348,32.45374435641106,3572.453,2231.062,3291.484,3278.281,6849.281,10127.562,30.518431203479878,0.0671426900201505,0.09331350931281934,160
B0007,9,1.8696907870385844,93.48453935192921,4.19921182024681,1.9505894332906037,3.5502805464079743,-1.9164259300038171,39.95162250671474,32.373246444985035,3550.594,2229.203,3289.891,3273.75,6874.202999999994,10147.952999999994,31.081278437806464,0.0671426900201505,0.09331350931281934,159
B0007,10,1.870052380139199,93.50261900695995,4.198957678253482,1.8688247067658061,3.5481347674910286,-1.9165016044519978,40.052021854718284,32.30534276235138,3551.25,2229.735,3270.594,3280.391,6881.7029999999995,10162.094,31.24066372289512,0.0671426900201505,0.09331350931281934,158
B0007,11,1.8700442394188577,93.50221197094288,4.198832114024662,1.7896213776724978,3.5484272148956437,-1.926771167846017,40.1213838436794,32.183319483399806,3530.25,2230.109,3270.609,3278.031,6841.344,10119.375,31.220976754395,0.0671426900201505,0.09331350931281934,157
B0007,12,1.8596518987766364,92.98259493883182,4.198945227315025,1.910336108594535,3.5560433603714667,-1.936979366983281,40.174657039770814,32.378853181816005,3491.016,2230.407,3251.313,3281.5,6731.735000000001,10013.235,31.372627292785396,0.0671426900201505,0.09331350931281934,156
B0007,13,1.8590746560862206,92.95373280431103,4.1990513028067955,1.9086884059809102,3.5604849642800684,-1.947065774665518,40.016434730174936,32.2913249500013,3470.281,2230.328,3270.813,2783.454,6803.421,9586.875,30.225464388780154,0.0671426900201505,0.09331350931281934,155
B0007,14,1.8590084577709232,92.95042288854616,4.198107645780677,1.7868782934275431,3.5562872542469752,-1.946961601670498,40.16569230743226,32.14782797344657,3470.0,2229.734,3250.641,3265.703,6686.656000000001,9952.359,31.747377634153153,0.0671426900201505,0.09331350931281934,154
B0007,15,1.8593622586957048,92.96811293478524,4.19925638222589,2.1361343961784502,3.5647746218187324,-1.946851050742258,39.46139677634257,32.01380948237792,3450.297,2229.906,3251.063,3263.2339999999967,7494.797000000006,10758.031000000003,31.779134469034663,0.0671426900201505,0.09331350931281934,153
B0007,16,1.8587355450601035,92.93677725300518,4.199087384946408,2.0133501283179167,3.565438928797127,-1.9574063719005568,39.5636595172155,31.881310103471357,3429.407,2210.094,3249.985,3253.641,6668.109,9921.75,31.742574167707367,0.0671426900201505,0.09331350931281934,152
B0007,17,1.847817291322145,92.39086456610724,4.199009971925293,1.8575547668336483,3.565961679108638,-1.9680136940585706,39.628948319501816,31.854304304240515,3409.484,2211.078,3250.438,3229.438,6770.812,10000.25,31.367092340830315,0.0671426900201505,0.09331350931281934,151
B0007,18,1.8485252916137047,92.42626458068524,4.1985172274243965,2.1657556124208934,3.572496559005355,-1.9680499927642312,39.225347214914876,31.856555404576753,3390.422,2211.25,3231.515,3232.468,6703.563000000001,9936.031,31.5483245449075,0.0671426900201505,0.09331350931281934,150
B0007,19,1.848378951850034,92.4189475925017,4.198245740608724,2.0270686341513207,3.5699492020415136,-1.9680218912213907,39.4126321606434,31.867182607083926,3390.281,2210.828,3230.969,3233.672,6755.859999999999,9989.532,31.877731734386295,0.0671426900201505,0.09331350931281934,149
B0007,20,1.8807805437609766,94.03902718804883,4.196262462698172,1.905311669649934,3.5464338449590023,-1.9066656790606797,39.95874037686836,32.35216872128999,3591.734,2268.171,3290.75,3207.438,6951.343999999999,10158.782,31.64827378798208,0.0671426900201505,0.09331350931281934,148
B0007,21,1.8814721597443598,94.07360798721798,4.1969587758867,1.7951975189442124,3.5531968089006387,-1.9267118604677658,40.31302300333008,32.60219299451182,3552.297,2287.344,3291.625,3177.484,7111.8279999999995,10289.312,28.79758724840639,0.0671426900201505,0.09331350931281934,147
B0007,22,1.8810954313244785,94.05477156622393,4.197071720130598,2.1058524852518143,3.5599340214678805,-1.9260915660103672,39.359447242364645,32.19571819720114,3531.578,2269.594,3291.688,3347.172,6935.905999999994,10283.077999999994,29.15641159378297,0.0671426900201505,0.09331350931281934,146
B0007,23,1.8710089649779995,93.55044824889998,4.19690260801443,1.846021007590992,3.5595604968237993,-1.9468340181835688,39.454159451189874,31.805988160181123,3492.907,2249.422,3292.532,3340.578,6940.812,10281.39,29.1544231457191,0.0671426900201505,0.09331350931281934,145
B0007,24,1.8701995151941375,93.50997575970688,4.1966416719103465,1.7370300333706354,3.552385161941813,-1.9364196896718646,39.641748274009444,31.737001978644926,3511.594,2249.234,3271.5,3309.328,6772.469000000001,10081.797,28.71481831414117,0.0671426900201505,0.09331350931281934,144
B0007,25,1.8706715362800985,93.53357681400493,4.1971302559922,2.0506492642329937,3.5707670304281067,-1.9675984733558025,38.86906912217273,31.51707667966367,3431.9370000000054,2230.672000000006,3272.5,3306.141,7491.187,10797.328,28.533877426349584,0.0671426900201505,0.09331350931281934,143
B0007,26,1.8596124644020169,92.98062322010084,4.19652461108806,1.8254369744762284,3.5657224847439295,-1.9680130544442065,39.11839966443177,31.442860781038384,3431.125,2229.579,3271.344,3297.687,6801.531000000001,10099.218,28.46161610072502,0.0671426900201505,0.09331350931281934,142
B0007,27,1.860033909718346,93.0016954859173,4.196790308710931,2.134879000684994,3.5712835067487094,-1.9675572757550353,38.68010761281634,31.32326275303232,3412.406,2211.75,3252.937,3276.515,6802.204,10078.719,28.386930544540967,0.0671426900201505,0.09331350931281934,141
B0007,28,1.8591653109160768,92.95826554580384,4.196693048697735,1.970455493406623,3.5679716274891398,-1.967618505240168,38.863045678198645,31.28571570579735,3410.688,2210.531,3251.203,3275.906,7341.469,10617.375,28.336534625568376,0.0671426900201505,0.09331350931281934,140
B0007,29,1.8481398178778288,92.40699089389143,4.197078923354,1.8132694309760007,3.5646314038791784,-1.9678214300979182,39.14531169811219,31.331850868998004,3410.718,2210.437,3250.922,3252.875,7311.281999999999,10564.157,28.23465144539435,0.0671426900201505,0.09331350931281934,139
B0007,30,1.849201702126164,92.4600851063082,4.196062203382386,2.0483657324095637,3.568983888921194,-1.9675056354779956,38.8380564174779,31.32285733932258,3392.719,2193.344,3233.641,3242.891,6901.093000000001,10143.984,28.256499193062336,0.0671426900201505,0.09331350931281934,138
B0007,31,1.8834677437950846,94.17338718975424,4.206531081984383,2.181560983985832,3.564620688944316,-1.9683447778186904,38.95965174080089,31.608436452122476,3470.672,2239.64,3289.078,3243.203,7547.2499999999945,10790.452999999994,28.319210692991568,0.0671426900201505,0.09331350931281934,137
B0007,32,1.8628211117905844,93.14105558952922,4.203187727641822,2.1177799354077496,3.5694388142217837,-1.9788067754387157,39.053875772291974,31.782101501165204,3414.109,2230.328,3251.703,3208.453,7234.438,10442.891,28.639243249958948,0.0671426900201505,0.09331350931281934,136
B0007,33,1.852085039652352,92.6042519826176,4.202997027311235,2.1637448793153697,3.568742147335628,-1.9785908218423578,38.699551697978606,31.515041989202878,3395.219,2211.64,3232.64,0.0,1674.484,1674.484,23.703554924939645,0.0671426900201505,0.09331350931281934,135
B0007,34,1.8469504648208708,92.34752324104353,4.2027504558714135,2.0456561472058055,3.5642424070467817,-1.9784335668087778,38.6052414906155,31.13866351339678,3386.0,2183.344,3223.266,3279.719,6833.937000000001,10113.656,28.734782385089698,0.0671426900201505,0.09331350931281934,134
B0007,35,1.836828431169018,91.8414215584509,4.202665067816707,2.1356202266992863,3.5653038098527605,-1.9781601679702336,38.42604747702835,31.068710515588776,3368.187,2165.234,3205.515,3256.765,6881.125,10137.89,28.82022743543977,0.0671426900201505,0.09331350931281934,133
B0007,36,1.8371619619672275,91.85809809836137,4.20243913428064,2.042987153745025,3.565432167703823,-1.9783765899690637,39.0468968949422,31.618244836823447,3368.266,2184.203,3205.031,3222.485,7429.171999999999,10651.657,28.46526973152355,0.0671426900201505,0.09331350931281934,132
B0007,37,1.8316722583718854,91.58361291859427,4.202794567899269,1.9786162394118947,3.5622303163451425,-1.9780771457931066,38.836764958613884,31.331528063668397,3358.719,2155.172,3195.25,3199.219,6833.2660000000005,10032.485,28.200378318530046,0.0671426900201505,0.09331350931281934,131
B0007,38,1.8211470951317783,91.05735475658892,4.203135326288817,2.15845357648832,3.564481026852489,-1.9780971417908424,38.49981470604549,31.132569191182142,3339.5,2136.641,3176.172,3183.969,7390.328,10574.297,28.459241345509497,0.0671426900201505,0.09331350931281934,130
B0007,39,1.816506091511515,90.82530457557574,4.202837061508687,2.092603698932653,3.561614556780574,-1.977978349880126,38.582340147970775,30.972969676157927,3331.265,2118.093,3167.687,3180.313,7281.4220000000005,10461.735,28.634605591894335,0.0671426900201505,0.09331350931281934,129
B0007,40,1.8113815601504555,90.56907800752278,4.202745735932991,2.1528886431678034,3.5630587459190144,-1.9784334957218421,38.787499833494046,31.1990648511682,3321.188,2118.188,3157.641,3157.328,6835.734000000006,9993.062000000005,28.364390089817356,0.0671426900201505,0.09331350931281934,128
B0007,41,1.8116056333939583,90.58028166969791,4.203198796599359,2.0537418826405966,3.5629534367704405,-1.9782873833989176,39.31221126031847,31.722267598269813,3321.844,2127.282,3157.875,3126.875,7475.406000000001,10602.281,28.1594205841221,0.0671426900201505,0.09331350931281934,127
B0007,42,1.8060548955557403,90.30274477778701,4.202901668731174,2.0793300586339956,3.563446012076242,-1.9781961432676651,39.40567993360536,31.900827580605675,3311.828,2118.031,3147.844,3110.688,7557.280999999999,10667.969,28.01307299015277,0.0671426900201505,0.09331350931281934,126
B0007,43,1.8132041826994056,90.66020913497029,4.196154302326916,2.0759793304520757,3.563998342345823,-1.9670969462670498,39.32802757827611,31.5372402498617,3327.391,2113.953,3168.328,3104.531,7400.250000000001,10504.781,28.536212131076272,0.0671426900201505,0.09331350931281934,125
B0007,44,1.8062641938283535,90.31320969141767,4.2044772244864275,2.0674349483094465,3.5604902283110547,-1.9781214643703728,38.6112528181758,31.24662583059252,3312.078,2099.578,3139.656,3106.906,7139.875000000001,10246.781,28.941934192718506,0.0671426900201505,0.09331350931281934,124
B0007,45,1.7958310249900458,89.79155124950229,4.20211656315423,2.037264031192436,3.5567002097886946,-1.9780364457328714,38.569726951286874,30.939399361884792,3293.172,2070.781,3120.047,3093.125,7073.093999999997,10166.218999999997,28.845042154275994,0.0671426900201505,0.09331350931281934,123
B0007,46,1.7858852600390451,89.29426300195226,4.202901194454151,2.1632674190148338,3.5584127263446006,-1.977935781469453,38.34572083526661,30.884857004354572,3275.328,2052.093,3111.25,3109.844,7695.078,10804.922,28.650268868340458,0.0671426900201505,0.09331350931281934,122
B0007,47,1.7803268604502753,89.01634302251377,4.201790697233378,2.106631526845483,3.556136820956992,-1.9780170042003,38.482540634946716,30.920682316695828,3265.016,2033.281,3091.578,3087.266,7671.719000000001,10758.985,28.293152961467708,0.0671426900201505,0.09331350931281934,121
B0007,48,1.8150756899575577,90.75378449787789,4.191916354433964,2.1809272860788376,3.568999942180493,-1.9779140108313502,41.0499421893331,33.880577817079796,3328.937,2183.641,3167.172,3056.031,7261.4839999999995,10317.515,28.158218963844206,0.0671426900201505,0.09331350931281934,120
B0007,49,1.8157025154845838,90.78512577422919,4.20342192245769,2.1773498094527195,3.571059290544873,-1.978162017642311,40.361944885615415,33.038339318294426,3329.266,2183.344,3176.61,3027.844,7777.89,10805.734,28.14052310759905,0.0671426900201505,0.09331350931281934,119
B0007,50,1.8002432178056673,90.01216089028337,4.202807443974011,2.180136101967249,3.5666921284622095,-1.9779553399945098,39.6676965288026,32.27329169539202,3301.579,2127.485,3139.063,3027.172,6919.218999999999,9946.391,28.759859696236166,0.0671426900201505,0.09331350931281934,118
B0007,51,1.7904476205609308,89.52238102804654,4.203276539809248,2.1286295199076855,3.563327431073248,-1.9779914337720734,39.481181404811096,31.937919783481355,3283.563,2099.406,3120.703,3223.188,6840.359,10063.547,30.83734369244914,0.0671426900201505,0.09331350931281934,117
B0007,52,1.780343032300132,89.0171516150066,4.202580870413733,2.155901281560187,3.5590146214829015,-1.9721889844228178,39.419051143069204,31.688686599521045,3275.125,2062.422,3102.188,3168.016,7208.156000000001,10376.172,30.256179923768244,0.0671426900201505,0.09331350931281934,116
B0007,53,1.775328769596812,88.7664384798406,4.203244171517053,2.067103728219671,3.5566945836342914,-1.9723254573804139,39.72196117128354,31.779120691032947,3265.656,2052.234,3092.312,3111.6089999999967,6645.25,9756.858999999997,29.511842412811585,0.0671426900201505,0.09331350931281934,115
B0007,54,1.7702629734732853,88.51314867366426,4.202697222668131,2.0619831864543094,3.555013984911923,-1.9668382736785281,40.041366724781085,32.133873372089305,3266.093,2042.671,3082.703,3076.218,7534.688000000001,10610.906,29.200173089787796,0.0671426900201505,0.09331350931281934,114
B0007,55,1.760081061854204,88.0040530927102,4.202581421564202,2.143037413381466,3.5526373754067415,-1.960929600351624,39.66314441864834,31.889431533099835,3257.594,2015.063,3064.688,3043.406,6934.672,9978.078,29.003660704014656,0.0671426900201505,0.09331350931281934,113
B0007,56,1.749647593537689,87.48237967688445,4.201275185814673,1.9929057988209282,3.547186025484395,-1.9607588424014128,39.84751541049116,31.81736328028127,3248.593,1996.156,3045.781,3027.75,7219.234,10246.984,29.209813810542578,0.0671426900201505,0.09331350931281934,112
B0007,57,1.749650075059311,87.48250375296554,4.202508747096239,2.0335961968180234,3.546814755244375,-1.9607439129501683,39.743357771631004,31.72316205746117,3238.766,1976.938,3036.078,3005.969,7431.078,10437.047,29.18041772363144,0.0671426900201505,0.09331350931281934,111
B0007,58,1.745028739214683,87.25143696073415,4.202333230196108,2.0213017345171265,3.5447850172972655,-1.9550964299704847,40.07246786936068,31.957150654392294,3240.14,1968.468,3018.047,2979.375,7826.452999999994,10805.827999999994,29.11844804300408,0.0671426900201505,0.09331350931281934,110
B0007,59,1.7396457455286727,86.98228727643364,4.202490707154508,2.0789964919635966,3.5465215420964156,-1.955058998571939,40.247716114003914,32.29917704213345,3230.109,1967.734,3017.671,2961.672,7843.7029999999995,10805.375,28.993570388420174,0.0671426900201505,0.09331350931281934,109
B0007,60,1.7285642277717963,86.42821138858982,4.202290557382721,1.9925354808829658,3.540832547654255,-1.9491545130405272,40.27220819224188,32.128842946565555,3229.7810000000027,1948.969,2998.3120000000054,2937.64,7748.328000000001,10685.968,28.9660427547404,0.0671426900201505,0.09331350931281934,108
B0007,61,1.723900324588418,86.1950162294209,4.20313824854604,2.14041602578448,3.542992511358393,-1.9485230174751031,39.89848456781458,32.021134355757404,3212.469,1930.875,2981.047,2932.234,7656.405999999999,10588.64,29.3765147762846,0.0671426900201505,0.09331350931281934,107
B0007,62,1.7139788776485192,85.69894388242597,4.202703239422359,2.006753861515003,3.5360811169860216,-1.9431227050969846,40.0571305311587,31.859048861486652,3213.219,1902.235,2962.204,2911.578,7824.516,10736.094,29.326964606810204,0.0671426900201505,0.09331350931281934,106
B0007,63,1.7139701997004613,85.69850998502307,4.202907102508285,2.121868132176415,3.5392436935272635,-1.9430080085541772,40.240711749549135,32.16100333536097,3203.578,1902.422,2962.328,2891.656,6899.203,9790.859,29.227532412342384,0.0671426900201505,0.09331350931281934,105
B0007,64,1.7036521173638766,85.18260586819383,4.201457080806326,2.0119648758828452,3.5348237062932575,-1.9425165961920092,40.12941739090177,32.10276048728767,3195.125,1883.766,2943.641,2863.812,7410.5470000000005,10274.359,29.12070979710154,0.0671426900201505,0.09331350931281934,104
B0007,65,1.7040137474382486,85.20068737191244,4.204304103661928,2.0744390946376323,3.5366477402090606,-1.9370190075205085,40.3959693732437,32.33880662180898,3195.3129999999946,1893.625,2943.9850000000006,2844.485,7866.5779999999995,10711.063,29.023105935768037,0.0671426900201505,0.09331350931281934,103
B0007,66,1.6935716157343033,84.67858078671516,4.20220228055958,2.188793384556236,3.5352062840980913,-1.9310192096578356,40.18751058333668,32.21373014824893,3186.297,1865.735,2925.422,2833.578,7972.437,10806.015,29.46574411938269,0.0671426900201505,0.09331350931281934,102
B0007,67,1.6876577363877656,84.38288681938828,4.202001482736379,2.1739523632140685,3.5329852237553396,-1.9304738354803441,40.14605167557969,32.09949526722965,3176.438,1836.594,2905.688,2830.234,7650.813,10481.047,29.509744013346197,0.0671426900201505,0.09331350931281934,101
B0007,68,1.6830744356583152,84.15372178291575,4.202600613133091,2.1783847786257136,3.532158560934324,-1.9305510314753316,40.18846095484838,32.11305439113157,3167.593,1827.734,2896.984,2799.719,7353.6410000000005,10153.36,29.387918001266215,0.0671426900201505,0.09331350931281934,100
B0007,69,1.6779270142025482,83.89635071012741,4.202328519159183,2.191481814157953,3.5308376380023527,-1.9247195409983122,40.2789498830108,32.20371989479744,3167.719,1818.062,2887.375,2771.765,7890.703000000001,10662.468,29.24631551480774,0.0671426900201505,0.09331350931281934,99
B0007,70,1.6732060275966172,83.66030137983086,4.202855889678493,2.1753473356526807,3.5296958440720005,-1.9245739020356052,40.310727434969614,32.23340825772458,3159.077999999994,1808.875,2878.625,2749.719,7744.906,10494.625,29.172752711612734,0.0671426900201505,0.09331350931281934,98
B0007,71,1.6674367208253988,83.37183604126994,4.202212609390717,2.1832922624558813,3.5281819372126093,-1.9243785304854075,40.31733812871393,32.212169716369466,3148.829,1799.094,2868.579,2734.203,7733.5470000000005,10467.75,29.21475971618361,0.0671426900201505,0.09331350931281934,97
B0007,72,1.6622662630667526,83.11331315333763,4.202335745153063,2.192864020990023,3.5265730179666974,-1.9184028799161776,40.332563430145015,32.21746401954225,3149.094,1780.282,2849.219,2720.531,7183.875000000001,9904.406,29.26292921590928,0.0671426900201505,0.09331350931281934,96
B0007,73,1.6574243065763063,82.87121532881531,4.201997273379946,2.1560972126643922,3.5245022548553444,-1.9181664471622712,40.431258866851486,32.23410177209762,3140.547,1771.188,2840.578,2700.953,8104.703000000001,10805.656,29.24635618901523,0.0671426900201505,0.09331350931281934,95
B0007,74,1.652538684928734,82.6269342464367,4.201599523927098,2.138540138129487,3.5228548406546385,-1.9180994998619483,40.46247985933005,32.228343983674435,3131.625,1752.812,2831.625,2685.687,8091.641,10777.328,29.246890579031508,0.0671426900201505,0.09331350931281934,94
B0007,75,1.6472174627573322,82.3608731378666,4.20196227209543,2.1646493163558524,3.5222829121237855,-1.9179522150901998,40.40103455658551,32.1833106060944,3121.907,1743.047,2821.703,2668.735,8077.125,10745.86,29.227147864241523,0.0671426900201505,0.09331350931281934,93
B0007,76,1.6364136810898071,81.82068405449036,4.202045571197949,2.1187211383693167,3.5189923820688493,-1.9116539768893375,40.4426971996319,32.17200142078129,3122.125,1724.359,2802.984,2653.359,8153.4220000000005,10806.781,29.24258075677239,0.0671426900201505,0.09331350931281934,92
B0007,77,1.6362554312048496,81.81277156024248,4.204697039833386,2.1377868706438155,3.5177844279570794,-1.9115865510736891,40.26214977673693,32.03316223587618,3121.672,1714.75,2802.25,2634.813,8171.780999999997,10806.593999999997,29.205804963938984,0.0671426900201505,0.09331350931281934,91
B0007,78,1.641119179218384,82.0559589609192,4.203964293328523,2.103155697792567,3.5212226057273495,-1.917648718820213,40.645668361956844,32.506671891788216,3120.86,1743.297,2811.657,2616.719,7812.828,10429.547,29.15027468636607,0.0671426900201505,0.09331350931281934,90
B0007,79,1.6315700789656966,81.57850394828483,4.201985395805308,2.186737546753024,3.5172227884430147,-1.9111337702474194,39.95209030011925,31.961039485620926,3103.828,1696.61,2784.391,2596.016,8211.078,10807.094,29.069744196379535,0.0671426900201505,0.09331350931281934,89
B0007,80,1.621213282987236,81.0606641493618,4.20178017149305,2.1007747911593695,3.5125010864221813,-1.9108556098369367,40.165034583244065,31.798082670491866,3095.094,1668.594,2766.063,2581.312,8137.704,10719.016,29.345336772449535,0.0671426900201505,0.09331350931281934,88
B0007,81,1.6164273214762122,80.82136607381061,4.202220537976551,2.1417010068719846,3.5129614635074673,-1.9049762303506044,40.36674175781141,31.95802833708937,3095.781,1668.437,2766.187,2606.234,8200.203000000005,10806.437000000005,29.227318696670796,0.0671426900201505,0.09331350931281934,87
B0007,82,1.615823510161921,80.79117550809605,4.2013887453306085,2.0912297625621297,3.5125204100391962,-1.9051068520548522,40.88269125311642,32.41813169746276,3094.328,1677.609,2755.922,2555.906,8249.359,10805.265,28.734579293571617,0.0671426900201505,0.09331350931281934,86
B0007,83,1.61672418029789,80.83620901489451,4.201620573144587,2.1663009505205935,3.5151454557578807,-1.9049079394753692,40.856332202254556,32.64044972789331,3086.531,1668.781,2756.922,2538.609,7669.4529999999995,10208.062,28.661365876187777,0.0671426900201505,0.09331350931281934,85
B0007,84,1.6108655863730026,80.54327931865014,4.201668680267049,2.1843637809529235,3.513443179473182,-1.898761620917719,40.778024611598504,32.56399373078006,3085.625,1658.875,2746.484,2530.563,8276.655999999999,10807.219,29.00140228722429,0.0671426900201505,0.09331350931281934,84
B0007,85,1.6006603374309376,80.03301687154688,4.202567159315787,2.113995772639173,3.5097089402574535,-1.90433828068926,40.5829305350897,32.28305350922276,3067.203,1639.796,2727.984,2538.797,8267.109,10805.906,29.537310773703567,0.0671426900201505,0.09331350931281934,83
B0007,86,1.5959174487005663,79.79587243502831,4.201472345711643,2.0287779476202195,3.5042771471756997,-1.904192698545851,40.6345689985191,32.06065237439007,3058.157,1612.203,2709.578,2524.109,8131.828000000005,10655.937000000005,29.488543232595912,0.0671426900201505,0.09331350931281934,82
B0007,87,1.5962179519462243,79.81089759731121,4.201332830124454,2.1948906641943635,3.509207943122176,-1.8982712229514884,40.75070125010339,32.365261126964526,3058.812,1612.281,2710.109,2502.234,7614.938,10117.172,29.344957303409892,0.0671426900201505,0.09331350931281934,81
B0007,88,1.5958065114633972,79.79032557316987,4.201522880341636,2.1621122251410005,3.5095064920492853,-1.8977934870545983,41.0672419235651,32.68851871366292,3058.578,1621.422,2709.719,2475.922,8329.938,10805.86,28.997287486309055,0.0671426900201505,0.09331350931281934,80
B0007,89,1.5906507821480704,79.53253910740352,4.201386492450036,2.0092802451741245,3.505203266169396,-1.9036436467205253,41.40590880756584,32.747733642524246,3049.328,1611.609,2700.203,2462.89,8343.438,10806.328,28.942764795322784,0.0671426900201505,0.09331350931281934,79
B0007,90,1.6888211161855506,84.44105580927753,4.2333254357000865,2.144268362237989,3.5281182345919753,-1.936992342648715,41.01558674901627,32.50500516961017,3177.219,1762.063,2886.625,2459.547,8285.280999999999,10744.828,29.435653039427557,0.0671426900201505,0.09331350931281934,78
B0007,91,1.6259938279733204,81.29969139866601,4.203917718634026,2.0962813773920193,3.519590928396835,-1.9233409193548265,41.31851435911838,32.91993878980996,3082.937,1705.672,2783.125,2461.0939999999973,8343.703000000009,10804.797000000006,29.629351330078233,0.0671426900201505,0.09331350931281934,77
B0007,92,1.6157433862812898,80.78716931406449,4.202046403451837,2.0376560852489356,3.5146260368096875,-1.916884219356136,41.4002950560853,32.948305858317944,3074.266,1677.672,2755.203,2547.406,8255.171999999999,10802.578,29.492381619864656,0.0671426900201505,0.09331350931281934,76
B0007,93,1.6056626764846538,80.28313382423269,4.201592874087554,2.050265845971926,3.5115494818370454,-1.910472150518363,41.2508092329952,32.76906651915661,3066.0,1649.5,2736.562,2584.781,7959.671999999994,10544.452999999994,30.056355404654543,0.0671426900201505,0.09331350931281934,75
B0007,94,1.5949746921524348,79.74873460762174,4.201214370586727,2.1421639870693685,3.510769869032659,-1.904277326283454,40.95362783962595,32.59734424608833,3056.437,1630.797,2717.422,2552.64,8148.485000000001,10701.125,29.9217154585725,0.0671426900201505,0.09331350931281934,74
B0007,95,1.5904102438871945,79.52051219435972,4.201660608337926,2.093098662464846,3.50804494279531,-1.904002494100001,40.989022190981714,32.52349894408369,3048.219,1612.0,2708.969,2517.438,8288.375,10805.813,29.685947006810565,0.0671426900201505,0.09331350931281934,73
B0007,96,1.5853517062988178,79.26758531494089,4.201750207865124,2.109503853325003,3.507748080950393,-1.9036546380501311,41.02622774121347,32.578228834731775,3039.218,1603.0,2699.797,2485.875,8207.563,10693.438,29.52893852325117,0.0671426900201505,0.09331350931281934,72
B0007,97,1.5799737147242376,78.99868573621188,4.201226117420626,2.1295447836320704,3.5066673521067266,-1.8977146678452774,41.01371342582121,32.62728298499839,3039.047,1593.203,2689.891,2467.344,8241.062000000002,10708.406,29.489260448244107,0.0671426900201505,0.09331350931281934,71
B0007,98,1.5752185465278068,78.76092732639034,4.201796973837129,2.138556110583413,3.5061843921745397,-1.8973347377958825,41.04923314430273,32.652115712561326,3030.375,1584.234,2681.453,2454.578,8350.719000000006,10805.297000000006,29.555663549954055,0.0671426900201505,0.09331350931281934,70
B0007,99,1.569798484648868,78.4899242324434,4.201200470517945,2.1437793669909317,3.5051004339266254,-1.8970045774163773,41.05277512550887,32.64767456395258,3021.0,1574.219,2671.531,2440.172,7923.438,10363.61,29.573584932950624,0.0671426900201505,0.09331350931281934,69
B0007,100,1.5702565375950357,78.51282687975178,4.201289094579205,2.199196544880164,3.5054479186890566,-1.8909127399289274,41.02092182377061,32.6993879231031,3021.75,1565.031,2662.796,2424.688,8380.405999999999,10805.094,29.574504883211656,0.0671426900201505,0.09331350931281934,68
B0007,101,1.565249873909438,78.2624936954719,4.201033482375415,2.0252901014990434,3.500074246846,-1.8968789299198896,41.34840278359994,32.724576765133094,3012.265,1555.922,2653.265,2410.875,8394.625,10805.5,29.59702533136257,0.0671426900201505,0.09331350931281934,67
B0007,102,1.559633933561147,77.98169667805736,4.201482697501314,2.0874226328484515,3.5011647157526498,-1.8964710309338209,41.23753665797544,32.70434030242972,3002.641,1546.734,2643.484,2395.188,8411.655999999999,10806.844,29.608387587301,0.0671426900201505,0.09331350931281934,66
B0007,103,1.5649820533392105,78.24910266696052,4.196165946742788,2.0863200514042264,3.500407285435189,-1.8967768141795405,41.21700308433066,32.74051962267582,3012.0,1546.422,2652.953,2391.656,7976.250000000003,10367.906000000003,29.610572699408394,0.0671426900201505,0.09331350931281934,65
B0007,104,1.57497949984227,78.7489749921135,4.205246397279064,2.0588247910323827,3.507816455272743,-1.9031485600103595,41.89753189273277,33.38712825139849,3020.11,1603.125,2680.829,2372.281,8434.437999999998,10806.719,29.581957944882603,0.0671426900201505,0.09331350931281934,64
B0007,105,1.5652811168780458,78.2640558439023,4.201509838937999,2.007722684403967,3.5025243992110107,-1.9028574663381217,41.90270996402953,33.270627344923426,3002.172000000006,1565.3910000000033,2653.452999999994,2389.734,7653.438,10043.172,29.869815946124863,0.0671426900201505,0.09331350931281934,63
B0007,106,1.559755497470126,77.9877748735063,4.201909525379603,2.190682586389996,3.505155823274424,-1.8963219640753084,41.48233804274523,33.115074143665915,2992.703,1546.141,2643.344,2428.406,8141.406,10569.812,30.28624835971873,0.0671426900201505,0.09331350931281934,62
B0007,107,1.549897685670499,77.49488428352494,4.199865517000471,2.008435320437976,3.4983646475135717,-1.908430732943726,41.641162265997195,32.90572814040102,2964.468,1527.562,2615.297,2400.172,7517.030999999999,9917.203,30.11536638731283,0.0671426900201505,0.09331350931281934,61
B0007,108,1.5438771531345021,77.1938576567251,4.2008597336564515,2.1646360641399958,3.500140843862167,-1.889754408573026,41.433877603827945,32.953112654161664,2983.375,1517.672,2614.86,2368.485,7948.921,10317.406,29.940843049405782,0.0671426900201505,0.09331350931281934,60
B0007,109,1.5450187488690073,77.25093744345037,4.20162098338246,2.0647427536919833,3.49909547013937,-1.8959167588975119,41.8543569979417,33.2282109237263,2975.297,1528.359,2616.5,2352.453,8453.656,10806.109,29.783065327576665,0.0671426900201505,0.09331350931281934,59
B0007,110,1.5445940154102908,77.22970077051454,4.201149059944848,2.170172617792397,3.5010357611640615,-1.889387844169526,41.78271326384125,33.361342590516294,2974.9850000000006,1518.6560000000027,2606.5,2332.89,7709.031000000001,10041.921,29.877944013477087,0.0671426900201505,0.09331350931281934,58
B0007,111,1.5343086721758876,76.71543360879438,4.200810741834928,2.120750718982474,3.497212315865497,-1.8889185963670394,41.62744766181303,33.12431679486816,2966.25,1500.266,2597.485,2337.859,8381.422,10719.281,30.19701485838157,0.0671426900201505,0.09331350931281934,57
B0007,112,1.5287603942958483,76.43801971479242,4.200373974181371,2.13627215665258,3.496089957852059,-1.8885071150010755,41.552128441464966,32.991553593266204,2956.359,1480.546,2577.828,2325.094,8479.625,10804.719,30.16491960110753,0.0671426900201505,0.09331350931281934,56
B0007,113,1.5289260249179843,76.44630124589922,4.201791474587699,2.0938572364769055,3.495877119417779,-1.8888180820733198,41.839167194182565,33.2318318845246,2956.344,1489.563,2577.938,2300.594,8505.093,10805.687,29.80917785848533,0.0671426900201505,0.09331350931281934,55
B0007,114,1.529091650133123,76.45458250665615,4.20067023466464,1.9959465760122976,3.493116071455022,-1.8887930414931369,42.23998716092915,33.5098123920945,2956.406,1489.984,2578.234,2290.531,7720.875000000001,10011.406,29.89283012850155,0.0671426900201505,0.09331350931281934,54
B0007,115,1.5239059324661248,76.19529662330623,4.20021831736756,2.0305769860653866,3.492655946458748,-1.888168080257056,42.040902384977116,33.382402850667845,2947.266,1471.906,2569.297,2288.125,8518.5,10806.625,30.164464056505928,0.0671426900201505,0.09331350931281934,53
B0007,116,1.5186675419100615,75.93337709550308,4.200674971032527,2.0758803797636745,3.49208824531703,-1.887904907597145,41.803429062834496,33.17829959346276,2937.984,1462.187,2559.734,2288.735,8516.828,10805.563,30.30672706771009,0.0671426900201505,0.09331350931281934,52
B0007,117,1.5136482266426952,75.68241133213476,4.200371214024706,2.0793549048242492,3.490216477408044,-1.8877303662432205,41.6886924602386,33.01591345323486,2929.125,1443.766,2550.453,2271.781,8535.437999999998,10807.219,30.109069799343242,0.0671426900201505,0.09331350931281934,51
B0007,118,1.5136050185229033,75.68025092614516,4.200965645223048,2.0585109366080414,3.4905931958620466,-1.8878077163294114,41.988171601182124,33.271000362987586,2928.454,1452.907,2550.391,2251.516,8554.031,10805.547,29.88284075789973,0.0671426900201505,0.09331350931281934,50
B0007,119,1.5139470614867965,75.69735307433983,4.201492773602507,2.0253107306977376,3.4911419366203664,-1.887674933393443,42.33252236723314,33.61966967517867,2929.375,1453.234,2550.984,2237.75,8272.703,10510.453,29.8612751603721,0.0671426900201505,0.09331350931281934,49
B0007,120,1.5339599193158786,76.69799596579394,4.192768207316796,2.0069579017420067,3.49283645226053,-1.901022727285377,41.63553796804361,33.29697162630193,2946.031,1480.969,2587.516,2239.359,7963.4220000000005,10202.781,30.190535444314815,0.0671426900201505,0.09331350931281934,48
B0007,121,1.5391372798653098,76.95686399326549,4.204602036514753,2.19792648712031,3.5025157522808223,-1.8951144121477894,41.470498076928735,33.393130865360554,2955.438,1508.984,2596.656,2246.203,7894.655999999997,10140.858999999997,30.51470759808182,0.0671426900201505,0.09331350931281934,47
B0007,122,1.5236247972838737,76.18123986419369,4.200995491738166,2.0299415196572554,3.492953565598811,-1.8941478117057606,41.54038193238441,33.13820710362847,2937.625,1471.703,2568.922,2319.828,8020.844000000001,10340.672,30.118986881967757,0.0671426900201505,0.09331350931281934,46
B0007,123,1.5135813035589147,75.67906517794573,4.201036137691208,2.1171503915767786,3.4917462636517236,-1.8875042014728922,41.13947017697289,32.84069778843796,2929.078,1443.875,2550.547,2309.719,8390.343999999994,10700.062999999995,30.279995940987064,0.0671426900201505,0.09331350931281934,45
B0007,124,1.5077850749847914,75.38925374923957,4.200762329918291,2.1309899052747716,3.490432264232956,-1.8871434043422721,41.09041922644824,32.75739655594484,2918.375,1433.516,2540.235,2273.359,8355.579,10628.938,29.884417292240713,0.0671426900201505,0.09331350931281934,44
B0007,125,1.5031960676037333,75.15980338018666,4.201013677167557,2.1294318317485654,3.488861416967918,-1.8807630082774924,41.10034021580957,32.77234087259374,2919.812,1425.156,2532.016,2241.047,8566.062,10807.109,29.63090988603296,0.0671426900201505,0.09331350931281934,43
B0007,126,1.4978220596995881,74.89110298497941,4.200439147859412,2.164511453629433,3.4891932104785104,-1.886419275237733,41.03075447325996,32.720417557744895,2900.422,1415.766,2522.516,2224.265,8498.25,10722.515,29.598129752060995,0.0671426900201505,0.09331350931281934,42
B0007,127,1.492848534633516,74.6424267316758,4.200264786461796,2.1743012710834013,3.4878785713375917,-1.8800039366336023,40.99688397371006,32.710022803073514,2901.375,1406.016,2513.532,2207.562,8565.407,10772.969,29.564284108505642,0.0671426900201505,0.09331350931281934,41
B0007,128,1.492414389867026,74.62071949335129,4.200151660684939,2.1928976284966537,3.486430546073901,-1.8733366537372407,40.88481342461614,32.62076759783716,2901.187,1386.875,2503.218,2193.9839999999967,8551.735,10745.718999999997,29.569686993063936,0.0671426900201505,0.09331350931281934,40
B0007,129,1.487482776538081,74.37413882690404,4.200453152662228,2.0298495899147295,3.4812572775226682,-1.879702248133121,41.09400879501426,32.57651826255201,2891.64,1377.437,2493.89,2176.781,8630.312999999998,10807.094,29.477071860791316,0.0671426900201505,0.09331350931281934,39
B0007,130,1.482535148640411,74.12675743202055,4.200291122451955,2.0959492247836815,3.4823550791204023,-1.8790751470067306,41.01377835587309,32.58396494906228,2882.906,1377.922,2485.312,2160.031,7953.61,10113.641,29.374914905673503,0.0671426900201505,0.09331350931281934,38
B0007,131,1.4827874322228984,74.13937161114492,4.199877643371451,2.177723491219515,3.4835074286280525,-1.8728728303565048,40.90635248178393,32.623742674615976,2883.265,1368.515,2475.672,2155.047,8430.765,10585.812,29.358312360503618,0.0671426900201505,0.09331350931281934,37
B0007,132,1.476971179775059,73.84855898875296,4.200436806124781,2.056251340337525,3.478976541530706,-1.8726786421400121,41.06596192416311,32.58599202496769,2882.969,1359.0,2465.594,2142.734,8663.828,10806.562,29.383571730227782,0.0671426900201505,0.09331350931281934,36
B0007,133,1.4819015554137276,74.09507777068637,4.193077426787744,2.1512510632923165,3.483501191305966,-1.872734820116884,40.84520330629611,32.864544723781215,2891.656,1378.094,2484.672,2128.547000000006,8676.733999999997,10805.281000000003,29.380641256719517,0.0671426900201505,0.09331350931281934,35
B0007,134,1.4981366198874824,74.90683099437412,4.203372086437543,2.1693699073642034,3.4899701994096612,-1.8800362373714223,41.12807910254104,33.079651096902374,2901.25,1415.578,2513.375,2122.781,8610.61,10733.391,29.307071169348962,0.0671426900201505,0.09331350931281934,34
B0007,135,1.4820775214392872,74.10387607196436,4.202065190134895,2.116759239247948,3.484801138956006,-1.8730214281226414,41.094988453128494,32.932141650182686,2891.703,1386.797,2484.344,2140.516,8665.031,10805.547,29.669057228550887,0.0671426900201505,0.09331350931281934,33
B0007,136,1.4771155312812152,73.85577656406076,4.200086642861885,2.009424225590032,3.47835437960934,-1.8725486136074456,41.11877573165318,32.755748003791545,2883.016,1358.703,2475.25,2201.469,8549.797000000002,10751.266000000003,30.05088773324804,0.0671426900201505,0.09331350931281934,32
B0007,137,1.4720772783056488,73.60386391528245,4.199758658258613,2.0034792344341588,3.475694933923807,-1.8724613181992062,40.980034990626955,32.52965474617847,2873.453,1340.016,2456.453,2145.922,8659.703,10805.625,29.64944323132459,0.0671426900201505,0.09331350931281934,31
B0007,138,1.472248013656454,73.6124006828227,4.199843161074874,2.172988732474185,3.481431873453954,-1.8659419458758726,41.017509953482886,32.848065199041,2874.031,1349.875,2456.937,2122.719,8683.953000000001,10806.672,29.390818858325176,0.0671426900201505,0.09331350931281934,30
B0007,139,1.4670106672274665,73.35053336137332,4.200352076636086,2.087464676179042,3.4796060336232353,-1.865786095147701,41.299420742573055,33.072327061961936,2874.234,1349.984,2457.094,2110.281,8392.171999999999,10502.453,29.386940749297114,0.0671426900201505,0.09331350931281934,29
B0007,140,1.4617672495335379,73.08836247667689,4.200169604165679,2.110564313669325,3.4782258967329596,-1.8654605849037513,41.105738037939375,32.85096451719535,2864.984,1331.016,2447.687,2107.938,8581.280999999999,10689.219,29.732600284223718,0.0671426900201505,0.09331350931281934,28
B0007,141,1.4566952670489708,72.83476335244853,4.199911577879335,2.0724687293779813,3.4743233868367187,-1.865134613881632,40.87704013237699,32.572302329954546,2855.093,1312.734,2428.875,2104.391,8332.062999999998,10436.453999999998,29.774982060233484,0.0671426900201505,0.09331350931281934,27
B0007,142,1.451354972758956,72.5677486379478,4.199564012073342,2.1253826973270513,3.4737305453330443,-1.858515986418667,40.730219862268235,32.450684441760906,2855.625,1302.688,2419.188,2082.422,8110.8279999999995,10193.25,29.490551964069194,0.0671426900201505,0.09331350931281934,26
B0007,143,1.451615926257375,72.58079631286874,4.199951033620322,2.1147331324879475,3.47481272321405,-1.8588972649148483,41.03226257370644,32.7394359440147,2855.594,1302.64,2419.0,2062.828,8670.875,10733.703,29.190163881380066,0.0671426900201505,0.09331350931281934,25
B0007,144,1.4468161332173683,72.34080666086842,4.19995987158867,2.1738445330859366,3.476096426841386,-1.8581969672334215,40.89527781087817,32.775898242252914,2847.437,1303.078,2410.5,2047.781,8600.030999999999,10647.812,29.208672053167405,0.0671426900201505,0.09331350931281934,24
B0007,145,1.4467570607768785,72.33785303884392,4.200414702164272,1.9947266977360072,3.4686822529487804,-1.8581200056254086,41.02491521192672,32.5817324044051,2847.36,1284.532,2401.157,2051.485,8569.75,10621.235,29.453610291006044,0.0671426900201505,0.09331350931281934,23
B0007,146,1.4413797481446793,72.06898740723396,4.199552965128597,2.0033802121225017,3.4661964701943586,-1.8577209868352302,40.815968345794715,32.35021153014993,2837.328,1274.578,2391.141,2042.5,7927.077999999994,9969.577999999994,29.4002159239623,0.0671426900201505,0.09331350931281934,22
B0007,147,1.4362456252208178,71.8122812610409,4.199706970400125,2.116470909151213,3.468183423895935,-1.8512458354075154,40.65138669632271,32.28754240914786,2837.281,1265.421,2381.953,2025.047,8476.046999999999,10501.094,29.113406673153683,0.0671426900201505,0.09331350931281934,21
B0007,148,1.4368154153924828,71.84077076962414,4.199300346769649,2.051877342511651,3.4678606629897453,-1.8514531972432,40.965385542419945,32.603239183227075,2838.515,1265.453,2382.297,2007.297,8563.438,10570.735,28.907801618466582,0.0671426900201505,0.09331350931281934,20
B0007,149,1.4362945145860047,71.81472572930024,4.200086391757318,2.003221375307111,3.4662499547181245,-1.8574211435317929,41.11319128215138,32.61208344144242,2828.328,1265.547,2382.203,1996.922,8807.842999999999,10804.765,28.99403425065165,0.0671426900201505,0.09331350931281934,19
B0007,150,1.4418575315878015,72.09287657939008,4.189989265375979,1.9865974995249178,3.462469269360201,-1.857823928669184,40.78738321989129,32.26742656599958,2838.265,1256.281,2392.093,2002.875,8034.625,10037.5,29.23623523004328,0.0671426900201505,0.09331350931281934,18
B0007,151,1.4672063484781797,73.36031742390898,4.202670619155847,2.1908121182442706,3.480518309485383,-1.8658259561850365,40.73001188190229,32.637733704417855,2864.547,1330.891,2447.266,1997.86,8557.265,10555.125,29.260162178612,0.0671426900201505,0.09331350931281934,17
B0007,152,1.4518640367848885,72.59320183924443,4.199186500777735,2.033261415031626,3.4723137993738336,-1.8647784241320742,40.990354594470126,32.665258715232376,2846.39,1302.718,2420.015,1984.625,8822.703,10807.328,28.954663869279074,0.0671426900201505,0.09331350931281934,16
B0007,153,1.4471379752748499,72.35689876374249,4.199638763972608,2.19135439601875,3.474362108592906,-1.8578958465335809,40.62521315513875,32.502652632323915,2837.969,1284.25,2410.953,2088.984,8701.078999999994,10790.062999999995,29.42943562413917,0.0671426900201505,0.09331350931281934,15
B0007,154,1.441790586562399,72.08952932811995,4.200028390360542,2.1840705012733683,3.4722823212388754,-1.8511947629213035,40.58944296824891,32.446842086875606,2838.156,1274.594,2391.906,2061.609,8513.032,10574.641,29.365754863674997,0.0671426900201505,0.09331350931281934,14
B0007,155,1.431630947911111,71.58154739555555,4.199347098159206,2.1664368343684446,3.4701761898320465,-1.8509042611451945,40.584393586876246,32.39361892904713,2829.843,1256.062,2382.984,2029.75,8044.359,10074.109,29.18156159876141,0.0671426900201505,0.09331350931281934,13
B0007,156,1.4318084249673686,71.59042124836843,4.199148920577739,1.987193667465448,3.4635011119445216,-1.850858274670624,40.884444140401214,32.417221778010834,2829.625,1247.281,2373.703,2012.969,8410.078000000001,10423.047,29.11061940894592,0.0671426900201505,0.09331350931281934,12
B0007,157,1.4262562585106868,71.31281292553435,4.199648027535327,2.1314172797434523,3.467453100453348,-1.8504182940365097,40.65159637790841,32.40094040453025,2819.437,1246.719,2373.156,1994.406,8539.64,10534.046,29.06555232624057,0.0671426900201505,0.09331350931281934,11
B0007,158,1.4260877528924913,71.30438764462457,4.1991931757384515,2.188995882590831,3.4675864728547845,-1.8436892876926974,40.53138082339522,32.36314241861482,2819.579,1237.125,2363.485,1990.953,8275.859000000006,10266.812000000005,29.04585339751556,0.0671426900201505,0.09331350931281934,10
B0007,159,1.4212633510031694,71.06316755015847,4.199053572226856,2.0322464946417114,3.462182535852444,-1.8498733070449755,40.821433488540606,32.382600705235255,2810.672,1228.125,2354.687,1976.5,8591.609,10568.109,29.05618290210888,0.0671426900201505,0.09331350931281934,9
B0007,160,1.4163272748795108,70.81636374397554,4.199879744716988,2.1695130053947387,3.465962999117946,-1.8432877207292044,40.643362943412974,32.4323818014572,2811.485,1228.422,2345.813,1963.109,8835.234999999999,10798.344,28.98532286604206,0.0671426900201505,0.09331350931281934,8
B0007,161,1.4165781829175994,70.82890914587998,4.1986801794397035,1.9917978280585305,3.4601727514874407,-1.8494580225090995,40.97063567014205,32.48861829940489,2802.422,1218.484,2346.016,1958.0,8321.047,10279.047,29.02814341192068,0.0671426900201505,0.09331350931281934,7
B0007,162,1.4108401729425177,70.54200864712588,4.199235005181635,2.1534486462617073,3.464226115253961,-1.8426221358637018,40.74888323397497,32.524062377970175,2801.625,1218.641,2336.094,1947.093,8352.296999999999,10299.39,29.06882936597328,0.0671426900201505,0.09331350931281934,6
B0007,163,1.4109949628347804,70.54974814173902,4.198950996279868,2.0101572712330453,3.458799193390812,-1.8427098003104345,40.93461596721165,32.482615965621896,2802.031,1209.031,2326.75,1946.687,8596.390999999994,10543.077999999994,29.11731427294074,0.0671426900201505,0.09331350931281934,5
B0007,164,1.4061714290398801,70.30857145199401,4.199393701075195,2.132718741006573,3.4620805499710854,-1.842239518040086,40.74175890345818,32.46389583182878,2793.39,1209.078,2327.578,1934.64,8495.469000000001,10430.109,29.085224991378187,0.0671426900201505,0.09331350931281934,4
B0007,165,1.4063358479692922,70.31679239846461,4.198994975977764,2.0114763339798887,3.4578782949034514,-1.842252843487983,41.00964443691023,32.55681404542561,2793.39,1199.984,2318.109,1927.938,8226.155999999999,10154.094,29.021049593818244,0.0671426900201505,0.09331350931281934,3
B0007,166,1.4004552399066514,70.02276199533257,4.198421699164089,2.1610456063312298,3.461590937144894,-1.8356063485512333,40.80558697887537,32.576296430484255,2792.485,1190.079,2316.938,1918.281,8398.625,10316.906,29.067548735124177,0.0671426900201505,0.09331350931281934,2
B0007,167,1.4217865046055154,71.08932523027576,4.188887274283021,2.0143553387267827,3.462906230864041,-1.8561013515700384,40.92586026351328,32.81804879809979,2802.016,1237.484,2355.609,1916.609,8654.780999999999,10571.39,29.14009489190413,0.0671426900201505,0.09331350931281934,1
B0007,168,1.4324552720625434,71.62276360312717,4.2050716026539625,2.1732119934933296,3.4753580425264796,-1.8574370794605966,40.57390100608222,32.92941193334214,2820.39,1284.453,2383.953,1904.297,7988.0779999999995,9892.375,29.16287926072855,0.0671426900201505,0.09331350931281934,0
B0018,1,1.8550045207910817,92.75022603955408,4.188195942647034,2.4721608434600437,3.5275462263272543,-1.9541761960216968,38.10180309676608,31.773285281389256,3434.891,1926.797,3176.094,559.047,7563.7970000000005,8122.844,26.713023146449622,0.06606850271516486,0.08895885074391789,96
B0018,2,1.8431955317089987,92.15977658544993,4.186703558364525,2.4114381994148304,3.534835576186522,-1.9474374301153292,38.14987995994155,31.924891594728642,3425.485,1979.532,3173.969,3102.547,7702.218999999999,10804.766,28.630657651876884,0.06606850271516486,0.08895885074391789,95
B0018,3,1.8396018424355423,91.98009212177712,4.188811210133346,2.394395968141027,3.538246596159443,-1.9520511323479741,37.5266914843442,31.31691283374216,3410.375,1992.344,3167.094,3104.0310000000027,7702.360000000001,10806.391000000003,28.510311181520592,0.06606850271516486,0.08895885074391789,94
B0018,4,1.8306736044962053,91.53368022481027,4.188875360300162,2.3999481734774424,3.537697945111872,-1.9460914562122762,37.06279237079503,30.821190751176527,3404.719,1985.953,3159.703,3082.047,7723.905999999999,10805.953,27.94743032564124,0.06606850271516486,0.08895885074391789,93
B0018,5,1.8327002069419656,91.63501034709827,4.189908817357781,2.3851461229395867,3.542667604586918,-1.9412796601390512,38.2110354381278,31.95346971511436,3417.641,2037.25,3160.578,3052.734,7753.859999999999,10806.594,28.182349581908053,0.06606850271516486,0.08895885074391789,92
B0018,6,1.8285288846046388,91.42644423023194,4.190509582057232,2.3716770708389117,3.5451037330477333,-1.9400338819083036,38.17496505957075,32.02311236185272,3411.766,2051.594,3153.687,3111.454,7693.389999999999,10804.844,36.186651345077465,0.06606850271516486,0.08895885074391789,91
B0018,7,1.8212011895697924,91.06005947848962,4.1903241054041,2.4964491577040793,3.5475142438631493,-1.9335667184847714,37.64038685475582,31.634533158077694,3399.516,2031.625,3139.813,3096.7350000000006,7709.5,10806.235,36.13935430758997,0.06606850271516486,0.08895885074391789,90
B0018,8,1.8151700106433282,90.75850053216641,4.190302498850287,2.4374506721131883,3.544812433691423,-1.9332161326561408,37.37602884738843,31.288194921595714,3388.75,2013.484,3128.218,3062.437,7745.094000000001,10807.531,35.46420583269735,0.06606850271516486,0.08895885074391789,89
B0018,9,1.8042980520967649,90.21490260483824,4.188517549229078,2.4152206992194847,3.5434780274164095,-1.9325959489970461,37.28928029078695,31.11122470608501,3380.406,2005.156,3117.703,3042.266,7764.7970000000005,10807.063,35.219777661310665,0.06606850271516486,0.08895885074391789,88
B0018,10,1.8231002302844226,91.15501151422113,4.191794143442699,2.377432309524995,3.543133206790044,-1.9387520938161948,37.52377766578506,31.13166983979621,3404.141,2025.485,3150.657,2971.141,7834.75,10805.891,27.55080800546333,0.06606850271516486,0.08895885074391789,87
B0018,11,1.8121253520255494,90.60626760127747,4.190699409462101,2.3887487262583647,3.545155146280937,-1.9319248326301843,37.72420412562674,31.51305775907457,3396.141,2027.641,3130.532,3075.406,7730.625000000001,10806.031,35.44332890427652,0.06606850271516486,0.08895885074391789,86
B0018,12,1.8046916382117766,90.23458191058883,4.1902633112754275,2.432289857016922,3.545032366549762,-1.9249594896453863,37.41366095304306,31.31102568785445,3384.094,2007.781,3117.031,3058.438,7584.545999999997,10642.983999999997,35.51794239177923,0.06606850271516486,0.08895885074391789,85
B0018,13,1.790844349786295,89.54221748931475,4.18970538556629,2.497495633221204,3.5440892170496827,-1.9179528942264992,36.94724908852665,30.893964711700164,3370.656,1977.766,3092.266,3023.266,7747.9220000000005,10771.188,35.081542638352914,0.06606850271516486,0.08895885074391789,84
B0018,14,1.783470722841926,89.1735361420963,4.188354430914051,2.478768686108376,3.541317108618481,-1.917373033348097,36.707091312059944,30.540598970902945,3357.797,1956.766,3078.141,2983.718,7810.688000000001,10794.406,34.460585087793035,0.06606850271516486,0.08895885074391789,83
B0018,15,1.7809386125310702,89.04693062655352,4.193543208571066,2.3858494078680206,3.541197979542517,-1.9180652422275581,37.13061214416645,30.82566018736547,3363.015,1975.5,3081.453,2938.313,7870.359,10808.672,27.33771267675062,0.06606850271516486,0.08895885074391789,82
B0018,16,1.771209039672698,88.5604519836349,4.190238041929225,2.372854084449551,3.541255460524434,-1.9106033469326071,37.686600065941576,31.451400678644536,3357.734,1970.547,3064.094,2964.656,7824.172,10788.828,34.69043264785862,0.06606850271516486,0.08895885074391789,81
B0018,17,1.7686303996707076,88.43151998353538,4.19075698083662,2.4086912736769084,3.5427478949705886,-1.909404549449075,37.633580732302406,31.518847747922937,3344.187,1964.312,3050.031,2955.172,7734.421999999999,10689.594,35.105681007040275,0.06606850271516486,0.08895885074391789,80
B0018,18,1.7536304801917124,87.68152400958562,4.189715378549557,2.496331992137246,3.541251093602656,-1.8960567702455413,37.15252578645951,31.11237289077096,3339.969,1931.453,3033.234,2928.297000000006,7742.375,10670.672000000006,35.05533549707359,0.06606850271516486,0.08895885074391789,79
B0018,19,1.7462197416415093,87.31098708207547,4.187635645163932,2.4199896352919668,3.5350260562177453,-1.8948411660605735,36.78829001793698,30.586452588663985,3327.641,1890.203,3008.75,2887.984,7768.281999999999,10656.266,34.25023256471148,0.06606850271516486,0.08895885074391789,78
B0018,20,1.7376647337053737,86.88323668526868,4.191004692440202,2.3587321881999297,3.5326627624319777,-1.90021436299665,36.541146197392216,30.242913021104116,3312.844,1868.578,2992.828,2843.032,7965.203,10808.235,27.30484922551561,0.06606850271516486,0.08895885074391789,77
B0018,21,1.7315166735475835,86.57583367737918,4.1906972904216495,2.4458096660548825,3.5333109441755526,-1.8936767267608487,36.372087786130464,30.10270376338569,3302.031,1852.906,2980.5,2842.235,7964.483999999999,10806.719,33.74508513415117,0.06606850271516486,0.08895885074391789,76
B0018,22,1.7085949894470602,85.42974947235301,4.185877977731026,2.3808537751929744,3.52738705832889,-1.8739718829459886,36.52608510498833,30.251184852221932,3305.547,1828.563,2950.016,2805.594,6896.406,9702.0,33.43044436107721,0.06606850271516486,0.08895885074391789,75
B0018,23,1.711469957068211,85.57349785341056,4.188109147549676,2.436955746154759,3.5296025965720452,-1.8791764961687347,36.476252762052624,30.212407704391104,3289.562,1815.719,2943.531,2791.422,8014.891,10806.313,33.17568639783767,0.06606850271516486,0.08895885074391789,74
B0018,24,1.7075021373272627,85.37510686636314,4.188302415854336,2.4671365731790713,3.5289707694229833,-1.8780560689384003,36.377208902376694,30.125011009636175,3283.797,1804.328,2936.328,2763.5939999999973,8003.578000000009,10767.172000000006,33.257530217998394,0.06606850271516486,0.08895885074391789,73
B0018,25,1.7492382064360228,87.46191032180114,4.18962510592865,2.4129371999368505,3.5322741848919814,-1.8993718818269214,36.64000948247426,30.22428629982563,3325.235,1863.422,3009.36,2689.015,8117.125,10806.14,26.463639728406417,0.06606850271516486,0.08895885074391789,72
B0018,26,1.7327697147429955,86.63848573714978,4.190150750158746,2.3497771039810256,3.532438322521663,-1.8926958551018211,37.38165499248184,30.976376254737342,3317.547,1870.953,2989.641,2848.625,7797.156000000001,10645.781,33.774954623752556,0.06606850271516486,0.08895885074391789,71
B0018,27,1.7222313328292376,86.11156664146188,4.189151018945234,2.4904700018477026,3.5363211310943603,-1.8783667048362822,37.59824760372582,31.41570291330098,3311.766,1867.891,2970.75,2831.031,7723.875000000001,10554.906,34.42643355981792,0.06606850271516486,0.08895885074391789,70
B0018,28,1.711846298984729,85.59231494923645,4.189631312089484,2.4650908929255406,3.533535274219931,-1.870834339681941,37.560555155163414,31.383299841535273,3305.218,1844.484,2941.171,2797.797,7681.5779999999995,10479.375,34.35860472854562,0.06606850271516486,0.08895885074391789,69
B0018,29,1.699267835126687,84.96339175633435,4.187690359657657,2.363133281953362,3.527012841842043,-1.8696567234639716,37.52114200586718,31.167937826253635,3295.453,1807.359,2918.297,2764.875,7757.188,10522.063,34.2024080930246,0.06606850271516486,0.08895885074391789,68
B0018,30,1.6940366439243106,84.70183219621553,4.190215357888677,2.4790616361836206,3.52925730014011,-1.8623726014599724,37.21887096740918,30.994690437264207,3287.0,1791.906,2908.188,2718.641,8045.7029999999995,10764.344,27.962964696959556,0.06606850271516486,0.08895885074391789,67
B0018,31,1.6819027078768087,84.09513539384044,4.189776104976122,2.491905723274248,3.527821497534469,-1.8547843408980225,37.33441415744885,31.055317978554886,3276.922,1765.953,2885.828,2704.984,7851.093999999999,10556.078,33.690112246938114,0.06606850271516486,0.08895885074391789,66
B0018,32,1.6769770618433686,83.84885309216843,4.189846430994002,2.4337177596826547,3.525692957415014,-1.8538766950740675,37.7331798444306,31.373945543706103,3268.687,1762.515,2865.109,2673.609,7873.0779999999995,10546.687,33.65112802729902,0.06606850271516486,0.08895885074391789,65
B0018,33,1.6655229306478936,83.27614653239468,4.188109551881256,2.4424506461535755,3.5243962482347273,-1.845735037450336,37.84649344841882,31.56128410753226,3260.594,1748.422,2844.344,2664.922,7812.280999999999,10477.203,34.065730915484814,0.06606850271516486,0.08895885074391789,64
B0018,34,1.6571924575832084,82.85962287916043,4.186368648390758,2.4383419399858552,3.520797576383474,-1.8382538558498933,37.670164941661795,31.318474723902874,3258.812,1718.937,2828.953,2642.468,7856.124999999994,10498.592999999993,34.043826750742646,0.06606850271516486,0.08895885074391789,63
B0018,35,1.6482241555294048,82.41120777647023,4.1901657245031085,2.4157245398944123,3.519457281260753,-1.8435676915974055,37.53185198546868,31.104012325043946,3243.422,1707.141,2823.453,2580.813,8136.187,10717.0,28.007672950138677,0.06606850271516486,0.08895885074391789,62
B0018,36,1.6387701497987262,81.93850748993631,4.189966178473989,2.323395712524894,3.513165600287965,-1.83704467002657,37.593333753421376,30.989730398009076,3236.515,1678.046,2789.562,2586.938,7997.8279999999995,10584.766,33.6468535523426,0.06606850271516486,0.08895885074391789,61
B0018,37,1.6276486907262062,81.38243453631031,4.188259618341401,2.4985039496028567,3.517217159454334,-1.8211904293154166,37.361410110678264,30.967851972472324,3230.734,1650.641,2773.984,2559.828,7965.813,10525.641,33.54043034547115,0.06606850271516486,0.08895885074391789,60
B0018,38,1.62215370227252,81.107685113626,4.1897400575765795,2.350237238739749,3.5120091114107965,-1.8270453339799269,37.899803246715464,31.285342046153826,3222.093,1645.765,2763.172,2521.281,8122.844,10644.125,33.06778657550314,0.06606850271516486,0.08895885074391789,59
B0018,39,1.6140066510467586,80.70033255233793,4.1862359225351335,2.3337740352348813,3.50911052654104,-1.819052179250902,38.03149707759718,31.41096207271253,3220.344,1628.078,2737.25,2514.656,7937.86,10452.516,33.705774688469276,0.06606850271516486,0.08895885074391789,58
B0018,40,1.6760516154424623,83.80258077212311,4.189625262426538,2.317647291087635,3.516106699716392,-1.8693745969498121,37.42220155418978,30.755137125871208,3250.75,1724.796,2859.093,2451.797,8358.655999999999,10810.453,26.955933357562675,0.06606850271516486,0.08895885074391789,57
B0018,41,1.649300642552199,82.46503212760994,4.186586244011676,2.492394514304757,3.519010068254593,-1.839770443871628,37.32511174435206,30.977446633931525,3239.344,1695.219,2811.079,2651.875,7829.687,10481.562,34.02194588179759,0.06606850271516486,0.08895885074391789,56
B0018,42,1.63238299185809,81.6191495929045,4.189366482043888,2.372828310153791,3.5124212742229295,-1.837963396328485,37.31088262198154,30.800512192698992,3222.25,1658.329,2780.485,2575.828,7847.390999999998,10423.218999999997,33.35597362804456,0.06606850271516486,0.08895885074391789,55
B0018,43,1.6164159719025777,80.82079859512888,4.188553804618968,2.3560703177076867,3.50815215295169,-1.8296109578903785,37.232346556887364,30.616192795676138,3206.157,1626.954,2751.485,2529.875,7945.218999999999,10475.094,33.32080982918044,0.06606850271516486,0.08895885074391789,54
B0018,44,1.6109028378249377,80.54514189124689,4.188764708195774,2.4644431530094417,3.508648568515266,-1.8210831511954937,36.94850857727268,30.399839302766903,3197.969,1589.0,2729.375,2484.984,8104.375,10589.359,33.04861913599422,0.06606850271516486,0.08895885074391789,53
B0018,45,1.5954638693695657,79.77319346847828,4.188636968174337,2.4195167274486726,3.5051993439595477,-1.8199201144788144,37.002663545357386,30.38386825126278,3181.625,1569.469,2701.219,2398.922,8382.828,10781.75,27.096149354299882,0.06606850271516486,0.08895885074391789,52
B0018,46,1.726707440085764,86.3353720042882,4.188466199744378,2.3422406504312434,3.523165280193865,-1.8951156248467713,36.71025442949399,30.576239500422748,3302.36,1840.219,2976.672,2424.312,2367.063,4791.375,23.191779614571548,0.06606850271516486,0.08895885074391789,51
B0018,47,1.7165673917429753,85.82836958714877,4.189570916346704,2.3755467142668496,3.527269876472835,-1.8867694858233446,36.72807623650589,30.705906284556665,3285.812,1816.078,2959.109,6.859,4576.11,4582.969,23.191779614571548,0.06606850271516486,0.08895885074391789,50
B0018,48,1.6958235570934848,84.79117785467423,4.189584987657955,2.4146291375325917,3.526762654741574,-1.8786631828974334,36.72959308355185,30.62583594950684,3260.016,1774.031,2921.0,2925.735,7259.2029999999995,10184.938,33.757969974021854,0.06606850271516486,0.08895885074391789,49
B0018,49,1.6777783190792557,83.88891595396278,4.189371286385834,2.3844645496129964,3.523020179476104,-1.8704748023295987,36.787462351640364,30.597357068657974,3240.031,1737.437,2877.531,2853.2339999999967,7377.031000000003,10230.265,33.625519091278925,0.06606850271516486,0.08895885074391789,48
B0018,50,1.6606586897774192,83.03293448887096,4.187606340824144,2.398646371281655,3.519792345798265,-1.8562833971202242,36.75689163314213,30.528493896066262,3232.265,1700.234,2845.203,2779.609,7434.266,10213.875,33.505246143795205,0.06606850271516486,0.08895885074391789,47
B0018,51,1.6664109274827466,83.32054637413732,4.188829347125095,2.4557130111721626,3.5251014582287223,-1.8625354754370638,37.350157630970955,31.203754246103966,3232.031,1728.125,2866.938,2726.359,7585.359,10311.718,33.452138115876444,0.06606850271516486,0.08895885074391789,46
B0018,52,1.6468336174407805,82.34168087203902,4.189202115880737,2.323665882820083,3.518519199837846,-1.8606833274060013,37.48126030855565,31.172639449335037,3209.5149999999994,1700.328,2831.625,2633.438,7715.171,10348.609,28.185142005058786,0.06606850271516486,0.08895885074391789,45
B0018,53,1.6257639928779952,81.28819964389976,4.186778882107656,2.488054079510012,3.5190801794284594,-1.8383636766891702,37.125443897626305,30.96825922704022,3196.125,1658.781,2782.313,2696.687,7624.375,10321.062,33.918176877050485,0.06606850271516486,0.08895885074391789,44
B0018,54,1.6121577411874595,80.60788705937297,4.187888599491238,2.3306937114568003,3.5114167272902406,-1.8436958588115397,37.19112571388883,30.821704306343133,3172.562,1619.359,2757.328,2649.797,6543.530999999999,9193.328,34.02461783742734,0.06606850271516486,0.08895885074391789,43
B0018,55,1.6057366823755344,80.28683411877672,4.18915752014188,2.389399831578687,3.5108038681605738,-1.8362729789790888,37.17642722353301,30.765219721637393,3172.735,1602.922,2745.203,2596.375,6586.125,9182.5,33.243843128574326,0.06606850271516486,0.08895885074391789,42
B0018,56,1.673645314879889,83.68226574399445,4.191289655270872,2.4864200723178747,3.51432611790755,-1.864690278795044,37.11936678632194,30.809988428281613,3238.109,1679.516,2853.953,2559.172,7795.264999999999,10354.437,33.44305057974552,0.06606850271516486,0.08895885074391789,41
B0018,57,1.6404348572349936,82.02174286174969,4.190628233635541,2.4673631110639858,3.5196664048265607,-1.8572649157581866,37.2702464066457,31.039033590700278,3191.063,1661.797,2805.406,2455.297,8064.718999999999,10520.016,27.72567274997729,0.06606850271516486,0.08895885074391789,40
B0018,58,1.6132653317422077,80.66326658711039,4.189158279329032,2.375173080957567,3.512403849382274,-1.8483454421357695,37.39550861947664,31.04176453157222,3165.828,1622.813,2756.578,7.171999999999997,1848.484,1855.656,23.11320544763696,0.06606850271516486,0.08895885074391789,39
B0018,59,1.5920964324686278,79.60482162343139,4.185868202467219,2.371626022111289,3.5077862234460104,-1.839168422289249,37.378956702246384,30.959784195511766,3140.407,1581.141,2718.157,2686.281,7454.625000000001,10140.906,33.74743127597816,0.06606850271516486,0.08895885074391789,38
B0018,60,1.5866011820698824,79.33005910349412,4.186906972044146,2.463955873060647,3.5076596102713244,-1.8303326102702338,37.245718322158105,30.843513277103145,3131.922,1542.297,2696.25,2608.688,7536.312,10145.0,33.764652265151554,0.06606850271516486,0.08895885074391789,37
B0018,61,1.5800766490336253,79.00383245168126,4.189576283423886,2.475545296633258,3.5074833565874615,-1.829290599843924,37.21755583353321,30.797157400797865,3121.109,1538.109,2683.906,2554.89,7724.563,10279.453,33.75519710318919,0.06606850271516486,0.08895885074391789,36
B0018,62,1.5641732953289167,78.20866476644584,4.189808713646982,2.3791563087604626,3.5023865933440717,-1.8278449003095165,37.56150979821064,30.984434580754094,3105.265,1516.875,2655.015,2507.375,7818.218999999999,10325.594,33.5686793913933,0.06606850271516486,0.08895885074391789,35
B0018,63,1.555618272193922,77.7809136096961,4.188889298039903,2.4776158338943337,3.503693493885047,-1.8188198987741453,37.4174791317661,30.967899275139946,3091.25,1498.391,2627.86,2401.531,8248.703000000001,10650.234,28.044440770982522,0.06606850271516486,0.08895885074391789,34
B0018,64,1.5402045278637397,77.01022639318698,4.188220838257245,2.4205549690097223,3.4989948462048113,-1.817194042260449,37.55101533655474,30.976616345195186,3076.703,1468.578,2600.0,2430.0,7902.937,10332.937,33.212369507074,0.06606850271516486,0.08895885074391789,33
B0018,65,1.5321613015959863,76.60806507979932,4.186454063976498,2.415388497112405,3.495405576723954,-1.8157980815469454,37.59895044072871,30.89768961926806,3062.328,1436.937,2584.812,2406.265,7971.141000000001,10377.406,33.50356450770822,0.06606850271516486,0.08895885074391789,32
B0018,66,1.5316232403693415,76.58116201846707,4.1895672733133145,2.3974205597873093,3.494528300232307,-1.822108117298183,37.489239782169804,30.81568822237933,3050.563,1443.078,2583.063,2371.875,7976.906000000003,10348.781000000003,33.228885984233415,0.06606850271516486,0.08895885074391789,31
B0018,67,1.5222595950771978,76.11297975385989,4.1892977641056035,2.497752653580319,3.4962554827793926,-1.8129628028687814,37.37911114363861,30.726188079151118,3034.672,1410.735,2553.828,2348.641,8048.234,10396.875,33.315055401144605,0.06606850271516486,0.08895885074391789,30
B0018,68,1.5065267126851283,75.32633563425641,4.186793087812023,2.3726090777895896,3.48769646191346,-1.8044876731207795,37.559604168615785,30.76818712651005,3031.25,1390.297,2525.141,2251.437,8545.485,10796.922,28.065079096779943,0.06606850271516486,0.08895885074391789,29
B0018,69,1.5014219556532926,75.07109778266464,4.188594535127793,2.36844257542991,3.486547580844067,-1.809986175960184,37.61805450748922,30.775415173787835,3011.343,1375.031,2515.156,2301.438,8026.718000000001,10328.156,33.345546963646505,0.06606850271516486,0.08895885074391789,28
B0018,70,1.4963534117486457,74.81767058743229,4.186295492358637,2.331968556073514,3.482298183882304,-1.8090400456598725,37.71101994346608,30.761821976538275,3003.0,1352.672,2493.453,2259.922,8225.203,10485.125,33.029814104311995,0.06606850271516486,0.08895885074391789,27
B0018,71,1.5334262000312422,76.6713100015621,4.187384370589753,2.4057755306304176,3.491819481711868,-1.8273691233501441,37.767989299214086,30.913721930762733,3045.187,1427.484,2583.515,2247.391,8018.1720000000005,10265.563,33.03376732958465,0.06606850271516486,0.08895885074391789,26
B0018,72,1.523845267514426,76.1922633757213,4.188929264481706,2.4720838848798987,3.493995853241935,-1.8180385592622932,37.91919394450186,31.228215653165606,3028.469,1418.953,2554.047,2222.047,8165.030999999994,10387.077999999994,33.20818485101739,0.06606850271516486,0.08895885074391789,25
B0018,73,1.5011920994261239,75.05960497130619,4.1852697593324315,2.342731326096539,3.484377015629623,-1.8085351614741645,37.99328509003338,31.261679783387308,3012.937,1374.187,2512.75,2098.453,8580.078000000001,10678.531,27.392765467825583,0.06606850271516486,0.08895885074391789,24
B0018,74,1.492417671450291,74.62088357251456,4.18799771486628,2.4198650452188226,3.4859116793558376,-1.8068041184926535,37.984838024989045,31.18408593575448,2998.875,1355.671,2496.781,2309.297,8073.968999999999,10383.266,33.77922775093614,0.06606850271516486,0.08895885074391789,23
B0018,75,1.483323851940123,74.16619259700616,4.187899339921793,2.438879997223475,3.4842787539766786,-1.8050190987020625,37.8288851383529,31.001432353085377,2983.547,1334.859,2467.531,2260.812,8114.030999999994,10374.842999999993,33.74157842610773,0.06606850271516486,0.08895885074391789,22
B0018,76,1.4807376792294196,74.03688396147098,4.1882916128809375,2.430465824271706,3.482988652120672,-1.8118563821702207,37.844837975501,30.981374033120872,2966.86,1327.016,2462.407,2228.937,8176.766,10405.703,33.60485853099364,0.06606850271516486,0.08895885074391789,21
B0018,77,1.4735077809902477,73.67538904951239,4.187409532380725,2.4907267597860656,3.483799876979844,-1.8021525551783737,37.8984610468502,31.088687926688607,2954.797,1308.547,2435.953,2196.078,8144.437,10340.515,33.54245670906144,0.06606850271516486,0.08895885074391789,20
B0018,78,1.46801928526661,73.40096426333051,4.188656943531829,2.3678328028644775,3.4787540756450497,-1.8092953592546854,38.27784043980244,31.336420133762665,2945.735,1309.188,2437.922,2080.063,8635.171,10715.234,27.907538462518954,0.06606850271516486,0.08895885074391789,19
B0018,79,1.4580923557119019,72.9046177855951,4.188198669984733,2.3532703553328904,3.4752194351784507,-1.8000309691416814,38.24434303919528,31.22599987103565,2941.375,1287.922,2407.547,2151.516,8245.125,10396.641,33.496253713087526,0.06606850271516486,0.08895885074391789,18
B0018,80,1.4478660988891399,72.39330494445699,4.184528192003684,2.362897904778893,3.470739535801023,-1.7981302589297092,38.06956259266949,31.037323488688802,2923.953,1255.219,2389.86,2125.375,8287.25,10412.625,33.40840537983315,0.06606850271516486,0.08895885074391789,17
B0018,81,1.4527808777541982,72.6390438877099,4.1927676322495895,2.420200016704328,3.474600910003521,-1.8058248446047425,37.81744565252647,30.811349225731828,2921.031,1259.187,2397.25,2117.375,8276.125,10393.5,33.89025119073222,0.06606850271516486,0.08895885074391789,16
B0018,82,1.4425356364492432,72.12678182246216,4.187873640279204,2.472605886588914,3.4740521567700093,-1.795955865281378,37.902567770354786,30.932223179746046,2902.75,1237.985,2365.719,2093.125,8308.312,10401.437,33.67181151242727,0.06606850271516486,0.08895885074391789,15
B0018,83,1.4392712877203313,71.96356438601657,4.1880559282136725,2.483165462226557,3.475075728648004,-1.7951057003644757,38.16628336469349,31.215527070380897,2897.875,1240.797,2359.266,1976.594,8833.405999999999,10810.0,27.841937781961864,0.06606850271516486,0.08895885074391789,14
B0018,84,1.4286475681888218,71.43237840944109,4.188063095530185,2.4341986830086237,3.472424307596416,-1.7940097981352856,38.36789486715962,31.400797084337558,2892.094,1231.032,2352.079,2054.687,8373.75,10428.437,33.364263464126466,0.06606850271516486,0.08895885074391789,13
B0018,85,1.4249026750004896,71.24513375002448,4.185913481526783,2.497859027600416,3.471751102262539,-1.7841592631620102,38.19823604401131,31.259213269721236,2886.921,1209.109,2332.906,2030.094,8389.0,10419.094,33.28018802891137,0.06606850271516486,0.08895885074391789,12
B0018,86,1.4698115324524124,73.49057662262062,4.187259539606346,2.3747408457948316,3.4745407296058963,-1.8136320536623207,38.099982807571635,31.134701292957466,2942.531,1298.422,2437.437,2023.25,8329.703,10352.953,33.54622835649592,0.06606850271516486,0.08895885074391789,11
B0018,87,1.4525819651050202,72.62909825525101,4.187670932765983,2.3589340839760866,3.471720060423485,-1.8109604460875317,38.214523782841354,31.246879695988095,2912.469,1264.75,2393.828,2012.985,8283.780999999999,10296.766,33.71876019570778,0.06606850271516486,0.08895885074391789,10
B0018,88,1.442834198908794,72.1417099454397,4.187836103953847,2.4413266342198545,3.471398409828823,-1.800802328247715,37.939696536164234,31.027558674438325,2895.594,1231.032,2362.875,1824.015,8465.422,10289.437,27.32803519924954,0.06606850271516486,0.08895885074391789,9
B0018,89,1.428376058807949,71.41880294039746,4.18719517574786,2.311419659807122,3.4626491088970703,-1.798647877727257,38.06666733482501,30.931917385258963,2884.406,1211.219,2336.235,2123.156,8248.75,10371.906,33.83835108253136,0.06606850271516486,0.08895885074391789,8
B0018,90,1.4154547844370715,70.77273922185357,4.183339938829854,2.4953159238201255,3.466072725920186,-1.7804067367547436,37.63260475617888,30.667082236656018,2873.766,1174.719,2312.719,2075.577999999994,8161.578000000009,10237.156000000003,33.89542839693603,0.06606850271516486,0.08895885074391789,7
B0018,91,1.454576670077708,72.7288335038854,4.192209704853633,2.4398479869382084,3.4730670533412877,-1.8167125180994765,38.18223603956323,31.226789107710772,2893.375,1253.484,2382.062,2026.594,8339.828000000001,10366.422,33.45795823700358,0.06606850271516486,0.08895885074391789,6
B0018,92,1.4283179548274056,71.41589774137029,4.1866224559264715,2.376538319699514,3.4668548162926327,-1.7981268087177564,38.3907466519188,31.387733116648285,2884.9839999999967,1217.0310000000027,2347.452999999994,2000.265,8387.438,10387.703,33.483938310649464,0.06606850271516486,0.08895885074391789,5
B0018,93,1.4197026883204058,70.98513441602029,4.186945959000922,2.3722299202290382,3.46527367520258,-1.7964439222994821,38.51622654624205,31.505666838292886,2870.234,1209.484,2331.094,1793.922,9014.655999999999,10808.578,27.37853814906628,0.06606850271516486,0.08895885074391789,4
B0018,94,1.4155606630306516,70.77803315153258,4.1874400308161395,2.361475505115684,3.4638878223448684,-1.795371462470329,38.56612180540248,31.5462258449116,2864.11,1199.969,2310.938,2047.078,8306.828000000001,10353.906,34.022517442059645,0.06606850271516486,0.08895885074391789,3
B0018,95,1.405680035419228,70.2840017709614,4.1845980039811215,2.317937855025735,3.457807923440064,-1.7937175263130196,38.5606541602861,31.389977882297476,2846.64,1164.015,2291.64,2016.031,8310.235,10326.266,33.85819366593843,0.06606850271516486,0.08895885074391789,2
B0018,96,1.4084461071166137,70.42230535583069,4.186742025132256,2.3372859753156225,3.459813554486507,-1.8014517734888207,38.53842073636507,31.385433749863733,2839.532,1179.375,2296.157,1991.36,8338.437,10329.797,33.96042454054935,0.06606850271516486,0.08895885074391789,1
B0018,97,1.3968547782872414,69.84273891436207,4.1871520936423146,2.3528810264952194,3.458027727779737,-1.7915215753378781,38.548873480234754,31.423707199142058,2832.703,1156.844,2275.359,1967.86,8257.717999999999,10225.578,33.969053050544986,0.06606850271516486,0.08895885074391789,0
B0018,98,1.3935670371440676,69.67835185720338,4.187096292904282,2.4646122144537173,3.4613996718507845,-1.7816941240706174,38.45838357496903,31.435368910968148,2827.077999999994,1147.203,2255.7810000000027,1850.062,8705.109,10555.171,28.14892462736424,0.06606850271516486,0.08895885074391789,0
B0018,99,1.3893644292809475,69.46822146404737,4.187367312766795,2.4684655225527004,3.4611285476693214,-1.7797379985412234,38.54382874673793,31.542375291159843,2821.531,1130.234,2246.187,1943.156,8375.828000000001,10318.984,34.023234828513274,0.06606850271516486,0.08895885074391789,0
B0018,100,1.3785651415666713,68.92825707833356,4.18534593452204,2.4092923539400735,3.455556822823358,-1.7856528650965158,38.650883957434026,31.52669677306915,2805.156,1112.484,2238.25,1917.703,8324.906,10242.609,33.87472098316312,0.06606850271516486,0.08895885074391789,0
B0018,101,1.384901110085747,69.24505550428735,4.186646524222555,2.477625480372779,3.459598362944341,-1.7784070647657095,38.45654834997334,31.435921914290372,2814.906,1118.468,2237.89,1893.313,8254.812,10148.125,33.628019118131256,0.06606850271516486,0.08895885074391789,0
B0018,102,1.3703251814242443,68.51625907121222,4.184730834033599,2.335608852853518,3.4506569891269216,-1.7778412667349817,38.6564130442344,31.475238112886494,2801.156,1105.219,2211.016,1885.781,8447.905999999999,10333.687,33.69818797179976,0.06606850271516486,0.08895885074391789,0
B0018,103,1.3733464385229082,68.6673219261454,4.187175976285891,2.441999086782534,3.455515243082573,-1.7764462760420034,38.655587491253975,31.5817445550721,2794.187,1108.484,2203.281,1772.531,8728.719000000001,10501.25,28.153870845632895,0.06606850271516486,0.08895885074391789,0
B0018,104,1.3679487285504814,68.39743642752407,4.186108406696249,2.4651687831472158,3.455840338587253,-1.7752748972563315,38.6997087046862,31.647958536134297,2785.391,1097.297,2193.391,1864.016,8453.219000000001,10317.235,33.56071799477596,0.06606850271516486,0.08895885074391789,0
B0018,105,1.3567141087089647,67.83570543544823,4.183460397462309,2.370892032033162,3.448678293668265,-1.7742013268724648,38.87481687744787,31.662032275252905,2779.5,1074.156,2185.938,1856.062,8350.797,10206.859,33.73187121626518,0.06606850271516486,0.08895885074391789,0
B0018,106,1.4604310209194575,73.02155104597287,4.187091541628412,2.461879783248223,3.474503178644755,-1.8196650877007408,37.363974526077364,30.434500875864142,2899.234,1269.109,2410.203,1842.188,8331.515,10173.703,33.750738523169446,0.06606850271516486,0.08895885074391789,0
B0018,107,1.4500998937104097,72.50499468552049,4.18736921126964,2.4247066368907255,3.474031881945217,-1.8096836854216038,37.88258787662229,31.017997058077018,2894.922,1260.172,2391.5,1825.766,8252.641000000007,10078.407000000007,33.78172962289607,0.06606850271516486,0.08895885074391789,0
B0018,108,1.4381406901824496,71.90703450912248,4.187597633155394,2.4447222974031386,3.474404210386772,-1.7993287687468955,38.158980736604235,31.39483761465523,2888.25,1250.296,2383.265,1714.844,8938.875,10653.719,26.510166321530292,0.06606850271516486,0.08895885074391789,0
B0018,109,1.4283681980964316,71.41840990482157,4.187608979498198,2.443569395327192,3.471767043833224,-1.7959419603883284,38.05243159675446,31.24511885640641,2873.906,1225.297,2354.188,2115.703,8302.562,10418.265,33.26311506460614,0.06606850271516486,0.08895885074391789,0
B0018,110,1.4147874517552432,70.73937258776216,4.186194120124063,2.4666000274194886,3.4685305272975935,-1.7956017209600372,37.89096376444466,31.05306925187263,2847.406,1190.141,2327.172,2085.75,8009.235000000001,10094.985,33.62887168983149,0.06606850271516486,0.08895885074391789,0
B0018,111,1.413889163393182,70.6944581696591,4.186991375693876,2.4272514813701016,3.4651213646662598,-1.7929541659933774,37.81203585126145,30.88589263299331,2849.281,1177.609,2312.875,2052.406,8057.702999999997,10110.108999999997,33.71904176342745,0.06606850271516486,0.08895885074391789,0
B0018,112,1.3989331662177225,69.94665831088612,4.185443351643291,2.4762628371779,3.4652879859475885,-1.784474211719448,37.9591954678784,31.053992379018933,2833.688,1155.781,2284.219,2018.141,8087.031000000001,10105.172,33.54065773317013,0.06606850271516486,0.08895885074391789,0
B0018,113,1.3953322584033976,69.76661292016988,4.186308413669027,2.3607989727330003,3.461799526154992,-1.793581043096934,38.521043498835155,31.492840068071885,2826.453,1172.109,2289.969,1879.765,8587.0,10466.765,27.797561801513456,0.06606850271516486,0.08895885074391789,0
B0018,114,1.390046129540245,69.50230647701225,4.187179397572641,2.377011586588198,3.463260140320492,-1.7920645354970144,38.878687997701746,31.93832684630049,2818.312,1173.781,2280.437,1966.672,8216.453,10183.125,33.24550252433356,0.06606850271516486,0.08895885074391789,0
B0018,115,1.3860271454209647,69.30135727104823,4.1854460754417,2.4567563196678455,3.462839429201602,-1.7809541104468565,38.65118899876309,31.74562722135923,2812.7189999999973,1136.563,2260.172000000006,1939.547,8083.780999999999,10023.328,33.25183568543322,0.06606850271516486,0.08895885074391789,0
B0018,116,1.388215260193751,69.41076300968754,4.193052368415502,2.3277314025979847,3.4569152237960306,-1.7989851707207014,38.434235278537344,31.31018499405759,2803.5,1138.719,2263.688,1943.532,8030.968,9974.5,33.985445246183865,0.06606850271516486,0.08895885074391789,0
B0018,117,1.3761826562394497,68.80913281197249,4.186241953638429,2.4537913827403948,3.4574690175816127,-1.7873231599598716,38.103875724329995,31.127360345471814,2783.25,1115.234,2228.375,1936.563,8126.405999999999,10062.969,34.35620577687582,0.06606850271516486,0.08895885074391789,0
B0018,118,1.3647168898640165,68.23584449320083,4.186011006323472,2.3475608877759067,3.4502191781217797,-1.7861666392556754,38.12742842632319,30.985550813719595,2776.391,1090.813,2207.157,1803.687,9005.766,10809.453,28.353524179601084,0.06606850271516486,0.08895885074391789,0
B0018,119,1.3589854739373584,67.94927369686792,4.18675624032869,2.3558347560196564,3.4486728051793962,-1.7849995504167615,38.03962943213698,30.899653280757406,2766.516,1078.86,2196.781,1896.485,8605.030999999999,10501.516,33.9430389450899,0.06606850271516486,0.08895885074391789,0
B0018,120,1.3462308764008801,67.31154382004401,4.1831553230638425,2.3791102362944754,3.444632719716698,-1.778331020505836,37.85657903247749,30.706123644966482,2751.516,1050.844,2167.985,1856.094,8607.687000000002,10463.781,33.446010491152634,0.06606850271516486,0.08895885074391789,0
B0018,121,1.4268427818454643,71.34213909227321,4.191989955143364,2.444740635238248,3.467272639213176,-1.809775952165901,37.43017193410286,30.47122187456595,2848.859,1205.265,2343.078,1839.547,8500.780999999999,10340.328,33.41426580080105,0.06606850271516486,0.08895885074391789,0
B0018,122,1.4064481483279663,70.32240741639832,4.185628679672912,2.431867772331712,3.464490491162134,-1.7896694300229208,37.8264149292754,30.939221783021114,2840.016,1180.406,2306.359,1819.985,8256.14,10076.125,33.3135615953415,0.06606850271516486,0.08895885074391789,0
B0018,123,1.3934907492075153,69.67453746037576,4.186834478731371,2.344037291947413,3.459667012281024,-1.7970097248124899,38.08307173716899,31.111640631561894,2817.375,1156.031,2283.594,1645.985,9169.39,10815.375,26.55517783008312,0.06606850271516486,0.08895885074391789,0
B0018,124,1.3882493512249316,69.41246756124659,4.186613091061155,2.456436863057259,3.462241956955771,-1.7861513769566684,37.88279649093536,31.037910219908994,2809.234,1145.0,2273.891,2006.86,8249.062,10255.922,33.17368480164245,0.06606850271516486,0.08895885074391789,0
B0018,125,1.3701878338420928,68.50939169210464,4.183907160253637,2.395547668334432,3.4555661695067355,-1.784162084841115,37.96027066990377,30.967950840538833,2791.187,1121.312,2240.484,1978.656,8194.921999999999,10173.578,33.247864854486515,0.06606850271516486,0.08895885074391789,0
B0018,126,1.3796951665608619,68.9847583280431,4.18533882899107,2.4536749172979215,3.458696199585801,-1.7845257009241222,37.880513353762176,30.93996203578424,2794.016,1122.344,2243.032,1955.312,8061.438,10016.75,33.59328233807114,0.06606850271516486,0.08895885074391789,0
B0018,127,1.3686586323935683,68.43293161967841,4.185280284017658,2.3062728144586413,3.4525282614097663,-1.7920667435100546,38.43416278222213,31.295019295352862,2774.719,1111.781,2236.344,1918.219,8132.047,10050.266,33.26455936648607,0.06606850271516486,0.08895885074391789,0
B0018,128,1.3627371779096438,68.13685889548219,4.186281579801858,2.3471092023857154,3.4552290080443044,-1.782779873271704,38.847489737859576,31.81846533166901,2777.844,1113.844,2225.078,1788.375,8844.907,10633.282,27.68427144564605,0.06606850271516486,0.08895885074391789,0
B0018,129,1.3634051133928073,68.17025566964037,4.185356132672309,2.4884289104730986,3.4619744219744675,-1.7725212915953121,38.80283421497622,32.00067162597675,2781.125,1113.969,2226.531,1880.922,8216.921999999999,10097.844,33.198514086152535,0.06606850271516486,0.08895885074391789,0
B0018,130,1.3518646035305233,67.59323017652616,4.181406543107895,2.3992178234155577,3.452221905520614,-1.769870119236631,38.72699121838442,31.73992229230571,2760.906,1076.281,2191.625,1879.61,8203.405999999999,10083.016,33.8725684510221,0.06606850271516486,0.08895885074391789,0
B0018,131,1.3547969729652622,67.7398486482631,4.185252405343103,2.2786338886500292,3.447650049442191,-1.7884847819526568,38.67191958148309,31.52613649688221,2753.25,1079.141,2196.875,1881.266,8209.547,10090.813,34.158880896905515,0.06606850271516486,0.08895885074391789,0
B0018,132,1.341051440640485,67.05257203202424,4.185763363191996,2.3655846763383734,3.447928507599004,-1.77774044867741,38.371813640118894,31.27624493654335,2742.843,1066.187,2171.125,1852.609,8077.655999999999,9930.265,33.94236999274477,0.06606850271516486,0.08895885074391789,0
